20-Apr-2026 15:19:07.265 INFOS [main] org.apache.catalina.startup.VersionLoggerListener.log Nom version serveur :              Apache Tomcat/10.1.31
20-Apr-2026 15:19:07.270 INFOS [main] org.apache.catalina.startup.VersionLoggerListener.log Serveur compilé :                  Oct 3 2024 19:02:38 UTC
20-Apr-2026 15:19:07.271 INFOS [main] org.apache.catalina.startup.VersionLoggerListener.log Version du serveur :               10.1.31.0
20-Apr-2026 15:19:07.271 INFOS [main] org.apache.catalina.startup.VersionLoggerListener.log Nom de l'OS :                      Windows 11
20-Apr-2026 15:19:07.271 INFOS [main] org.apache.catalina.startup.VersionLoggerListener.log Version OS :                       10.0
20-Apr-2026 15:19:07.271 INFOS [main] org.apache.catalina.startup.VersionLoggerListener.log Architecture :                     amd64
20-Apr-2026 15:19:07.271 INFOS [main] org.apache.catalina.startup.VersionLoggerListener.log Java Home :                        C:\Program Files\Eclipse Adoptium\jdk-21.0.10.7-hotspot
20-Apr-2026 15:19:07.271 INFOS [main] org.apache.catalina.startup.VersionLoggerListener.log Version JVM :                      21.0.10+7-LTS
20-Apr-2026 15:19:07.271 INFOS [main] org.apache.catalina.startup.VersionLoggerListener.log Fournisseur de la JVM :            Eclipse Adoptium
20-Apr-2026 15:19:07.271 INFOS [main] org.apache.catalina.startup.VersionLoggerListener.log CATALINA_BASE :                    C:\Users\Ahmed Aziz\.gemini\antigravity\scratch\covoiturage\.tools\apache-tomcat-10.1.31
20-Apr-2026 15:19:07.272 INFOS [main] org.apache.catalina.startup.VersionLoggerListener.log CATALINA_HOME :                    C:\Users\Ahmed Aziz\.gemini\antigravity\scratch\covoiturage\.tools\apache-tomcat-10.1.31
20-Apr-2026 15:19:07.288 INFOS [main] org.apache.catalina.startup.VersionLoggerListener.log Argument de la ligne de commande : -Djava.util.logging.config.file=C:\Users\Ahmed Aziz\.gemini\antigravity\scratch\covoiturage\.tools\apache-tomcat-10.1.31\conf\logging.properties
20-Apr-2026 15:19:07.289 INFOS [main] org.apache.catalina.startup.VersionLoggerListener.log Argument de la ligne de commande : -Djava.util.logging.manager=org.apache.juli.ClassLoaderLogManager
20-Apr-2026 15:19:07.289 INFOS [main] org.apache.catalina.startup.VersionLoggerListener.log Argument de la ligne de commande : -Djdk.tls.ephemeralDHKeySize=2048
20-Apr-2026 15:19:07.290 INFOS [main] org.apache.catalina.startup.VersionLoggerListener.log Argument de la ligne de commande : -Djava.protocol.handler.pkgs=org.apache.catalina.webresources
20-Apr-2026 15:19:07.290 INFOS [main] org.apache.catalina.startup.VersionLoggerListener.log Argument de la ligne de commande : --add-opens=java.base/java.lang=ALL-UNNAMED
20-Apr-2026 15:19:07.290 INFOS [main] org.apache.catalina.startup.VersionLoggerListener.log Argument de la ligne de commande : --add-opens=java.base/java.io=ALL-UNNAMED
20-Apr-2026 15:19:07.290 INFOS [main] org.apache.catalina.startup.VersionLoggerListener.log Argument de la ligne de commande : --add-opens=java.base/java.util=ALL-UNNAMED
20-Apr-2026 15:19:07.290 INFOS [main] org.apache.catalina.startup.VersionLoggerListener.log Argument de la ligne de commande : --add-opens=java.base/java.util.concurrent=ALL-UNNAMED
20-Apr-2026 15:19:07.290 INFOS [main] org.apache.catalina.startup.VersionLoggerListener.log Argument de la ligne de commande : --add-opens=java.rmi/sun.rmi.transport=ALL-UNNAMED
20-Apr-2026 15:19:07.291 INFOS [main] org.apache.catalina.startup.VersionLoggerListener.log Argument de la ligne de commande : -Dcatalina.base=C:\Users\Ahmed Aziz\.gemini\antigravity\scratch\covoiturage\.tools\apache-tomcat-10.1.31
20-Apr-2026 15:19:07.292 INFOS [main] org.apache.catalina.startup.VersionLoggerListener.log Argument de la ligne de commande : -Dcatalina.home=C:\Users\Ahmed Aziz\.gemini\antigravity\scratch\covoiturage\.tools\apache-tomcat-10.1.31
20-Apr-2026 15:19:07.292 INFOS [main] org.apache.catalina.startup.VersionLoggerListener.log Argument de la ligne de commande : -Djava.io.tmpdir=C:\Users\Ahmed Aziz\.gemini\antigravity\scratch\covoiturage\.tools\apache-tomcat-10.1.31\temp
20-Apr-2026 15:19:07.295 INFOS [main] org.apache.catalina.core.AprLifecycleListener.lifecycleEvent Chargement de la librairie Apache Tomcat Native [2.0.8] en utilisant APR version [1.7.4]
20-Apr-2026 15:19:07.302 INFOS [main] org.apache.catalina.core.AprLifecycleListener.initializeSSL OpenSSL a été initialisé avec succès [OpenSSL 3.0.14 4 Jun 2024]
20-Apr-2026 15:19:07.543 INFOS [main] org.apache.coyote.AbstractProtocol.init Initialisation du gestionnaire de protocole ["http-nio-8080"]
20-Apr-2026 15:19:07.570 INFOS [main] org.apache.catalina.startup.Catalina.load L'initialisation du serveur a pris [488] millisecondes
20-Apr-2026 15:19:07.636 INFOS [main] org.apache.catalina.core.StandardService.startInternal Démarrage du service [Catalina]
20-Apr-2026 15:19:07.637 INFOS [main] org.apache.catalina.core.StandardEngine.startInternal Démarrage du moteur de Servlets : [Apache Tomcat/10.1.31]
20-Apr-2026 15:19:07.656 INFOS [main] org.apache.catalina.startup.HostConfig.deployWAR Déploiement de l'archive [C:\Users\Ahmed Aziz\.gemini\antigravity\scratch\covoiturage\.tools\apache-tomcat-10.1.31\webapps\ROOT.war] de l'application web
20-Apr-2026 15:19:08.613 INFOS [main] org.apache.catalina.startup.HostConfig.deployWAR Le déploiement de l'archive de l'application web [C:\Users\Ahmed Aziz\.gemini\antigravity\scratch\covoiturage\.tools\apache-tomcat-10.1.31\webapps\ROOT.war] s'est terminé en [954] ms
20-Apr-2026 15:19:08.614 INFOS [main] org.apache.catalina.startup.HostConfig.deployDirectory Déploiement du répertoire d'application web [C:\Users\Ahmed Aziz\.gemini\antigravity\scratch\covoiturage\.tools\apache-tomcat-10.1.31\webapps\docs]
20-Apr-2026 15:19:08.659 INFOS [main] org.apache.catalina.startup.HostConfig.deployDirectory Le déploiement du répertoire [C:\Users\Ahmed Aziz\.gemini\antigravity\scratch\covoiturage\.tools\apache-tomcat-10.1.31\webapps\docs] de l'application web s'est terminé en [45] ms
20-Apr-2026 15:19:08.660 INFOS [main] org.apache.catalina.startup.HostConfig.deployDirectory Déploiement du répertoire d'application web [C:\Users\Ahmed Aziz\.gemini\antigravity\scratch\covoiturage\.tools\apache-tomcat-10.1.31\webapps\examples]
20-Apr-2026 15:19:09.007 INFOS [main] org.apache.catalina.startup.HostConfig.deployDirectory Le déploiement du répertoire [C:\Users\Ahmed Aziz\.gemini\antigravity\scratch\covoiturage\.tools\apache-tomcat-10.1.31\webapps\examples] de l'application web s'est terminé en [348] ms
20-Apr-2026 15:19:09.009 INFOS [main] org.apache.catalina.startup.HostConfig.deployDirectory Déploiement du répertoire d'application web [C:\Users\Ahmed Aziz\.gemini\antigravity\scratch\covoiturage\.tools\apache-tomcat-10.1.31\webapps\host-manager]
20-Apr-2026 15:19:09.044 INFOS [main] org.apache.catalina.startup.HostConfig.deployDirectory Le déploiement du répertoire [C:\Users\Ahmed Aziz\.gemini\antigravity\scratch\covoiturage\.tools\apache-tomcat-10.1.31\webapps\host-manager] de l'application web s'est terminé en [35] ms
20-Apr-2026 15:19:09.044 INFOS [main] org.apache.catalina.startup.HostConfig.deployDirectory Déploiement du répertoire d'application web [C:\Users\Ahmed Aziz\.gemini\antigravity\scratch\covoiturage\.tools\apache-tomcat-10.1.31\webapps\manager]
20-Apr-2026 15:19:09.079 INFOS [main] org.apache.catalina.startup.HostConfig.deployDirectory Le déploiement du répertoire [C:\Users\Ahmed Aziz\.gemini\antigravity\scratch\covoiturage\.tools\apache-tomcat-10.1.31\webapps\manager] de l'application web s'est terminé en [35] ms
20-Apr-2026 15:19:09.086 INFOS [main] org.apache.coyote.AbstractProtocol.start Démarrage du gestionnaire de protocole ["http-nio-8080"]
20-Apr-2026 15:19:09.114 INFOS [main] org.apache.catalina.startup.Catalina.start Le démarrage du serveur a pris [1542] millisecondes
20-Apr-2026 15:25:54.681 INFOS [main] org.apache.catalina.startup.VersionLoggerListener.log Nom version serveur :              Apache Tomcat/10.1.31
20-Apr-2026 15:25:54.684 INFOS [main] org.apache.catalina.startup.VersionLoggerListener.log Serveur compilé :                  Oct 3 2024 19:02:38 UTC
20-Apr-2026 15:25:54.685 INFOS [main] org.apache.catalina.startup.VersionLoggerListener.log Version du serveur :               10.1.31.0
20-Apr-2026 15:25:54.685 INFOS [main] org.apache.catalina.startup.VersionLoggerListener.log Nom de l'OS :                      Windows 11
20-Apr-2026 15:25:54.685 INFOS [main] org.apache.catalina.startup.VersionLoggerListener.log Version OS :                       10.0
20-Apr-2026 15:25:54.685 INFOS [main] org.apache.catalina.startup.VersionLoggerListener.log Architecture :                     amd64
20-Apr-2026 15:25:54.685 INFOS [main] org.apache.catalina.startup.VersionLoggerListener.log Java Home :                        C:\Program Files\Eclipse Adoptium\jdk-21.0.10.7-hotspot
20-Apr-2026 15:25:54.686 INFOS [main] org.apache.catalina.startup.VersionLoggerListener.log Version JVM :                      21.0.10+7-LTS
20-Apr-2026 15:25:54.686 INFOS [main] org.apache.catalina.startup.VersionLoggerListener.log Fournisseur de la JVM :            Eclipse Adoptium
20-Apr-2026 15:25:54.686 INFOS [main] org.apache.catalina.startup.VersionLoggerListener.log CATALINA_BASE :                    C:\Users\Ahmed Aziz\.gemini\antigravity\scratch\covoiturage\.tools\apache-tomcat-10.1.31
20-Apr-2026 15:25:54.686 INFOS [main] org.apache.catalina.startup.VersionLoggerListener.log CATALINA_HOME :                    C:\Users\Ahmed Aziz\.gemini\antigravity\scratch\covoiturage\.tools\apache-tomcat-10.1.31
20-Apr-2026 15:25:54.694 INFOS [main] org.apache.catalina.startup.VersionLoggerListener.log Argument de la ligne de commande : -Djava.util.logging.config.file=C:\Users\Ahmed Aziz\.gemini\antigravity\scratch\covoiturage\.tools\apache-tomcat-10.1.31\conf\logging.properties
20-Apr-2026 15:25:54.694 INFOS [main] org.apache.catalina.startup.VersionLoggerListener.log Argument de la ligne de commande : -Djava.util.logging.manager=org.apache.juli.ClassLoaderLogManager
20-Apr-2026 15:25:54.694 INFOS [main] org.apache.catalina.startup.VersionLoggerListener.log Argument de la ligne de commande : -Djdk.tls.ephemeralDHKeySize=2048
20-Apr-2026 15:25:54.695 INFOS [main] org.apache.catalina.startup.VersionLoggerListener.log Argument de la ligne de commande : -Djava.protocol.handler.pkgs=org.apache.catalina.webresources
20-Apr-2026 15:25:54.695 INFOS [main] org.apache.catalina.startup.VersionLoggerListener.log Argument de la ligne de commande : --add-opens=java.base/java.lang=ALL-UNNAMED
20-Apr-2026 15:25:54.695 INFOS [main] org.apache.catalina.startup.VersionLoggerListener.log Argument de la ligne de commande : --add-opens=java.base/java.io=ALL-UNNAMED
20-Apr-2026 15:25:54.695 INFOS [main] org.apache.catalina.startup.VersionLoggerListener.log Argument de la ligne de commande : --add-opens=java.base/java.util=ALL-UNNAMED
20-Apr-2026 15:25:54.695 INFOS [main] org.apache.catalina.startup.VersionLoggerListener.log Argument de la ligne de commande : --add-opens=java.base/java.util.concurrent=ALL-UNNAMED
20-Apr-2026 15:25:54.695 INFOS [main] org.apache.catalina.startup.VersionLoggerListener.log Argument de la ligne de commande : --add-opens=java.rmi/sun.rmi.transport=ALL-UNNAMED
20-Apr-2026 15:25:54.696 INFOS [main] org.apache.catalina.startup.VersionLoggerListener.log Argument de la ligne de commande : -Dcatalina.base=C:\Users\Ahmed Aziz\.gemini\antigravity\scratch\covoiturage\.tools\apache-tomcat-10.1.31
20-Apr-2026 15:25:54.696 INFOS [main] org.apache.catalina.startup.VersionLoggerListener.log Argument de la ligne de commande : -Dcatalina.home=C:\Users\Ahmed Aziz\.gemini\antigravity\scratch\covoiturage\.tools\apache-tomcat-10.1.31
20-Apr-2026 15:25:54.696 INFOS [main] org.apache.catalina.startup.VersionLoggerListener.log Argument de la ligne de commande : -Djava.io.tmpdir=C:\Users\Ahmed Aziz\.gemini\antigravity\scratch\covoiturage\.tools\apache-tomcat-10.1.31\temp
20-Apr-2026 15:25:54.698 INFOS [main] org.apache.catalina.core.AprLifecycleListener.lifecycleEvent Chargement de la librairie Apache Tomcat Native [2.0.8] en utilisant APR version [1.7.4]
20-Apr-2026 15:25:54.703 INFOS [main] org.apache.catalina.core.AprLifecycleListener.initializeSSL OpenSSL a été initialisé avec succès [OpenSSL 3.0.14 4 Jun 2024]
20-Apr-2026 15:25:54.905 INFOS [main] org.apache.coyote.AbstractProtocol.init Initialisation du gestionnaire de protocole ["http-nio-8080"]
20-Apr-2026 15:25:54.931 INFOS [main] org.apache.catalina.startup.Catalina.load L'initialisation du serveur a pris [399] millisecondes
20-Apr-2026 15:25:54.998 INFOS [main] org.apache.catalina.core.StandardService.startInternal Démarrage du service [Catalina]
20-Apr-2026 15:25:54.998 INFOS [main] org.apache.catalina.core.StandardEngine.startInternal Démarrage du moteur de Servlets : [Apache Tomcat/10.1.31]
20-Apr-2026 15:25:55.020 INFOS [main] org.apache.catalina.startup.HostConfig.deployWAR Déploiement de l'archive [C:\Users\Ahmed Aziz\.gemini\antigravity\scratch\covoiturage\.tools\apache-tomcat-10.1.31\webapps\ROOT.war] de l'application web
20-Apr-2026 15:25:55.901 INFOS [main] org.apache.catalina.startup.HostConfig.deployWAR Le déploiement de l'archive de l'application web [C:\Users\Ahmed Aziz\.gemini\antigravity\scratch\covoiturage\.tools\apache-tomcat-10.1.31\webapps\ROOT.war] s'est terminé en [878] ms
20-Apr-2026 15:25:55.902 INFOS [main] org.apache.catalina.startup.HostConfig.deployDirectory Déploiement du répertoire d'application web [C:\Users\Ahmed Aziz\.gemini\antigravity\scratch\covoiturage\.tools\apache-tomcat-10.1.31\webapps\docs]
20-Apr-2026 15:25:55.946 INFOS [main] org.apache.catalina.startup.HostConfig.deployDirectory Le déploiement du répertoire [C:\Users\Ahmed Aziz\.gemini\antigravity\scratch\covoiturage\.tools\apache-tomcat-10.1.31\webapps\docs] de l'application web s'est terminé en [44] ms
20-Apr-2026 15:25:55.947 INFOS [main] org.apache.catalina.startup.HostConfig.deployDirectory Déploiement du répertoire d'application web [C:\Users\Ahmed Aziz\.gemini\antigravity\scratch\covoiturage\.tools\apache-tomcat-10.1.31\webapps\examples]
20-Apr-2026 15:25:56.271 INFOS [main] org.apache.catalina.startup.HostConfig.deployDirectory Le déploiement du répertoire [C:\Users\Ahmed Aziz\.gemini\antigravity\scratch\covoiturage\.tools\apache-tomcat-10.1.31\webapps\examples] de l'application web s'est terminé en [324] ms
20-Apr-2026 15:25:56.271 INFOS [main] org.apache.catalina.startup.HostConfig.deployDirectory Déploiement du répertoire d'application web [C:\Users\Ahmed Aziz\.gemini\antigravity\scratch\covoiturage\.tools\apache-tomcat-10.1.31\webapps\host-manager]
20-Apr-2026 15:25:56.320 INFOS [main] org.apache.catalina.startup.HostConfig.deployDirectory Le déploiement du répertoire [C:\Users\Ahmed Aziz\.gemini\antigravity\scratch\covoiturage\.tools\apache-tomcat-10.1.31\webapps\host-manager] de l'application web s'est terminé en [48] ms
20-Apr-2026 15:25:56.320 INFOS [main] org.apache.catalina.startup.HostConfig.deployDirectory Déploiement du répertoire d'application web [C:\Users\Ahmed Aziz\.gemini\antigravity\scratch\covoiturage\.tools\apache-tomcat-10.1.31\webapps\manager]
20-Apr-2026 15:25:56.362 INFOS [main] org.apache.catalina.startup.HostConfig.deployDirectory Le déploiement du répertoire [C:\Users\Ahmed Aziz\.gemini\antigravity\scratch\covoiturage\.tools\apache-tomcat-10.1.31\webapps\manager] de l'application web s'est terminé en [41] ms
20-Apr-2026 15:25:56.369 INFOS [main] org.apache.coyote.AbstractProtocol.start Démarrage du gestionnaire de protocole ["http-nio-8080"]
20-Apr-2026 15:25:56.395 INFOS [main] org.apache.catalina.startup.Catalina.start Le démarrage du serveur a pris [1463] millisecondes
20-Apr-2026 15:37:41.584 INFOS [main] org.apache.catalina.startup.VersionLoggerListener.log Nom version serveur :              Apache Tomcat/10.1.31
20-Apr-2026 15:37:41.589 INFOS [main] org.apache.catalina.startup.VersionLoggerListener.log Serveur compilé :                  Oct 3 2024 19:02:38 UTC
20-Apr-2026 15:37:41.589 INFOS [main] org.apache.catalina.startup.VersionLoggerListener.log Version du serveur :               10.1.31.0
20-Apr-2026 15:37:41.590 INFOS [main] org.apache.catalina.startup.VersionLoggerListener.log Nom de l'OS :                      Windows 11
20-Apr-2026 15:37:41.590 INFOS [main] org.apache.catalina.startup.VersionLoggerListener.log Version OS :                       10.0
20-Apr-2026 15:37:41.590 INFOS [main] org.apache.catalina.startup.VersionLoggerListener.log Architecture :                     amd64
20-Apr-2026 15:37:41.590 INFOS [main] org.apache.catalina.startup.VersionLoggerListener.log Java Home :                        C:\Program Files\Eclipse Adoptium\jdk-21.0.10.7-hotspot
20-Apr-2026 15:37:41.591 INFOS [main] org.apache.catalina.startup.VersionLoggerListener.log Version JVM :                      21.0.10+7-LTS
20-Apr-2026 15:37:41.591 INFOS [main] org.apache.catalina.startup.VersionLoggerListener.log Fournisseur de la JVM :            Eclipse Adoptium
20-Apr-2026 15:37:41.591 INFOS [main] org.apache.catalina.startup.VersionLoggerListener.log CATALINA_BASE :                    C:\Users\Ahmed Aziz\.gemini\antigravity\scratch\covoiturage\.tools\apache-tomcat-10.1.31
20-Apr-2026 15:37:41.591 INFOS [main] org.apache.catalina.startup.VersionLoggerListener.log CATALINA_HOME :                    C:\Users\Ahmed Aziz\.gemini\antigravity\scratch\covoiturage\.tools\apache-tomcat-10.1.31
20-Apr-2026 15:37:41.599 INFOS [main] org.apache.catalina.startup.VersionLoggerListener.log Argument de la ligne de commande : -Djava.util.logging.config.file=C:\Users\Ahmed Aziz\.gemini\antigravity\scratch\covoiturage\.tools\apache-tomcat-10.1.31\conf\logging.properties
20-Apr-2026 15:37:41.600 INFOS [main] org.apache.catalina.startup.VersionLoggerListener.log Argument de la ligne de commande : -Djava.util.logging.manager=org.apache.juli.ClassLoaderLogManager
20-Apr-2026 15:37:41.600 INFOS [main] org.apache.catalina.startup.VersionLoggerListener.log Argument de la ligne de commande : -Djdk.tls.ephemeralDHKeySize=2048
20-Apr-2026 15:37:41.601 INFOS [main] org.apache.catalina.startup.VersionLoggerListener.log Argument de la ligne de commande : -Djava.protocol.handler.pkgs=org.apache.catalina.webresources
20-Apr-2026 15:37:41.601 INFOS [main] org.apache.catalina.startup.VersionLoggerListener.log Argument de la ligne de commande : --add-opens=java.base/java.lang=ALL-UNNAMED
20-Apr-2026 15:37:41.601 INFOS [main] org.apache.catalina.startup.VersionLoggerListener.log Argument de la ligne de commande : --add-opens=java.base/java.io=ALL-UNNAMED
20-Apr-2026 15:37:41.601 INFOS [main] org.apache.catalina.startup.VersionLoggerListener.log Argument de la ligne de commande : --add-opens=java.base/java.util=ALL-UNNAMED
20-Apr-2026 15:37:41.601 INFOS [main] org.apache.catalina.startup.VersionLoggerListener.log Argument de la ligne de commande : --add-opens=java.base/java.util.concurrent=ALL-UNNAMED
20-Apr-2026 15:37:41.602 INFOS [main] org.apache.catalina.startup.VersionLoggerListener.log Argument de la ligne de commande : --add-opens=java.rmi/sun.rmi.transport=ALL-UNNAMED
20-Apr-2026 15:37:41.602 INFOS [main] org.apache.catalina.startup.VersionLoggerListener.log Argument de la ligne de commande : -Dcatalina.base=C:\Users\Ahmed Aziz\.gemini\antigravity\scratch\covoiturage\.tools\apache-tomcat-10.1.31
20-Apr-2026 15:37:41.602 INFOS [main] org.apache.catalina.startup.VersionLoggerListener.log Argument de la ligne de commande : -Dcatalina.home=C:\Users\Ahmed Aziz\.gemini\antigravity\scratch\covoiturage\.tools\apache-tomcat-10.1.31
20-Apr-2026 15:37:41.602 INFOS [main] org.apache.catalina.startup.VersionLoggerListener.log Argument de la ligne de commande : -Djava.io.tmpdir=C:\Users\Ahmed Aziz\.gemini\antigravity\scratch\covoiturage\.tools\apache-tomcat-10.1.31\temp
20-Apr-2026 15:37:41.605 INFOS [main] org.apache.catalina.core.AprLifecycleListener.lifecycleEvent Chargement de la librairie Apache Tomcat Native [2.0.8] en utilisant APR version [1.7.4]
20-Apr-2026 15:37:41.609 INFOS [main] org.apache.catalina.core.AprLifecycleListener.initializeSSL OpenSSL a été initialisé avec succès [OpenSSL 3.0.14 4 Jun 2024]
20-Apr-2026 15:37:41.818 INFOS [main] org.apache.coyote.AbstractProtocol.init Initialisation du gestionnaire de protocole ["http-nio-8080"]
20-Apr-2026 15:37:41.843 INFOS [main] org.apache.catalina.startup.Catalina.load L'initialisation du serveur a pris [407] millisecondes
20-Apr-2026 15:37:41.905 INFOS [main] org.apache.catalina.core.StandardService.startInternal Démarrage du service [Catalina]
20-Apr-2026 15:37:41.905 INFOS [main] org.apache.catalina.core.StandardEngine.startInternal Démarrage du moteur de Servlets : [Apache Tomcat/10.1.31]
20-Apr-2026 15:37:41.923 INFOS [main] org.apache.catalina.startup.HostConfig.deployWAR Déploiement de l'archive [C:\Users\Ahmed Aziz\.gemini\antigravity\scratch\covoiturage\.tools\apache-tomcat-10.1.31\webapps\ROOT.war] de l'application web
20-Apr-2026 15:37:42.832 INFOS [main] org.apache.catalina.startup.HostConfig.deployWAR Le déploiement de l'archive de l'application web [C:\Users\Ahmed Aziz\.gemini\antigravity\scratch\covoiturage\.tools\apache-tomcat-10.1.31\webapps\ROOT.war] s'est terminé en [907] ms
20-Apr-2026 15:37:42.833 INFOS [main] org.apache.catalina.startup.HostConfig.deployDirectory Déploiement du répertoire d'application web [C:\Users\Ahmed Aziz\.gemini\antigravity\scratch\covoiturage\.tools\apache-tomcat-10.1.31\webapps\docs]
20-Apr-2026 15:37:42.877 INFOS [main] org.apache.catalina.startup.HostConfig.deployDirectory Le déploiement du répertoire [C:\Users\Ahmed Aziz\.gemini\antigravity\scratch\covoiturage\.tools\apache-tomcat-10.1.31\webapps\docs] de l'application web s'est terminé en [43] ms
20-Apr-2026 15:37:42.878 INFOS [main] org.apache.catalina.startup.HostConfig.deployDirectory Déploiement du répertoire d'application web [C:\Users\Ahmed Aziz\.gemini\antigravity\scratch\covoiturage\.tools\apache-tomcat-10.1.31\webapps\examples]
20-Apr-2026 15:37:43.240 INFOS [main] org.apache.catalina.startup.HostConfig.deployDirectory Le déploiement du répertoire [C:\Users\Ahmed Aziz\.gemini\antigravity\scratch\covoiturage\.tools\apache-tomcat-10.1.31\webapps\examples] de l'application web s'est terminé en [363] ms
20-Apr-2026 15:37:43.240 INFOS [main] org.apache.catalina.startup.HostConfig.deployDirectory Déploiement du répertoire d'application web [C:\Users\Ahmed Aziz\.gemini\antigravity\scratch\covoiturage\.tools\apache-tomcat-10.1.31\webapps\host-manager]
20-Apr-2026 15:37:43.282 INFOS [main] org.apache.catalina.startup.HostConfig.deployDirectory Le déploiement du répertoire [C:\Users\Ahmed Aziz\.gemini\antigravity\scratch\covoiturage\.tools\apache-tomcat-10.1.31\webapps\host-manager] de l'application web s'est terminé en [41] ms
20-Apr-2026 15:37:43.282 INFOS [main] org.apache.catalina.startup.HostConfig.deployDirectory Déploiement du répertoire d'application web [C:\Users\Ahmed Aziz\.gemini\antigravity\scratch\covoiturage\.tools\apache-tomcat-10.1.31\webapps\manager]
20-Apr-2026 15:37:43.320 INFOS [main] org.apache.catalina.startup.HostConfig.deployDirectory Le déploiement du répertoire [C:\Users\Ahmed Aziz\.gemini\antigravity\scratch\covoiturage\.tools\apache-tomcat-10.1.31\webapps\manager] de l'application web s'est terminé en [38] ms
20-Apr-2026 15:37:43.325 INFOS [main] org.apache.coyote.AbstractProtocol.start Démarrage du gestionnaire de protocole ["http-nio-8080"]
20-Apr-2026 15:37:43.350 INFOS [main] org.apache.catalina.startup.Catalina.start Le démarrage du serveur a pris [1506] millisecondes
20-Apr-2026 16:07:26.430 INFOS [main] org.apache.catalina.startup.VersionLoggerListener.log Nom version serveur :              Apache Tomcat/10.1.31
20-Apr-2026 16:07:26.434 INFOS [main] org.apache.catalina.startup.VersionLoggerListener.log Serveur compilé :                  Oct 3 2024 19:02:38 UTC
20-Apr-2026 16:07:26.434 INFOS [main] org.apache.catalina.startup.VersionLoggerListener.log Version du serveur :               10.1.31.0
20-Apr-2026 16:07:26.434 INFOS [main] org.apache.catalina.startup.VersionLoggerListener.log Nom de l'OS :                      Windows 11
20-Apr-2026 16:07:26.434 INFOS [main] org.apache.catalina.startup.VersionLoggerListener.log Version OS :                       10.0
20-Apr-2026 16:07:26.434 INFOS [main] org.apache.catalina.startup.VersionLoggerListener.log Architecture :                     amd64
20-Apr-2026 16:07:26.434 INFOS [main] org.apache.catalina.startup.VersionLoggerListener.log Java Home :                        C:\Program Files\Eclipse Adoptium\jdk-21.0.10.7-hotspot
20-Apr-2026 16:07:26.434 INFOS [main] org.apache.catalina.startup.VersionLoggerListener.log Version JVM :                      21.0.10+7-LTS
20-Apr-2026 16:07:26.434 INFOS [main] org.apache.catalina.startup.VersionLoggerListener.log Fournisseur de la JVM :            Eclipse Adoptium
20-Apr-2026 16:07:26.434 INFOS [main] org.apache.catalina.startup.VersionLoggerListener.log CATALINA_BASE :                    C:\Users\Ahmed Aziz\.gemini\antigravity\scratch\covoiturage\.tools\apache-tomcat-10.1.31
20-Apr-2026 16:07:26.434 INFOS [main] org.apache.catalina.startup.VersionLoggerListener.log CATALINA_HOME :                    C:\Users\Ahmed Aziz\.gemini\antigravity\scratch\covoiturage\.tools\apache-tomcat-10.1.31
20-Apr-2026 16:07:26.449 INFOS [main] org.apache.catalina.startup.VersionLoggerListener.log Argument de la ligne de commande : -Djava.util.logging.config.file=C:\Users\Ahmed Aziz\.gemini\antigravity\scratch\covoiturage\.tools\apache-tomcat-10.1.31\conf\logging.properties
20-Apr-2026 16:07:26.449 INFOS [main] org.apache.catalina.startup.VersionLoggerListener.log Argument de la ligne de commande : -Djava.util.logging.manager=org.apache.juli.ClassLoaderLogManager
20-Apr-2026 16:07:26.449 INFOS [main] org.apache.catalina.startup.VersionLoggerListener.log Argument de la ligne de commande : -Djdk.tls.ephemeralDHKeySize=2048
20-Apr-2026 16:07:26.450 INFOS [main] org.apache.catalina.startup.VersionLoggerListener.log Argument de la ligne de commande : -Djava.protocol.handler.pkgs=org.apache.catalina.webresources
20-Apr-2026 16:07:26.450 INFOS [main] org.apache.catalina.startup.VersionLoggerListener.log Argument de la ligne de commande : --add-opens=java.base/java.lang=ALL-UNNAMED
20-Apr-2026 16:07:26.450 INFOS [main] org.apache.catalina.startup.VersionLoggerListener.log Argument de la ligne de commande : --add-opens=java.base/java.io=ALL-UNNAMED
20-Apr-2026 16:07:26.450 INFOS [main] org.apache.catalina.startup.VersionLoggerListener.log Argument de la ligne de commande : --add-opens=java.base/java.util=ALL-UNNAMED
20-Apr-2026 16:07:26.450 INFOS [main] org.apache.catalina.startup.VersionLoggerListener.log Argument de la ligne de commande : --add-opens=java.base/java.util.concurrent=ALL-UNNAMED
20-Apr-2026 16:07:26.451 INFOS [main] org.apache.catalina.startup.VersionLoggerListener.log Argument de la ligne de commande : --add-opens=java.rmi/sun.rmi.transport=ALL-UNNAMED
20-Apr-2026 16:07:26.451 INFOS [main] org.apache.catalina.startup.VersionLoggerListener.log Argument de la ligne de commande : -Dcatalina.base=C:\Users\Ahmed Aziz\.gemini\antigravity\scratch\covoiturage\.tools\apache-tomcat-10.1.31
20-Apr-2026 16:07:26.451 INFOS [main] org.apache.catalina.startup.VersionLoggerListener.log Argument de la ligne de commande : -Dcatalina.home=C:\Users\Ahmed Aziz\.gemini\antigravity\scratch\covoiturage\.tools\apache-tomcat-10.1.31
20-Apr-2026 16:07:26.451 INFOS [main] org.apache.catalina.startup.VersionLoggerListener.log Argument de la ligne de commande : -Djava.io.tmpdir=C:\Users\Ahmed Aziz\.gemini\antigravity\scratch\covoiturage\.tools\apache-tomcat-10.1.31\temp
20-Apr-2026 16:07:26.457 INFOS [main] org.apache.catalina.core.AprLifecycleListener.lifecycleEvent Chargement de la librairie Apache Tomcat Native [2.0.8] en utilisant APR version [1.7.4]
20-Apr-2026 16:07:26.481 INFOS [main] org.apache.catalina.core.AprLifecycleListener.initializeSSL OpenSSL a été initialisé avec succès [OpenSSL 3.0.14 4 Jun 2024]
20-Apr-2026 16:07:26.712 INFOS [main] org.apache.coyote.AbstractProtocol.init Initialisation du gestionnaire de protocole ["http-nio-8080"]
20-Apr-2026 16:07:26.743 INFOS [main] org.apache.catalina.startup.Catalina.load L'initialisation du serveur a pris [508] millisecondes
20-Apr-2026 16:07:26.805 INFOS [main] org.apache.catalina.core.StandardService.startInternal Démarrage du service [Catalina]
20-Apr-2026 16:07:26.806 INFOS [main] org.apache.catalina.core.StandardEngine.startInternal Démarrage du moteur de Servlets : [Apache Tomcat/10.1.31]
20-Apr-2026 16:07:26.827 INFOS [main] org.apache.catalina.startup.HostConfig.deployWAR Déploiement de l'archive [C:\Users\Ahmed Aziz\.gemini\antigravity\scratch\covoiturage\.tools\apache-tomcat-10.1.31\webapps\ROOT.war] de l'application web
20-Apr-2026 16:07:27.757 INFOS [main] org.apache.catalina.startup.HostConfig.deployWAR Le déploiement de l'archive de l'application web [C:\Users\Ahmed Aziz\.gemini\antigravity\scratch\covoiturage\.tools\apache-tomcat-10.1.31\webapps\ROOT.war] s'est terminé en [924] ms
20-Apr-2026 16:07:27.758 INFOS [main] org.apache.catalina.startup.HostConfig.deployDirectory Déploiement du répertoire d'application web [C:\Users\Ahmed Aziz\.gemini\antigravity\scratch\covoiturage\.tools\apache-tomcat-10.1.31\webapps\docs]
20-Apr-2026 16:07:27.813 INFOS [main] org.apache.catalina.startup.HostConfig.deployDirectory Le déploiement du répertoire [C:\Users\Ahmed Aziz\.gemini\antigravity\scratch\covoiturage\.tools\apache-tomcat-10.1.31\webapps\docs] de l'application web s'est terminé en [55] ms
20-Apr-2026 16:07:27.813 INFOS [main] org.apache.catalina.startup.HostConfig.deployDirectory Déploiement du répertoire d'application web [C:\Users\Ahmed Aziz\.gemini\antigravity\scratch\covoiturage\.tools\apache-tomcat-10.1.31\webapps\examples]
20-Apr-2026 16:07:28.175 INFOS [main] org.apache.catalina.startup.HostConfig.deployDirectory Le déploiement du répertoire [C:\Users\Ahmed Aziz\.gemini\antigravity\scratch\covoiturage\.tools\apache-tomcat-10.1.31\webapps\examples] de l'application web s'est terminé en [362] ms
20-Apr-2026 16:07:28.176 INFOS [main] org.apache.catalina.startup.HostConfig.deployDirectory Déploiement du répertoire d'application web [C:\Users\Ahmed Aziz\.gemini\antigravity\scratch\covoiturage\.tools\apache-tomcat-10.1.31\webapps\host-manager]
20-Apr-2026 16:07:28.217 INFOS [main] org.apache.catalina.startup.HostConfig.deployDirectory Le déploiement du répertoire [C:\Users\Ahmed Aziz\.gemini\antigravity\scratch\covoiturage\.tools\apache-tomcat-10.1.31\webapps\host-manager] de l'application web s'est terminé en [41] ms
20-Apr-2026 16:07:28.218 INFOS [main] org.apache.catalina.startup.HostConfig.deployDirectory Déploiement du répertoire d'application web [C:\Users\Ahmed Aziz\.gemini\antigravity\scratch\covoiturage\.tools\apache-tomcat-10.1.31\webapps\manager]
20-Apr-2026 16:07:28.268 INFOS [main] org.apache.catalina.startup.HostConfig.deployDirectory Le déploiement du répertoire [C:\Users\Ahmed Aziz\.gemini\antigravity\scratch\covoiturage\.tools\apache-tomcat-10.1.31\webapps\manager] de l'application web s'est terminé en [50] ms
20-Apr-2026 16:07:28.274 INFOS [main] org.apache.coyote.AbstractProtocol.start Démarrage du gestionnaire de protocole ["http-nio-8080"]
20-Apr-2026 16:07:28.304 INFOS [main] org.apache.catalina.startup.Catalina.start Le démarrage du serveur a pris [1559] millisecondes
20-Apr-2026 16:09:47.913 INFOS [main] org.apache.catalina.startup.VersionLoggerListener.log Nom version serveur :              Apache Tomcat/10.1.31
20-Apr-2026 16:09:47.918 INFOS [main] org.apache.catalina.startup.VersionLoggerListener.log Serveur compilé :                  Oct 3 2024 19:02:38 UTC
20-Apr-2026 16:09:47.918 INFOS [main] org.apache.catalina.startup.VersionLoggerListener.log Version du serveur :               10.1.31.0
20-Apr-2026 16:09:47.919 INFOS [main] org.apache.catalina.startup.VersionLoggerListener.log Nom de l'OS :                      Windows 11
20-Apr-2026 16:09:47.919 INFOS [main] org.apache.catalina.startup.VersionLoggerListener.log Version OS :                       10.0
20-Apr-2026 16:09:47.919 INFOS [main] org.apache.catalina.startup.VersionLoggerListener.log Architecture :                     amd64
20-Apr-2026 16:09:47.919 INFOS [main] org.apache.catalina.startup.VersionLoggerListener.log Java Home :                        C:\Program Files\Eclipse Adoptium\jdk-21.0.10.7-hotspot
20-Apr-2026 16:09:47.919 INFOS [main] org.apache.catalina.startup.VersionLoggerListener.log Version JVM :                      21.0.10+7-LTS
20-Apr-2026 16:09:47.920 INFOS [main] org.apache.catalina.startup.VersionLoggerListener.log Fournisseur de la JVM :            Eclipse Adoptium
20-Apr-2026 16:09:47.920 INFOS [main] org.apache.catalina.startup.VersionLoggerListener.log CATALINA_BASE :                    C:\Users\Ahmed Aziz\.gemini\antigravity\scratch\covoiturage\.tools\apache-tomcat-10.1.31
20-Apr-2026 16:09:47.920 INFOS [main] org.apache.catalina.startup.VersionLoggerListener.log CATALINA_HOME :                    C:\Users\Ahmed Aziz\.gemini\antigravity\scratch\covoiturage\.tools\apache-tomcat-10.1.31
20-Apr-2026 16:09:47.929 INFOS [main] org.apache.catalina.startup.VersionLoggerListener.log Argument de la ligne de commande : -Djava.util.logging.config.file=C:\Users\Ahmed Aziz\.gemini\antigravity\scratch\covoiturage\.tools\apache-tomcat-10.1.31\conf\logging.properties
20-Apr-2026 16:09:47.929 INFOS [main] org.apache.catalina.startup.VersionLoggerListener.log Argument de la ligne de commande : -Djava.util.logging.manager=org.apache.juli.ClassLoaderLogManager
20-Apr-2026 16:09:47.929 INFOS [main] org.apache.catalina.startup.VersionLoggerListener.log Argument de la ligne de commande : -Djdk.tls.ephemeralDHKeySize=2048
20-Apr-2026 16:09:47.929 INFOS [main] org.apache.catalina.startup.VersionLoggerListener.log Argument de la ligne de commande : -Djava.protocol.handler.pkgs=org.apache.catalina.webresources
20-Apr-2026 16:09:47.930 INFOS [main] org.apache.catalina.startup.VersionLoggerListener.log Argument de la ligne de commande : --add-opens=java.base/java.lang=ALL-UNNAMED
20-Apr-2026 16:09:47.930 INFOS [main] org.apache.catalina.startup.VersionLoggerListener.log Argument de la ligne de commande : --add-opens=java.base/java.io=ALL-UNNAMED
20-Apr-2026 16:09:47.930 INFOS [main] org.apache.catalina.startup.VersionLoggerListener.log Argument de la ligne de commande : --add-opens=java.base/java.util=ALL-UNNAMED
20-Apr-2026 16:09:47.930 INFOS [main] org.apache.catalina.startup.VersionLoggerListener.log Argument de la ligne de commande : --add-opens=java.base/java.util.concurrent=ALL-UNNAMED
20-Apr-2026 16:09:47.930 INFOS [main] org.apache.catalina.startup.VersionLoggerListener.log Argument de la ligne de commande : --add-opens=java.rmi/sun.rmi.transport=ALL-UNNAMED
20-Apr-2026 16:09:47.931 INFOS [main] org.apache.catalina.startup.VersionLoggerListener.log Argument de la ligne de commande : -Dcatalina.base=C:\Users\Ahmed Aziz\.gemini\antigravity\scratch\covoiturage\.tools\apache-tomcat-10.1.31
20-Apr-2026 16:09:47.931 INFOS [main] org.apache.catalina.startup.VersionLoggerListener.log Argument de la ligne de commande : -Dcatalina.home=C:\Users\Ahmed Aziz\.gemini\antigravity\scratch\covoiturage\.tools\apache-tomcat-10.1.31
20-Apr-2026 16:09:47.931 INFOS [main] org.apache.catalina.startup.VersionLoggerListener.log Argument de la ligne de commande : -Djava.io.tmpdir=C:\Users\Ahmed Aziz\.gemini\antigravity\scratch\covoiturage\.tools\apache-tomcat-10.1.31\temp
20-Apr-2026 16:09:47.934 INFOS [main] org.apache.catalina.core.AprLifecycleListener.lifecycleEvent Chargement de la librairie Apache Tomcat Native [2.0.8] en utilisant APR version [1.7.4]
20-Apr-2026 16:09:47.938 INFOS [main] org.apache.catalina.core.AprLifecycleListener.initializeSSL OpenSSL a été initialisé avec succès [OpenSSL 3.0.14 4 Jun 2024]
20-Apr-2026 16:09:48.149 INFOS [main] org.apache.coyote.AbstractProtocol.init Initialisation du gestionnaire de protocole ["http-nio-8080"]
20-Apr-2026 16:09:48.173 INFOS [main] org.apache.catalina.startup.Catalina.load L'initialisation du serveur a pris [411] millisecondes
20-Apr-2026 16:09:48.231 INFOS [main] org.apache.catalina.core.StandardService.startInternal Démarrage du service [Catalina]
20-Apr-2026 16:09:48.231 INFOS [main] org.apache.catalina.core.StandardEngine.startInternal Démarrage du moteur de Servlets : [Apache Tomcat/10.1.31]
20-Apr-2026 16:09:48.249 INFOS [main] org.apache.catalina.startup.HostConfig.deployWAR Déploiement de l'archive [C:\Users\Ahmed Aziz\.gemini\antigravity\scratch\covoiturage\.tools\apache-tomcat-10.1.31\webapps\ROOT.war] de l'application web
20-Apr-2026 16:09:49.161 INFOS [main] org.apache.catalina.startup.HostConfig.deployWAR Le déploiement de l'archive de l'application web [C:\Users\Ahmed Aziz\.gemini\antigravity\scratch\covoiturage\.tools\apache-tomcat-10.1.31\webapps\ROOT.war] s'est terminé en [910] ms
20-Apr-2026 16:09:49.162 INFOS [main] org.apache.catalina.startup.HostConfig.deployDirectory Déploiement du répertoire d'application web [C:\Users\Ahmed Aziz\.gemini\antigravity\scratch\covoiturage\.tools\apache-tomcat-10.1.31\webapps\docs]
20-Apr-2026 16:09:49.222 INFOS [main] org.apache.catalina.startup.HostConfig.deployDirectory Le déploiement du répertoire [C:\Users\Ahmed Aziz\.gemini\antigravity\scratch\covoiturage\.tools\apache-tomcat-10.1.31\webapps\docs] de l'application web s'est terminé en [60] ms
20-Apr-2026 16:09:49.223 INFOS [main] org.apache.catalina.startup.HostConfig.deployDirectory Déploiement du répertoire d'application web [C:\Users\Ahmed Aziz\.gemini\antigravity\scratch\covoiturage\.tools\apache-tomcat-10.1.31\webapps\examples]
20-Apr-2026 16:09:49.564 INFOS [main] org.apache.catalina.startup.HostConfig.deployDirectory Le déploiement du répertoire [C:\Users\Ahmed Aziz\.gemini\antigravity\scratch\covoiturage\.tools\apache-tomcat-10.1.31\webapps\examples] de l'application web s'est terminé en [341] ms
20-Apr-2026 16:09:49.565 INFOS [main] org.apache.catalina.startup.HostConfig.deployDirectory Déploiement du répertoire d'application web [C:\Users\Ahmed Aziz\.gemini\antigravity\scratch\covoiturage\.tools\apache-tomcat-10.1.31\webapps\host-manager]
20-Apr-2026 16:09:49.611 INFOS [main] org.apache.catalina.startup.HostConfig.deployDirectory Le déploiement du répertoire [C:\Users\Ahmed Aziz\.gemini\antigravity\scratch\covoiturage\.tools\apache-tomcat-10.1.31\webapps\host-manager] de l'application web s'est terminé en [47] ms
20-Apr-2026 16:09:49.612 INFOS [main] org.apache.catalina.startup.HostConfig.deployDirectory Déploiement du répertoire d'application web [C:\Users\Ahmed Aziz\.gemini\antigravity\scratch\covoiturage\.tools\apache-tomcat-10.1.31\webapps\manager]
20-Apr-2026 16:09:49.650 INFOS [main] org.apache.catalina.startup.HostConfig.deployDirectory Le déploiement du répertoire [C:\Users\Ahmed Aziz\.gemini\antigravity\scratch\covoiturage\.tools\apache-tomcat-10.1.31\webapps\manager] de l'application web s'est terminé en [37] ms
20-Apr-2026 16:09:49.655 INFOS [main] org.apache.coyote.AbstractProtocol.start Démarrage du gestionnaire de protocole ["http-nio-8080"]
20-Apr-2026 16:09:49.677 INFOS [main] org.apache.catalina.startup.Catalina.start Le démarrage du serveur a pris [1502] millisecondes
20-Apr-2026 16:11:29.715 INFOS [Catalina-utility-1] org.apache.catalina.startup.HostConfig.undeploy Retrait de l'application web ayant pour chemin de contexte []
20-Apr-2026 16:11:29.726 AVERTISSEMENT [Catalina-utility-1] org.apache.catalina.loader.WebappClassLoaderBase.clearReferencesJdbc L'application web [ROOT] a enregistré un pilote JDBC [org.h2.Driver], mais ne l'a pas désenregistré avant l'arrêt de l'application.  Pour éviter une fuite de mémoire, le pilote JDBC a été désenregistré de force.
20-Apr-2026 16:11:29.726 AVERTISSEMENT [Catalina-utility-1] org.apache.catalina.loader.WebappClassLoaderBase.clearReferencesThreads L'application web [ROOT] semble avoir démarré un thread nommé [MVStore background writer C:/Users/Ahmed Aziz/.gemini/antigravity/scratch/covoiturage/covoiturage_db.mv.db] mais ne l'a pas arrêté, ce qui va probablement créer une fuite de mémoire ; la trace du thread est : 
 java.base/java.lang.Object.wait0(Native Method)
 java.base/java.lang.Object.wait(Object.java:366)
 org.h2.mvstore.FileStore$BackgroundWriterThread.run(FileStore.java:2242)
20-Apr-2026 16:11:29.727 AVERTISSEMENT [Catalina-utility-1] org.apache.catalina.loader.WebappClassLoaderBase.clearReferencesThreads L'application web [ROOT] semble avoir démarré un thread nommé [H2-serialization] mais ne l'a pas arrêté, ce qui va probablement créer une fuite de mémoire ; la trace du thread est : 
 java.base/jdk.internal.misc.Unsafe.park(Native Method)
 java.base/java.util.concurrent.locks.LockSupport.park(LockSupport.java:371)
 java.base/java.util.concurrent.locks.AbstractQueuedSynchronizer$ConditionNode.block(AbstractQueuedSynchronizer.java:519)
 java.base/java.util.concurrent.ForkJoinPool.unmanagedBlock(ForkJoinPool.java:3780)
 java.base/java.util.concurrent.ForkJoinPool.managedBlock(ForkJoinPool.java:3725)
 java.base/java.util.concurrent.locks.AbstractQueuedSynchronizer$ConditionObject.await(AbstractQueuedSynchronizer.java:1746)
 java.base/java.util.concurrent.LinkedBlockingQueue.take(LinkedBlockingQueue.java:435)
 java.base/java.util.concurrent.ThreadPoolExecutor.getTask(ThreadPoolExecutor.java:1070)
 java.base/java.util.concurrent.ThreadPoolExecutor.runWorker(ThreadPoolExecutor.java:1130)
 java.base/java.util.concurrent.ThreadPoolExecutor$Worker.run(ThreadPoolExecutor.java:642)
 java.base/java.lang.Thread.run(Thread.java:1583)
20-Apr-2026 16:11:29.728 AVERTISSEMENT [Catalina-utility-1] org.apache.catalina.loader.WebappClassLoaderBase.clearReferencesThreads L'application web [ROOT] semble avoir démarré un thread nommé [H2-save] mais ne l'a pas arrêté, ce qui va probablement créer une fuite de mémoire ; la trace du thread est : 
 java.base/jdk.internal.misc.Unsafe.park(Native Method)
 java.base/java.util.concurrent.locks.LockSupport.park(LockSupport.java:371)
 java.base/java.util.concurrent.locks.AbstractQueuedSynchronizer$ConditionNode.block(AbstractQueuedSynchronizer.java:519)
 java.base/java.util.concurrent.ForkJoinPool.unmanagedBlock(ForkJoinPool.java:3780)
 java.base/java.util.concurrent.ForkJoinPool.managedBlock(ForkJoinPool.java:3725)
 java.base/java.util.concurrent.locks.AbstractQueuedSynchronizer$ConditionObject.await(AbstractQueuedSynchronizer.java:1746)
 java.base/java.util.concurrent.LinkedBlockingQueue.take(LinkedBlockingQueue.java:435)
 java.base/java.util.concurrent.ThreadPoolExecutor.getTask(ThreadPoolExecutor.java:1070)
 java.base/java.util.concurrent.ThreadPoolExecutor.runWorker(ThreadPoolExecutor.java:1130)
 java.base/java.util.concurrent.ThreadPoolExecutor$Worker.run(ThreadPoolExecutor.java:642)
 java.base/java.lang.Thread.run(Thread.java:1583)
20-Apr-2026 16:11:29.758 INFOS [Catalina-utility-1] org.apache.catalina.startup.HostConfig.deployWAR Déploiement de l'archive [C:\Users\Ahmed Aziz\.gemini\antigravity\scratch\covoiturage\.tools\apache-tomcat-10.1.31\webapps\ROOT.war] de l'application web
20-Apr-2026 16:11:30.115 INFOS [Catalina-utility-1] org.apache.catalina.startup.HostConfig.deployWAR Le déploiement de l'archive de l'application web [C:\Users\Ahmed Aziz\.gemini\antigravity\scratch\covoiturage\.tools\apache-tomcat-10.1.31\webapps\ROOT.war] s'est terminé en [358] ms
20-Apr-2026 16:11:52.567 INFOS [main] org.apache.catalina.startup.VersionLoggerListener.log Nom version serveur :              Apache Tomcat/10.1.31
20-Apr-2026 16:11:52.571 INFOS [main] org.apache.catalina.startup.VersionLoggerListener.log Serveur compilé :                  Oct 3 2024 19:02:38 UTC
20-Apr-2026 16:11:52.571 INFOS [main] org.apache.catalina.startup.VersionLoggerListener.log Version du serveur :               10.1.31.0
20-Apr-2026 16:11:52.571 INFOS [main] org.apache.catalina.startup.VersionLoggerListener.log Nom de l'OS :                      Windows 11
20-Apr-2026 16:11:52.572 INFOS [main] org.apache.catalina.startup.VersionLoggerListener.log Version OS :                       10.0
20-Apr-2026 16:11:52.572 INFOS [main] org.apache.catalina.startup.VersionLoggerListener.log Architecture :                     amd64
20-Apr-2026 16:11:52.572 INFOS [main] org.apache.catalina.startup.VersionLoggerListener.log Java Home :                        C:\Program Files\Eclipse Adoptium\jdk-21.0.10.7-hotspot
20-Apr-2026 16:11:52.572 INFOS [main] org.apache.catalina.startup.VersionLoggerListener.log Version JVM :                      21.0.10+7-LTS
20-Apr-2026 16:11:52.572 INFOS [main] org.apache.catalina.startup.VersionLoggerListener.log Fournisseur de la JVM :            Eclipse Adoptium
20-Apr-2026 16:11:52.572 INFOS [main] org.apache.catalina.startup.VersionLoggerListener.log CATALINA_BASE :                    C:\Users\Ahmed Aziz\.gemini\antigravity\scratch\covoiturage\.tools\apache-tomcat-10.1.31
20-Apr-2026 16:11:52.573 INFOS [main] org.apache.catalina.startup.VersionLoggerListener.log CATALINA_HOME :                    C:\Users\Ahmed Aziz\.gemini\antigravity\scratch\covoiturage\.tools\apache-tomcat-10.1.31
20-Apr-2026 16:11:52.581 INFOS [main] org.apache.catalina.startup.VersionLoggerListener.log Argument de la ligne de commande : -Djava.util.logging.config.file=C:\Users\Ahmed Aziz\.gemini\antigravity\scratch\covoiturage\.tools\apache-tomcat-10.1.31\conf\logging.properties
20-Apr-2026 16:11:52.582 INFOS [main] org.apache.catalina.startup.VersionLoggerListener.log Argument de la ligne de commande : -Djava.util.logging.manager=org.apache.juli.ClassLoaderLogManager
20-Apr-2026 16:11:52.582 INFOS [main] org.apache.catalina.startup.VersionLoggerListener.log Argument de la ligne de commande : -Djdk.tls.ephemeralDHKeySize=2048
20-Apr-2026 16:11:52.582 INFOS [main] org.apache.catalina.startup.VersionLoggerListener.log Argument de la ligne de commande : -Djava.protocol.handler.pkgs=org.apache.catalina.webresources
20-Apr-2026 16:11:52.582 INFOS [main] org.apache.catalina.startup.VersionLoggerListener.log Argument de la ligne de commande : --add-opens=java.base/java.lang=ALL-UNNAMED
20-Apr-2026 16:11:52.582 INFOS [main] org.apache.catalina.startup.VersionLoggerListener.log Argument de la ligne de commande : --add-opens=java.base/java.io=ALL-UNNAMED
20-Apr-2026 16:11:52.583 INFOS [main] org.apache.catalina.startup.VersionLoggerListener.log Argument de la ligne de commande : --add-opens=java.base/java.util=ALL-UNNAMED
20-Apr-2026 16:11:52.583 INFOS [main] org.apache.catalina.startup.VersionLoggerListener.log Argument de la ligne de commande : --add-opens=java.base/java.util.concurrent=ALL-UNNAMED
20-Apr-2026 16:11:52.583 INFOS [main] org.apache.catalina.startup.VersionLoggerListener.log Argument de la ligne de commande : --add-opens=java.rmi/sun.rmi.transport=ALL-UNNAMED
20-Apr-2026 16:11:52.583 INFOS [main] org.apache.catalina.startup.VersionLoggerListener.log Argument de la ligne de commande : -Dcatalina.base=C:\Users\Ahmed Aziz\.gemini\antigravity\scratch\covoiturage\.tools\apache-tomcat-10.1.31
20-Apr-2026 16:11:52.583 INFOS [main] org.apache.catalina.startup.VersionLoggerListener.log Argument de la ligne de commande : -Dcatalina.home=C:\Users\Ahmed Aziz\.gemini\antigravity\scratch\covoiturage\.tools\apache-tomcat-10.1.31
20-Apr-2026 16:11:52.583 INFOS [main] org.apache.catalina.startup.VersionLoggerListener.log Argument de la ligne de commande : -Djava.io.tmpdir=C:\Users\Ahmed Aziz\.gemini\antigravity\scratch\covoiturage\.tools\apache-tomcat-10.1.31\temp
20-Apr-2026 16:11:52.586 INFOS [main] org.apache.catalina.core.AprLifecycleListener.lifecycleEvent Chargement de la librairie Apache Tomcat Native [2.0.8] en utilisant APR version [1.7.4]
20-Apr-2026 16:11:52.590 INFOS [main] org.apache.catalina.core.AprLifecycleListener.initializeSSL OpenSSL a été initialisé avec succès [OpenSSL 3.0.14 4 Jun 2024]
20-Apr-2026 16:11:52.788 INFOS [main] org.apache.coyote.AbstractProtocol.init Initialisation du gestionnaire de protocole ["http-nio-8080"]
20-Apr-2026 16:11:52.811 GRAVE [main] org.apache.catalina.util.LifecycleBase.handleSubClassException Echec d'initialisation du composant [Connector["http-nio-8080"]]
	org.apache.catalina.LifecycleException: L'initialisation du gestionnaire de protocole a échoué
		at org.apache.catalina.connector.Connector.initInternal(Connector.java:1030)
		at org.apache.catalina.util.LifecycleBase.init(LifecycleBase.java:122)
		at org.apache.catalina.core.StandardService.initInternal(StandardService.java:525)
		at org.apache.catalina.util.LifecycleBase.init(LifecycleBase.java:122)
		at org.apache.catalina.core.StandardServer.initInternal(StandardServer.java:957)
		at org.apache.catalina.util.LifecycleBase.init(LifecycleBase.java:122)
		at org.apache.catalina.startup.Catalina.load(Catalina.java:708)
		at org.apache.catalina.startup.Catalina.load(Catalina.java:731)
		at java.base/jdk.internal.reflect.DirectMethodHandleAccessor.invoke(DirectMethodHandleAccessor.java:103)
		at java.base/java.lang.reflect.Method.invoke(Method.java:580)
		at org.apache.catalina.startup.Bootstrap.load(Bootstrap.java:302)
		at org.apache.catalina.startup.Bootstrap.main(Bootstrap.java:472)
	Caused by: java.net.BindException: Address already in use: bind
		at java.base/sun.nio.ch.Net.bind0(Native Method)
		at java.base/sun.nio.ch.Net.bind(Net.java:577)
		at java.base/sun.nio.ch.ServerSocketChannelImpl.netBind(ServerSocketChannelImpl.java:344)
		at java.base/sun.nio.ch.ServerSocketChannelImpl.bind(ServerSocketChannelImpl.java:301)
		at org.apache.tomcat.util.net.NioEndpoint.initServerSocket(NioEndpoint.java:239)
		at org.apache.tomcat.util.net.NioEndpoint.bind(NioEndpoint.java:194)
		at org.apache.tomcat.util.net.AbstractEndpoint.bindWithCleanup(AbstractEndpoint.java:1304)
		at org.apache.tomcat.util.net.AbstractEndpoint.init(AbstractEndpoint.java:1317)
		at org.apache.coyote.AbstractProtocol.init(AbstractProtocol.java:633)
		at org.apache.coyote.http11.AbstractHttp11Protocol.init(AbstractHttp11Protocol.java:79)
		at org.apache.catalina.connector.Connector.initInternal(Connector.java:1028)
		... 11 more
20-Apr-2026 16:11:52.812 INFOS [main] org.apache.catalina.startup.Catalina.load L'initialisation du serveur a pris [399] millisecondes
20-Apr-2026 16:11:52.862 INFOS [main] org.apache.catalina.core.StandardService.startInternal Démarrage du service [Catalina]
20-Apr-2026 16:11:52.863 INFOS [main] org.apache.catalina.core.StandardEngine.startInternal Démarrage du moteur de Servlets : [Apache Tomcat/10.1.31]
20-Apr-2026 16:11:52.881 INFOS [main] org.apache.catalina.startup.HostConfig.deployWAR Déploiement de l'archive [C:\Users\Ahmed Aziz\.gemini\antigravity\scratch\covoiturage\.tools\apache-tomcat-10.1.31\webapps\ROOT.war] de l'application web
20-Apr-2026 16:11:53.434 INFOS [main] org.apache.catalina.startup.HostConfig.deployWAR Le déploiement de l'archive de l'application web [C:\Users\Ahmed Aziz\.gemini\antigravity\scratch\covoiturage\.tools\apache-tomcat-10.1.31\webapps\ROOT.war] s'est terminé en [550] ms
20-Apr-2026 16:11:53.435 INFOS [main] org.apache.catalina.startup.HostConfig.deployDirectory Déploiement du répertoire d'application web [C:\Users\Ahmed Aziz\.gemini\antigravity\scratch\covoiturage\.tools\apache-tomcat-10.1.31\webapps\docs]
20-Apr-2026 16:11:53.476 INFOS [main] org.apache.catalina.startup.HostConfig.deployDirectory Le déploiement du répertoire [C:\Users\Ahmed Aziz\.gemini\antigravity\scratch\covoiturage\.tools\apache-tomcat-10.1.31\webapps\docs] de l'application web s'est terminé en [41] ms
20-Apr-2026 16:11:53.477 INFOS [main] org.apache.catalina.startup.HostConfig.deployDirectory Déploiement du répertoire d'application web [C:\Users\Ahmed Aziz\.gemini\antigravity\scratch\covoiturage\.tools\apache-tomcat-10.1.31\webapps\examples]
20-Apr-2026 16:11:53.795 INFOS [main] org.apache.catalina.startup.HostConfig.deployDirectory Le déploiement du répertoire [C:\Users\Ahmed Aziz\.gemini\antigravity\scratch\covoiturage\.tools\apache-tomcat-10.1.31\webapps\examples] de l'application web s'est terminé en [319] ms
20-Apr-2026 16:11:53.795 INFOS [main] org.apache.catalina.startup.HostConfig.deployDirectory Déploiement du répertoire d'application web [C:\Users\Ahmed Aziz\.gemini\antigravity\scratch\covoiturage\.tools\apache-tomcat-10.1.31\webapps\host-manager]
20-Apr-2026 16:11:53.833 INFOS [main] org.apache.catalina.startup.HostConfig.deployDirectory Le déploiement du répertoire [C:\Users\Ahmed Aziz\.gemini\antigravity\scratch\covoiturage\.tools\apache-tomcat-10.1.31\webapps\host-manager] de l'application web s'est terminé en [38] ms
20-Apr-2026 16:11:53.834 INFOS [main] org.apache.catalina.startup.HostConfig.deployDirectory Déploiement du répertoire d'application web [C:\Users\Ahmed Aziz\.gemini\antigravity\scratch\covoiturage\.tools\apache-tomcat-10.1.31\webapps\manager]
20-Apr-2026 16:11:53.865 INFOS [main] org.apache.catalina.startup.HostConfig.deployDirectory Le déploiement du répertoire [C:\Users\Ahmed Aziz\.gemini\antigravity\scratch\covoiturage\.tools\apache-tomcat-10.1.31\webapps\manager] de l'application web s'est terminé en [31] ms
20-Apr-2026 16:11:53.870 INFOS [main] org.apache.catalina.startup.Catalina.start Le démarrage du serveur a pris [1055] millisecondes
20-Apr-2026 16:11:53.877 GRAVE [main] org.apache.catalina.core.StandardServer.await Impossible de créer le sokcet d'arrêt du serveur à l'adresse [localhost] et au port [8005] (port de base [8005] et offset [0])
	java.net.BindException: Address already in use: bind
		at java.base/sun.nio.ch.Net.bind0(Native Method)
		at java.base/sun.nio.ch.Net.bind(Net.java:577)
		at java.base/sun.nio.ch.Net.bind(Net.java:566)
		at java.base/sun.nio.ch.NioSocketImpl.bind(NioSocketImpl.java:636)
		at java.base/java.net.ServerSocket.bind(ServerSocket.java:391)
		at java.base/java.net.ServerSocket.<init>(ServerSocket.java:278)
		at org.apache.catalina.core.StandardServer.await(StandardServer.java:533)
		at org.apache.catalina.startup.Catalina.await(Catalina.java:847)
		at org.apache.catalina.startup.Catalina.start(Catalina.java:795)
		at java.base/jdk.internal.reflect.DirectMethodHandleAccessor.invoke(DirectMethodHandleAccessor.java:103)
		at java.base/java.lang.reflect.Method.invoke(Method.java:580)
		at org.apache.catalina.startup.Bootstrap.start(Bootstrap.java:345)
		at org.apache.catalina.startup.Bootstrap.main(Bootstrap.java:473)
20-Apr-2026 16:11:53.878 INFOS [main] org.apache.coyote.AbstractProtocol.pause Le gestionnaire de protocole ["http-nio-8080"] est mis en pause
20-Apr-2026 16:11:53.878 INFOS [main] org.apache.catalina.core.StandardService.stopInternal Arrêt du service [Catalina]
20-Apr-2026 16:11:53.882 AVERTISSEMENT [main] org.apache.catalina.loader.WebappClassLoaderBase.clearReferencesJdbc L'application web [ROOT] a enregistré un pilote JDBC [org.h2.Driver], mais ne l'a pas désenregistré avant l'arrêt de l'application.  Pour éviter une fuite de mémoire, le pilote JDBC a été désenregistré de force.
20-Apr-2026 16:11:53.895 INFOS [main] org.apache.coyote.AbstractProtocol.stop Arrêt du gestionnaire de protocole ["http-nio-8080"]
20-Apr-2026 16:11:53.896 INFOS [main] org.apache.coyote.AbstractProtocol.destroy Destruction du gestionnaire de protocole ["http-nio-8080"]
20-Apr-2026 16:12:56.911 INFOS [main] org.apache.catalina.startup.VersionLoggerListener.log Nom version serveur :              Apache Tomcat/10.1.31
20-Apr-2026 16:12:56.916 INFOS [main] org.apache.catalina.startup.VersionLoggerListener.log Serveur compilé :                  Oct 3 2024 19:02:38 UTC
20-Apr-2026 16:12:56.916 INFOS [main] org.apache.catalina.startup.VersionLoggerListener.log Version du serveur :               10.1.31.0
20-Apr-2026 16:12:56.916 INFOS [main] org.apache.catalina.startup.VersionLoggerListener.log Nom de l'OS :                      Windows 11
20-Apr-2026 16:12:56.916 INFOS [main] org.apache.catalina.startup.VersionLoggerListener.log Version OS :                       10.0
20-Apr-2026 16:12:56.917 INFOS [main] org.apache.catalina.startup.VersionLoggerListener.log Architecture :                     amd64
20-Apr-2026 16:12:56.917 INFOS [main] org.apache.catalina.startup.VersionLoggerListener.log Java Home :                        C:\Program Files\Eclipse Adoptium\jdk-21.0.10.7-hotspot
20-Apr-2026 16:12:56.917 INFOS [main] org.apache.catalina.startup.VersionLoggerListener.log Version JVM :                      21.0.10+7-LTS
20-Apr-2026 16:12:56.917 INFOS [main] org.apache.catalina.startup.VersionLoggerListener.log Fournisseur de la JVM :            Eclipse Adoptium
20-Apr-2026 16:12:56.918 INFOS [main] org.apache.catalina.startup.VersionLoggerListener.log CATALINA_BASE :                    C:\Users\Ahmed Aziz\.gemini\antigravity\scratch\covoiturage\.tools\apache-tomcat-10.1.31
20-Apr-2026 16:12:56.918 INFOS [main] org.apache.catalina.startup.VersionLoggerListener.log CATALINA_HOME :                    C:\Users\Ahmed Aziz\.gemini\antigravity\scratch\covoiturage\.tools\apache-tomcat-10.1.31
20-Apr-2026 16:12:56.926 INFOS [main] org.apache.catalina.startup.VersionLoggerListener.log Argument de la ligne de commande : -Djava.util.logging.config.file=C:\Users\Ahmed Aziz\.gemini\antigravity\scratch\covoiturage\.tools\apache-tomcat-10.1.31\conf\logging.properties
20-Apr-2026 16:12:56.926 INFOS [main] org.apache.catalina.startup.VersionLoggerListener.log Argument de la ligne de commande : -Djava.util.logging.manager=org.apache.juli.ClassLoaderLogManager
20-Apr-2026 16:12:56.926 INFOS [main] org.apache.catalina.startup.VersionLoggerListener.log Argument de la ligne de commande : -Djdk.tls.ephemeralDHKeySize=2048
20-Apr-2026 16:12:56.926 INFOS [main] org.apache.catalina.startup.VersionLoggerListener.log Argument de la ligne de commande : -Djava.protocol.handler.pkgs=org.apache.catalina.webresources
20-Apr-2026 16:12:56.926 INFOS [main] org.apache.catalina.startup.VersionLoggerListener.log Argument de la ligne de commande : --add-opens=java.base/java.lang=ALL-UNNAMED
20-Apr-2026 16:12:56.927 INFOS [main] org.apache.catalina.startup.VersionLoggerListener.log Argument de la ligne de commande : --add-opens=java.base/java.io=ALL-UNNAMED
20-Apr-2026 16:12:56.927 INFOS [main] org.apache.catalina.startup.VersionLoggerListener.log Argument de la ligne de commande : --add-opens=java.base/java.util=ALL-UNNAMED
20-Apr-2026 16:12:56.927 INFOS [main] org.apache.catalina.startup.VersionLoggerListener.log Argument de la ligne de commande : --add-opens=java.base/java.util.concurrent=ALL-UNNAMED
20-Apr-2026 16:12:56.927 INFOS [main] org.apache.catalina.startup.VersionLoggerListener.log Argument de la ligne de commande : --add-opens=java.rmi/sun.rmi.transport=ALL-UNNAMED
20-Apr-2026 16:12:56.927 INFOS [main] org.apache.catalina.startup.VersionLoggerListener.log Argument de la ligne de commande : -Dcatalina.base=C:\Users\Ahmed Aziz\.gemini\antigravity\scratch\covoiturage\.tools\apache-tomcat-10.1.31
20-Apr-2026 16:12:56.928 INFOS [main] org.apache.catalina.startup.VersionLoggerListener.log Argument de la ligne de commande : -Dcatalina.home=C:\Users\Ahmed Aziz\.gemini\antigravity\scratch\covoiturage\.tools\apache-tomcat-10.1.31
20-Apr-2026 16:12:56.928 INFOS [main] org.apache.catalina.startup.VersionLoggerListener.log Argument de la ligne de commande : -Djava.io.tmpdir=C:\Users\Ahmed Aziz\.gemini\antigravity\scratch\covoiturage\.tools\apache-tomcat-10.1.31\temp
20-Apr-2026 16:12:56.930 INFOS [main] org.apache.catalina.core.AprLifecycleListener.lifecycleEvent Chargement de la librairie Apache Tomcat Native [2.0.8] en utilisant APR version [1.7.4]
20-Apr-2026 16:12:56.934 INFOS [main] org.apache.catalina.core.AprLifecycleListener.initializeSSL OpenSSL a été initialisé avec succès [OpenSSL 3.0.14 4 Jun 2024]
20-Apr-2026 16:12:57.136 INFOS [main] org.apache.coyote.AbstractProtocol.init Initialisation du gestionnaire de protocole ["http-nio-8080"]
20-Apr-2026 16:12:57.160 INFOS [main] org.apache.catalina.startup.Catalina.load L'initialisation du serveur a pris [398] millisecondes
20-Apr-2026 16:12:57.226 INFOS [main] org.apache.catalina.core.StandardService.startInternal Démarrage du service [Catalina]
20-Apr-2026 16:12:57.226 INFOS [main] org.apache.catalina.core.StandardEngine.startInternal Démarrage du moteur de Servlets : [Apache Tomcat/10.1.31]
20-Apr-2026 16:12:57.243 INFOS [main] org.apache.catalina.startup.HostConfig.deployWAR Déploiement de l'archive [C:\Users\Ahmed Aziz\.gemini\antigravity\scratch\covoiturage\.tools\apache-tomcat-10.1.31\webapps\ROOT.war] de l'application web
20-Apr-2026 16:12:58.013 INFOS [main] org.apache.catalina.startup.HostConfig.deployWAR Le déploiement de l'archive de l'application web [C:\Users\Ahmed Aziz\.gemini\antigravity\scratch\covoiturage\.tools\apache-tomcat-10.1.31\webapps\ROOT.war] s'est terminé en [767] ms
20-Apr-2026 16:12:58.014 INFOS [main] org.apache.catalina.startup.HostConfig.deployDirectory Déploiement du répertoire d'application web [C:\Users\Ahmed Aziz\.gemini\antigravity\scratch\covoiturage\.tools\apache-tomcat-10.1.31\webapps\docs]
20-Apr-2026 16:12:58.065 INFOS [main] org.apache.catalina.startup.HostConfig.deployDirectory Le déploiement du répertoire [C:\Users\Ahmed Aziz\.gemini\antigravity\scratch\covoiturage\.tools\apache-tomcat-10.1.31\webapps\docs] de l'application web s'est terminé en [51] ms
20-Apr-2026 16:12:58.066 INFOS [main] org.apache.catalina.startup.HostConfig.deployDirectory Déploiement du répertoire d'application web [C:\Users\Ahmed Aziz\.gemini\antigravity\scratch\covoiturage\.tools\apache-tomcat-10.1.31\webapps\examples]
20-Apr-2026 16:12:58.428 INFOS [main] org.apache.catalina.startup.HostConfig.deployDirectory Le déploiement du répertoire [C:\Users\Ahmed Aziz\.gemini\antigravity\scratch\covoiturage\.tools\apache-tomcat-10.1.31\webapps\examples] de l'application web s'est terminé en [362] ms
20-Apr-2026 16:12:58.429 INFOS [main] org.apache.catalina.startup.HostConfig.deployDirectory Déploiement du répertoire d'application web [C:\Users\Ahmed Aziz\.gemini\antigravity\scratch\covoiturage\.tools\apache-tomcat-10.1.31\webapps\host-manager]
20-Apr-2026 16:12:58.471 INFOS [main] org.apache.catalina.startup.HostConfig.deployDirectory Le déploiement du répertoire [C:\Users\Ahmed Aziz\.gemini\antigravity\scratch\covoiturage\.tools\apache-tomcat-10.1.31\webapps\host-manager] de l'application web s'est terminé en [41] ms
20-Apr-2026 16:12:58.471 INFOS [main] org.apache.catalina.startup.HostConfig.deployDirectory Déploiement du répertoire d'application web [C:\Users\Ahmed Aziz\.gemini\antigravity\scratch\covoiturage\.tools\apache-tomcat-10.1.31\webapps\manager]
20-Apr-2026 16:12:58.511 INFOS [main] org.apache.catalina.startup.HostConfig.deployDirectory Le déploiement du répertoire [C:\Users\Ahmed Aziz\.gemini\antigravity\scratch\covoiturage\.tools\apache-tomcat-10.1.31\webapps\manager] de l'application web s'est terminé en [40] ms
20-Apr-2026 16:12:58.515 INFOS [main] org.apache.coyote.AbstractProtocol.start Démarrage du gestionnaire de protocole ["http-nio-8080"]
20-Apr-2026 16:12:58.538 INFOS [main] org.apache.catalina.startup.Catalina.start Le démarrage du serveur a pris [1376] millisecondes
20-Apr-2026 18:08:34.167 INFOS [Catalina-utility-2] org.apache.catalina.startup.HostConfig.undeploy Retrait de l'application web ayant pour chemin de contexte []
20-Apr-2026 18:08:34.181 AVERTISSEMENT [Catalina-utility-2] org.apache.catalina.loader.WebappClassLoaderBase.clearReferencesJdbc L'application web [ROOT] a enregistré un pilote JDBC [org.h2.Driver], mais ne l'a pas désenregistré avant l'arrêt de l'application.  Pour éviter une fuite de mémoire, le pilote JDBC a été désenregistré de force.
20-Apr-2026 18:08:34.183 AVERTISSEMENT [Catalina-utility-2] org.apache.catalina.loader.WebappClassLoaderBase.clearReferencesThreads L'application web [ROOT] semble avoir démarré un thread nommé [MVStore background writer C:/Users/Ahmed Aziz/.gemini/antigravity/scratch/covoiturage/covoiturage_db.mv.db] mais ne l'a pas arrêté, ce qui va probablement créer une fuite de mémoire ; la trace du thread est : 
 java.base/java.lang.Object.wait0(Native Method)
 java.base/java.lang.Object.wait(Object.java:366)
 org.h2.mvstore.FileStore$BackgroundWriterThread.run(FileStore.java:2242)
20-Apr-2026 18:08:34.185 AVERTISSEMENT [Catalina-utility-2] org.apache.catalina.loader.WebappClassLoaderBase.clearReferencesThreads L'application web [ROOT] semble avoir démarré un thread nommé [H2-serialization] mais ne l'a pas arrêté, ce qui va probablement créer une fuite de mémoire ; la trace du thread est : 
 java.base/jdk.internal.misc.Unsafe.park(Native Method)
 java.base/java.util.concurrent.locks.LockSupport.park(LockSupport.java:371)
 java.base/java.util.concurrent.locks.AbstractQueuedSynchronizer$ConditionNode.block(AbstractQueuedSynchronizer.java:519)
 java.base/java.util.concurrent.ForkJoinPool.unmanagedBlock(ForkJoinPool.java:3780)
 java.base/java.util.concurrent.ForkJoinPool.managedBlock(ForkJoinPool.java:3725)
 java.base/java.util.concurrent.locks.AbstractQueuedSynchronizer$ConditionObject.await(AbstractQueuedSynchronizer.java:1746)
 java.base/java.util.concurrent.LinkedBlockingQueue.take(LinkedBlockingQueue.java:435)
 java.base/java.util.concurrent.ThreadPoolExecutor.getTask(ThreadPoolExecutor.java:1070)
 java.base/java.util.concurrent.ThreadPoolExecutor.runWorker(ThreadPoolExecutor.java:1130)
 java.base/java.util.concurrent.ThreadPoolExecutor$Worker.run(ThreadPoolExecutor.java:642)
 java.base/java.lang.Thread.run(Thread.java:1583)
20-Apr-2026 18:08:34.186 AVERTISSEMENT [Catalina-utility-2] org.apache.catalina.loader.WebappClassLoaderBase.clearReferencesThreads L'application web [ROOT] semble avoir démarré un thread nommé [H2-save] mais ne l'a pas arrêté, ce qui va probablement créer une fuite de mémoire ; la trace du thread est : 
 java.base/jdk.internal.misc.Unsafe.park(Native Method)
 java.base/java.util.concurrent.locks.LockSupport.park(LockSupport.java:371)
 java.base/java.util.concurrent.locks.AbstractQueuedSynchronizer$ConditionNode.block(AbstractQueuedSynchronizer.java:519)
 java.base/java.util.concurrent.ForkJoinPool.unmanagedBlock(ForkJoinPool.java:3780)
 java.base/java.util.concurrent.ForkJoinPool.managedBlock(ForkJoinPool.java:3725)
 java.base/java.util.concurrent.locks.AbstractQueuedSynchronizer$ConditionObject.await(AbstractQueuedSynchronizer.java:1746)
 java.base/java.util.concurrent.LinkedBlockingQueue.take(LinkedBlockingQueue.java:435)
 java.base/java.util.concurrent.ThreadPoolExecutor.getTask(ThreadPoolExecutor.java:1070)
 java.base/java.util.concurrent.ThreadPoolExecutor.runWorker(ThreadPoolExecutor.java:1130)
 java.base/java.util.concurrent.ThreadPoolExecutor$Worker.run(ThreadPoolExecutor.java:642)
 java.base/java.lang.Thread.run(Thread.java:1583)
20-Apr-2026 18:08:34.210 INFOS [Catalina-utility-2] org.apache.catalina.startup.HostConfig.deployWAR Déploiement de l'archive [C:\Users\Ahmed Aziz\.gemini\antigravity\scratch\covoiturage\.tools\apache-tomcat-10.1.31\webapps\ROOT.war] de l'application web
20-Apr-2026 18:08:34.587 INFOS [Catalina-utility-2] org.apache.catalina.startup.HostConfig.deployWAR Le déploiement de l'archive de l'application web [C:\Users\Ahmed Aziz\.gemini\antigravity\scratch\covoiturage\.tools\apache-tomcat-10.1.31\webapps\ROOT.war] s'est terminé en [378] ms
20-Apr-2026 18:08:49.061 INFOS [main] org.apache.catalina.startup.VersionLoggerListener.log Nom version serveur :              Apache Tomcat/10.1.31
20-Apr-2026 18:08:49.068 INFOS [main] org.apache.catalina.startup.VersionLoggerListener.log Serveur compilé :                  Oct 3 2024 19:02:38 UTC
20-Apr-2026 18:08:49.069 INFOS [main] org.apache.catalina.startup.VersionLoggerListener.log Version du serveur :               10.1.31.0
20-Apr-2026 18:08:49.069 INFOS [main] org.apache.catalina.startup.VersionLoggerListener.log Nom de l'OS :                      Windows 11
20-Apr-2026 18:08:49.070 INFOS [main] org.apache.catalina.startup.VersionLoggerListener.log Version OS :                       10.0
20-Apr-2026 18:08:49.070 INFOS [main] org.apache.catalina.startup.VersionLoggerListener.log Architecture :                     amd64
20-Apr-2026 18:08:49.070 INFOS [main] org.apache.catalina.startup.VersionLoggerListener.log Java Home :                        C:\Program Files\Eclipse Adoptium\jdk-21.0.10.7-hotspot
20-Apr-2026 18:08:49.070 INFOS [main] org.apache.catalina.startup.VersionLoggerListener.log Version JVM :                      21.0.10+7-LTS
20-Apr-2026 18:08:49.070 INFOS [main] org.apache.catalina.startup.VersionLoggerListener.log Fournisseur de la JVM :            Eclipse Adoptium
20-Apr-2026 18:08:49.071 INFOS [main] org.apache.catalina.startup.VersionLoggerListener.log CATALINA_BASE :                    C:\Users\Ahmed Aziz\.gemini\antigravity\scratch\covoiturage\.tools\apache-tomcat-10.1.31
20-Apr-2026 18:08:49.071 INFOS [main] org.apache.catalina.startup.VersionLoggerListener.log CATALINA_HOME :                    C:\Users\Ahmed Aziz\.gemini\antigravity\scratch\covoiturage\.tools\apache-tomcat-10.1.31
20-Apr-2026 18:08:49.086 INFOS [main] org.apache.catalina.startup.VersionLoggerListener.log Argument de la ligne de commande : -Djava.util.logging.config.file=C:\Users\Ahmed Aziz\.gemini\antigravity\scratch\covoiturage\.tools\apache-tomcat-10.1.31\conf\logging.properties
20-Apr-2026 18:08:49.086 INFOS [main] org.apache.catalina.startup.VersionLoggerListener.log Argument de la ligne de commande : -Djava.util.logging.manager=org.apache.juli.ClassLoaderLogManager
20-Apr-2026 18:08:49.087 INFOS [main] org.apache.catalina.startup.VersionLoggerListener.log Argument de la ligne de commande : -Djdk.tls.ephemeralDHKeySize=2048
20-Apr-2026 18:08:49.087 INFOS [main] org.apache.catalina.startup.VersionLoggerListener.log Argument de la ligne de commande : -Djava.protocol.handler.pkgs=org.apache.catalina.webresources
20-Apr-2026 18:08:49.087 INFOS [main] org.apache.catalina.startup.VersionLoggerListener.log Argument de la ligne de commande : --add-opens=java.base/java.lang=ALL-UNNAMED
20-Apr-2026 18:08:49.087 INFOS [main] org.apache.catalina.startup.VersionLoggerListener.log Argument de la ligne de commande : --add-opens=java.base/java.io=ALL-UNNAMED
20-Apr-2026 18:08:49.088 INFOS [main] org.apache.catalina.startup.VersionLoggerListener.log Argument de la ligne de commande : --add-opens=java.base/java.util=ALL-UNNAMED
20-Apr-2026 18:08:49.088 INFOS [main] org.apache.catalina.startup.VersionLoggerListener.log Argument de la ligne de commande : --add-opens=java.base/java.util.concurrent=ALL-UNNAMED
20-Apr-2026 18:08:49.088 INFOS [main] org.apache.catalina.startup.VersionLoggerListener.log Argument de la ligne de commande : --add-opens=java.rmi/sun.rmi.transport=ALL-UNNAMED
20-Apr-2026 18:08:49.089 INFOS [main] org.apache.catalina.startup.VersionLoggerListener.log Argument de la ligne de commande : -Dcatalina.base=C:\Users\Ahmed Aziz\.gemini\antigravity\scratch\covoiturage\.tools\apache-tomcat-10.1.31
20-Apr-2026 18:08:49.089 INFOS [main] org.apache.catalina.startup.VersionLoggerListener.log Argument de la ligne de commande : -Dcatalina.home=C:\Users\Ahmed Aziz\.gemini\antigravity\scratch\covoiturage\.tools\apache-tomcat-10.1.31
20-Apr-2026 18:08:49.089 INFOS [main] org.apache.catalina.startup.VersionLoggerListener.log Argument de la ligne de commande : -Djava.io.tmpdir=C:\Users\Ahmed Aziz\.gemini\antigravity\scratch\covoiturage\.tools\apache-tomcat-10.1.31\temp
20-Apr-2026 18:08:49.092 INFOS [main] org.apache.catalina.core.AprLifecycleListener.lifecycleEvent Chargement de la librairie Apache Tomcat Native [2.0.8] en utilisant APR version [1.7.4]
20-Apr-2026 18:08:49.099 INFOS [main] org.apache.catalina.core.AprLifecycleListener.initializeSSL OpenSSL a été initialisé avec succès [OpenSSL 3.0.14 4 Jun 2024]
20-Apr-2026 18:08:49.343 INFOS [main] org.apache.coyote.AbstractProtocol.init Initialisation du gestionnaire de protocole ["http-nio-8080"]
20-Apr-2026 18:08:49.375 INFOS [main] org.apache.catalina.startup.Catalina.load L'initialisation du serveur a pris [510] millisecondes
20-Apr-2026 18:08:49.447 INFOS [main] org.apache.catalina.core.StandardService.startInternal Démarrage du service [Catalina]
20-Apr-2026 18:08:49.447 INFOS [main] org.apache.catalina.core.StandardEngine.startInternal Démarrage du moteur de Servlets : [Apache Tomcat/10.1.31]
20-Apr-2026 18:08:49.473 INFOS [main] org.apache.catalina.startup.HostConfig.deployWAR Déploiement de l'archive [C:\Users\Ahmed Aziz\.gemini\antigravity\scratch\covoiturage\.tools\apache-tomcat-10.1.31\webapps\ROOT.war] de l'application web
20-Apr-2026 18:08:50.374 INFOS [main] org.apache.catalina.startup.HostConfig.deployWAR Le déploiement de l'archive de l'application web [C:\Users\Ahmed Aziz\.gemini\antigravity\scratch\covoiturage\.tools\apache-tomcat-10.1.31\webapps\ROOT.war] s'est terminé en [898] ms
20-Apr-2026 18:08:50.375 INFOS [main] org.apache.catalina.startup.HostConfig.deployDirectory Déploiement du répertoire d'application web [C:\Users\Ahmed Aziz\.gemini\antigravity\scratch\covoiturage\.tools\apache-tomcat-10.1.31\webapps\docs]
20-Apr-2026 18:08:50.456 INFOS [main] org.apache.catalina.startup.HostConfig.deployDirectory Le déploiement du répertoire [C:\Users\Ahmed Aziz\.gemini\antigravity\scratch\covoiturage\.tools\apache-tomcat-10.1.31\webapps\docs] de l'application web s'est terminé en [79] ms
20-Apr-2026 18:08:50.457 INFOS [main] org.apache.catalina.startup.HostConfig.deployDirectory Déploiement du répertoire d'application web [C:\Users\Ahmed Aziz\.gemini\antigravity\scratch\covoiturage\.tools\apache-tomcat-10.1.31\webapps\examples]
20-Apr-2026 18:08:50.875 INFOS [main] org.apache.catalina.startup.HostConfig.deployDirectory Le déploiement du répertoire [C:\Users\Ahmed Aziz\.gemini\antigravity\scratch\covoiturage\.tools\apache-tomcat-10.1.31\webapps\examples] de l'application web s'est terminé en [419] ms
20-Apr-2026 18:08:50.876 INFOS [main] org.apache.catalina.startup.HostConfig.deployDirectory Déploiement du répertoire d'application web [C:\Users\Ahmed Aziz\.gemini\antigravity\scratch\covoiturage\.tools\apache-tomcat-10.1.31\webapps\host-manager]
20-Apr-2026 18:08:50.922 INFOS [main] org.apache.catalina.startup.HostConfig.deployDirectory Le déploiement du répertoire [C:\Users\Ahmed Aziz\.gemini\antigravity\scratch\covoiturage\.tools\apache-tomcat-10.1.31\webapps\host-manager] de l'application web s'est terminé en [46] ms
20-Apr-2026 18:08:50.923 INFOS [main] org.apache.catalina.startup.HostConfig.deployDirectory Déploiement du répertoire d'application web [C:\Users\Ahmed Aziz\.gemini\antigravity\scratch\covoiturage\.tools\apache-tomcat-10.1.31\webapps\manager]
20-Apr-2026 18:08:50.973 INFOS [main] org.apache.catalina.startup.HostConfig.deployDirectory Le déploiement du répertoire [C:\Users\Ahmed Aziz\.gemini\antigravity\scratch\covoiturage\.tools\apache-tomcat-10.1.31\webapps\manager] de l'application web s'est terminé en [50] ms
20-Apr-2026 18:08:50.982 INFOS [main] org.apache.coyote.AbstractProtocol.start Démarrage du gestionnaire de protocole ["http-nio-8080"]
20-Apr-2026 18:08:51.019 INFOS [main] org.apache.catalina.startup.Catalina.start Le démarrage du serveur a pris [1641] millisecondes
20-Apr-2026 18:19:02.664 INFOS [Catalina-utility-1] org.apache.catalina.startup.HostConfig.undeploy Retrait de l'application web ayant pour chemin de contexte []
20-Apr-2026 18:19:02.671 AVERTISSEMENT [Catalina-utility-1] org.apache.catalina.loader.WebappClassLoaderBase.clearReferencesJdbc L'application web [ROOT] a enregistré un pilote JDBC [org.h2.Driver], mais ne l'a pas désenregistré avant l'arrêt de l'application.  Pour éviter une fuite de mémoire, le pilote JDBC a été désenregistré de force.
20-Apr-2026 18:19:02.672 AVERTISSEMENT [Catalina-utility-1] org.apache.catalina.loader.WebappClassLoaderBase.clearReferencesThreads L'application web [ROOT] semble avoir démarré un thread nommé [MVStore background writer C:/Users/Ahmed Aziz/.gemini/antigravity/scratch/covoiturage/covoiturage_db.mv.db] mais ne l'a pas arrêté, ce qui va probablement créer une fuite de mémoire ; la trace du thread est : 
 java.base/java.lang.Object.wait0(Native Method)
 java.base/java.lang.Object.wait(Object.java:366)
 org.h2.mvstore.FileStore$BackgroundWriterThread.run(FileStore.java:2242)
20-Apr-2026 18:19:02.673 AVERTISSEMENT [Catalina-utility-1] org.apache.catalina.loader.WebappClassLoaderBase.clearReferencesThreads L'application web [ROOT] semble avoir démarré un thread nommé [H2-serialization] mais ne l'a pas arrêté, ce qui va probablement créer une fuite de mémoire ; la trace du thread est : 
 java.base/jdk.internal.misc.Unsafe.park(Native Method)
 java.base/java.util.concurrent.locks.LockSupport.park(LockSupport.java:371)
 java.base/java.util.concurrent.locks.AbstractQueuedSynchronizer$ConditionNode.block(AbstractQueuedSynchronizer.java:519)
 java.base/java.util.concurrent.ForkJoinPool.unmanagedBlock(ForkJoinPool.java:3780)
 java.base/java.util.concurrent.ForkJoinPool.managedBlock(ForkJoinPool.java:3725)
 java.base/java.util.concurrent.locks.AbstractQueuedSynchronizer$ConditionObject.await(AbstractQueuedSynchronizer.java:1746)
 java.base/java.util.concurrent.LinkedBlockingQueue.take(LinkedBlockingQueue.java:435)
 java.base/java.util.concurrent.ThreadPoolExecutor.getTask(ThreadPoolExecutor.java:1070)
 java.base/java.util.concurrent.ThreadPoolExecutor.runWorker(ThreadPoolExecutor.java:1130)
 java.base/java.util.concurrent.ThreadPoolExecutor$Worker.run(ThreadPoolExecutor.java:642)
 java.base/java.lang.Thread.run(Thread.java:1583)
20-Apr-2026 18:19:02.673 AVERTISSEMENT [Catalina-utility-1] org.apache.catalina.loader.WebappClassLoaderBase.clearReferencesThreads L'application web [ROOT] semble avoir démarré un thread nommé [H2-save] mais ne l'a pas arrêté, ce qui va probablement créer une fuite de mémoire ; la trace du thread est : 
 java.base/jdk.internal.misc.Unsafe.park(Native Method)
 java.base/java.util.concurrent.locks.LockSupport.park(LockSupport.java:371)
 java.base/java.util.concurrent.locks.AbstractQueuedSynchronizer$ConditionNode.block(AbstractQueuedSynchronizer.java:519)
 java.base/java.util.concurrent.ForkJoinPool.unmanagedBlock(ForkJoinPool.java:3780)
 java.base/java.util.concurrent.ForkJoinPool.managedBlock(ForkJoinPool.java:3725)
 java.base/java.util.concurrent.locks.AbstractQueuedSynchronizer$ConditionObject.await(AbstractQueuedSynchronizer.java:1746)
 java.base/java.util.concurrent.LinkedBlockingQueue.take(LinkedBlockingQueue.java:435)
 java.base/java.util.concurrent.ThreadPoolExecutor.getTask(ThreadPoolExecutor.java:1070)
 java.base/java.util.concurrent.ThreadPoolExecutor.runWorker(ThreadPoolExecutor.java:1130)
 java.base/java.util.concurrent.ThreadPoolExecutor$Worker.run(ThreadPoolExecutor.java:642)
 java.base/java.lang.Thread.run(Thread.java:1583)
20-Apr-2026 18:19:02.714 INFOS [Catalina-utility-1] org.apache.catalina.startup.HostConfig.deployWAR Déploiement de l'archive [C:\Users\Ahmed Aziz\.gemini\antigravity\scratch\covoiturage\.tools\apache-tomcat-10.1.31\webapps\ROOT.war] de l'application web
20-Apr-2026 18:19:03.053 INFOS [Catalina-utility-1] org.apache.catalina.startup.HostConfig.deployWAR Le déploiement de l'archive de l'application web [C:\Users\Ahmed Aziz\.gemini\antigravity\scratch\covoiturage\.tools\apache-tomcat-10.1.31\webapps\ROOT.war] s'est terminé en [339] ms
20-Apr-2026 18:19:10.807 INFOS [main] org.apache.catalina.startup.VersionLoggerListener.log Nom version serveur :              Apache Tomcat/10.1.31
20-Apr-2026 18:19:10.813 INFOS [main] org.apache.catalina.startup.VersionLoggerListener.log Serveur compilé :                  Oct 3 2024 19:02:38 UTC
20-Apr-2026 18:19:10.814 INFOS [main] org.apache.catalina.startup.VersionLoggerListener.log Version du serveur :               10.1.31.0
20-Apr-2026 18:19:10.814 INFOS [main] org.apache.catalina.startup.VersionLoggerListener.log Nom de l'OS :                      Windows 11
20-Apr-2026 18:19:10.814 INFOS [main] org.apache.catalina.startup.VersionLoggerListener.log Version OS :                       10.0
20-Apr-2026 18:19:10.815 INFOS [main] org.apache.catalina.startup.VersionLoggerListener.log Architecture :                     amd64
20-Apr-2026 18:19:10.815 INFOS [main] org.apache.catalina.startup.VersionLoggerListener.log Java Home :                        C:\Program Files\Eclipse Adoptium\jdk-21.0.10.7-hotspot
20-Apr-2026 18:19:10.815 INFOS [main] org.apache.catalina.startup.VersionLoggerListener.log Version JVM :                      21.0.10+7-LTS
20-Apr-2026 18:19:10.815 INFOS [main] org.apache.catalina.startup.VersionLoggerListener.log Fournisseur de la JVM :            Eclipse Adoptium
20-Apr-2026 18:19:10.815 INFOS [main] org.apache.catalina.startup.VersionLoggerListener.log CATALINA_BASE :                    C:\Users\Ahmed Aziz\.gemini\antigravity\scratch\covoiturage\.tools\apache-tomcat-10.1.31
20-Apr-2026 18:19:10.816 INFOS [main] org.apache.catalina.startup.VersionLoggerListener.log CATALINA_HOME :                    C:\Users\Ahmed Aziz\.gemini\antigravity\scratch\covoiturage\.tools\apache-tomcat-10.1.31
20-Apr-2026 18:19:10.832 INFOS [main] org.apache.catalina.startup.VersionLoggerListener.log Argument de la ligne de commande : -Djava.util.logging.config.file=C:\Users\Ahmed Aziz\.gemini\antigravity\scratch\covoiturage\.tools\apache-tomcat-10.1.31\conf\logging.properties
20-Apr-2026 18:19:10.832 INFOS [main] org.apache.catalina.startup.VersionLoggerListener.log Argument de la ligne de commande : -Djava.util.logging.manager=org.apache.juli.ClassLoaderLogManager
20-Apr-2026 18:19:10.833 INFOS [main] org.apache.catalina.startup.VersionLoggerListener.log Argument de la ligne de commande : -Djdk.tls.ephemeralDHKeySize=2048
20-Apr-2026 18:19:10.833 INFOS [main] org.apache.catalina.startup.VersionLoggerListener.log Argument de la ligne de commande : -Djava.protocol.handler.pkgs=org.apache.catalina.webresources
20-Apr-2026 18:19:10.833 INFOS [main] org.apache.catalina.startup.VersionLoggerListener.log Argument de la ligne de commande : --add-opens=java.base/java.lang=ALL-UNNAMED
20-Apr-2026 18:19:10.834 INFOS [main] org.apache.catalina.startup.VersionLoggerListener.log Argument de la ligne de commande : --add-opens=java.base/java.io=ALL-UNNAMED
20-Apr-2026 18:19:10.834 INFOS [main] org.apache.catalina.startup.VersionLoggerListener.log Argument de la ligne de commande : --add-opens=java.base/java.util=ALL-UNNAMED
20-Apr-2026 18:19:10.834 INFOS [main] org.apache.catalina.startup.VersionLoggerListener.log Argument de la ligne de commande : --add-opens=java.base/java.util.concurrent=ALL-UNNAMED
20-Apr-2026 18:19:10.835 INFOS [main] org.apache.catalina.startup.VersionLoggerListener.log Argument de la ligne de commande : --add-opens=java.rmi/sun.rmi.transport=ALL-UNNAMED
20-Apr-2026 18:19:10.835 INFOS [main] org.apache.catalina.startup.VersionLoggerListener.log Argument de la ligne de commande : -Dcatalina.base=C:\Users\Ahmed Aziz\.gemini\antigravity\scratch\covoiturage\.tools\apache-tomcat-10.1.31
20-Apr-2026 18:19:10.835 INFOS [main] org.apache.catalina.startup.VersionLoggerListener.log Argument de la ligne de commande : -Dcatalina.home=C:\Users\Ahmed Aziz\.gemini\antigravity\scratch\covoiturage\.tools\apache-tomcat-10.1.31
20-Apr-2026 18:19:10.835 INFOS [main] org.apache.catalina.startup.VersionLoggerListener.log Argument de la ligne de commande : -Djava.io.tmpdir=C:\Users\Ahmed Aziz\.gemini\antigravity\scratch\covoiturage\.tools\apache-tomcat-10.1.31\temp
20-Apr-2026 18:19:10.840 INFOS [main] org.apache.catalina.core.AprLifecycleListener.lifecycleEvent Chargement de la librairie Apache Tomcat Native [2.0.8] en utilisant APR version [1.7.4]
20-Apr-2026 18:19:10.846 INFOS [main] org.apache.catalina.core.AprLifecycleListener.initializeSSL OpenSSL a été initialisé avec succès [OpenSSL 3.0.14 4 Jun 2024]
20-Apr-2026 18:19:11.097 INFOS [main] org.apache.coyote.AbstractProtocol.init Initialisation du gestionnaire de protocole ["http-nio-8080"]
20-Apr-2026 18:19:11.131 INFOS [main] org.apache.catalina.startup.Catalina.load L'initialisation du serveur a pris [517] millisecondes
20-Apr-2026 18:19:11.194 INFOS [main] org.apache.catalina.core.StandardService.startInternal Démarrage du service [Catalina]
20-Apr-2026 18:19:11.194 INFOS [main] org.apache.catalina.core.StandardEngine.startInternal Démarrage du moteur de Servlets : [Apache Tomcat/10.1.31]
20-Apr-2026 18:19:11.217 INFOS [main] org.apache.catalina.startup.HostConfig.deployWAR Déploiement de l'archive [C:\Users\Ahmed Aziz\.gemini\antigravity\scratch\covoiturage\.tools\apache-tomcat-10.1.31\webapps\ROOT.war] de l'application web
20-Apr-2026 18:19:12.113 INFOS [main] org.apache.catalina.startup.HostConfig.deployWAR Le déploiement de l'archive de l'application web [C:\Users\Ahmed Aziz\.gemini\antigravity\scratch\covoiturage\.tools\apache-tomcat-10.1.31\webapps\ROOT.war] s'est terminé en [892] ms
20-Apr-2026 18:19:12.114 INFOS [main] org.apache.catalina.startup.HostConfig.deployDirectory Déploiement du répertoire d'application web [C:\Users\Ahmed Aziz\.gemini\antigravity\scratch\covoiturage\.tools\apache-tomcat-10.1.31\webapps\docs]
20-Apr-2026 18:19:12.161 INFOS [main] org.apache.catalina.startup.HostConfig.deployDirectory Le déploiement du répertoire [C:\Users\Ahmed Aziz\.gemini\antigravity\scratch\covoiturage\.tools\apache-tomcat-10.1.31\webapps\docs] de l'application web s'est terminé en [45] ms
20-Apr-2026 18:19:12.161 INFOS [main] org.apache.catalina.startup.HostConfig.deployDirectory Déploiement du répertoire d'application web [C:\Users\Ahmed Aziz\.gemini\antigravity\scratch\covoiturage\.tools\apache-tomcat-10.1.31\webapps\examples]
20-Apr-2026 18:19:12.572 INFOS [main] org.apache.catalina.startup.HostConfig.deployDirectory Le déploiement du répertoire [C:\Users\Ahmed Aziz\.gemini\antigravity\scratch\covoiturage\.tools\apache-tomcat-10.1.31\webapps\examples] de l'application web s'est terminé en [411] ms
20-Apr-2026 18:19:12.572 INFOS [main] org.apache.catalina.startup.HostConfig.deployDirectory Déploiement du répertoire d'application web [C:\Users\Ahmed Aziz\.gemini\antigravity\scratch\covoiturage\.tools\apache-tomcat-10.1.31\webapps\host-manager]
20-Apr-2026 18:19:12.626 INFOS [main] org.apache.catalina.startup.HostConfig.deployDirectory Le déploiement du répertoire [C:\Users\Ahmed Aziz\.gemini\antigravity\scratch\covoiturage\.tools\apache-tomcat-10.1.31\webapps\host-manager] de l'application web s'est terminé en [54] ms
20-Apr-2026 18:19:12.627 INFOS [main] org.apache.catalina.startup.HostConfig.deployDirectory Déploiement du répertoire d'application web [C:\Users\Ahmed Aziz\.gemini\antigravity\scratch\covoiturage\.tools\apache-tomcat-10.1.31\webapps\manager]
20-Apr-2026 18:19:12.675 INFOS [main] org.apache.catalina.startup.HostConfig.deployDirectory Le déploiement du répertoire [C:\Users\Ahmed Aziz\.gemini\antigravity\scratch\covoiturage\.tools\apache-tomcat-10.1.31\webapps\manager] de l'application web s'est terminé en [48] ms
20-Apr-2026 18:19:12.680 INFOS [main] org.apache.coyote.AbstractProtocol.start Démarrage du gestionnaire de protocole ["http-nio-8080"]
20-Apr-2026 18:19:12.714 INFOS [main] org.apache.catalina.startup.Catalina.start Le démarrage du serveur a pris [1582] millisecondes
20-Apr-2026 18:21:29.752 INFOS [main] org.apache.catalina.startup.VersionLoggerListener.log Nom version serveur :              Apache Tomcat/10.1.31
20-Apr-2026 18:21:29.757 INFOS [main] org.apache.catalina.startup.VersionLoggerListener.log Serveur compilé :                  Oct 3 2024 19:02:38 UTC
20-Apr-2026 18:21:29.757 INFOS [main] org.apache.catalina.startup.VersionLoggerListener.log Version du serveur :               10.1.31.0
20-Apr-2026 18:21:29.757 INFOS [main] org.apache.catalina.startup.VersionLoggerListener.log Nom de l'OS :                      Windows 11
20-Apr-2026 18:21:29.759 INFOS [main] org.apache.catalina.startup.VersionLoggerListener.log Version OS :                       10.0
20-Apr-2026 18:21:29.759 INFOS [main] org.apache.catalina.startup.VersionLoggerListener.log Architecture :                     amd64
20-Apr-2026 18:21:29.759 INFOS [main] org.apache.catalina.startup.VersionLoggerListener.log Java Home :                        C:\Program Files\Eclipse Adoptium\jdk-21.0.10.7-hotspot
20-Apr-2026 18:21:29.759 INFOS [main] org.apache.catalina.startup.VersionLoggerListener.log Version JVM :                      21.0.10+7-LTS
20-Apr-2026 18:21:29.760 INFOS [main] org.apache.catalina.startup.VersionLoggerListener.log Fournisseur de la JVM :            Eclipse Adoptium
20-Apr-2026 18:21:29.760 INFOS [main] org.apache.catalina.startup.VersionLoggerListener.log CATALINA_BASE :                    C:\Users\Ahmed Aziz\.gemini\antigravity\scratch\covoiturage\.tools\apache-tomcat-10.1.31
20-Apr-2026 18:21:29.760 INFOS [main] org.apache.catalina.startup.VersionLoggerListener.log CATALINA_HOME :                    C:\Users\Ahmed Aziz\.gemini\antigravity\scratch\covoiturage\.tools\apache-tomcat-10.1.31
20-Apr-2026 18:21:29.770 INFOS [main] org.apache.catalina.startup.VersionLoggerListener.log Argument de la ligne de commande : -Djava.util.logging.config.file=C:\Users\Ahmed Aziz\.gemini\antigravity\scratch\covoiturage\.tools\apache-tomcat-10.1.31\conf\logging.properties
20-Apr-2026 18:21:29.770 INFOS [main] org.apache.catalina.startup.VersionLoggerListener.log Argument de la ligne de commande : -Djava.util.logging.manager=org.apache.juli.ClassLoaderLogManager
20-Apr-2026 18:21:29.770 INFOS [main] org.apache.catalina.startup.VersionLoggerListener.log Argument de la ligne de commande : -Djdk.tls.ephemeralDHKeySize=2048
20-Apr-2026 18:21:29.771 INFOS [main] org.apache.catalina.startup.VersionLoggerListener.log Argument de la ligne de commande : -Djava.protocol.handler.pkgs=org.apache.catalina.webresources
20-Apr-2026 18:21:29.771 INFOS [main] org.apache.catalina.startup.VersionLoggerListener.log Argument de la ligne de commande : --add-opens=java.base/java.lang=ALL-UNNAMED
20-Apr-2026 18:21:29.771 INFOS [main] org.apache.catalina.startup.VersionLoggerListener.log Argument de la ligne de commande : --add-opens=java.base/java.io=ALL-UNNAMED
20-Apr-2026 18:21:29.771 INFOS [main] org.apache.catalina.startup.VersionLoggerListener.log Argument de la ligne de commande : --add-opens=java.base/java.util=ALL-UNNAMED
20-Apr-2026 18:21:29.772 INFOS [main] org.apache.catalina.startup.VersionLoggerListener.log Argument de la ligne de commande : --add-opens=java.base/java.util.concurrent=ALL-UNNAMED
20-Apr-2026 18:21:29.772 INFOS [main] org.apache.catalina.startup.VersionLoggerListener.log Argument de la ligne de commande : --add-opens=java.rmi/sun.rmi.transport=ALL-UNNAMED
20-Apr-2026 18:21:29.772 INFOS [main] org.apache.catalina.startup.VersionLoggerListener.log Argument de la ligne de commande : -Dcatalina.base=C:\Users\Ahmed Aziz\.gemini\antigravity\scratch\covoiturage\.tools\apache-tomcat-10.1.31
20-Apr-2026 18:21:29.773 INFOS [main] org.apache.catalina.startup.VersionLoggerListener.log Argument de la ligne de commande : -Dcatalina.home=C:\Users\Ahmed Aziz\.gemini\antigravity\scratch\covoiturage\.tools\apache-tomcat-10.1.31
20-Apr-2026 18:21:29.773 INFOS [main] org.apache.catalina.startup.VersionLoggerListener.log Argument de la ligne de commande : -Djava.io.tmpdir=C:\Users\Ahmed Aziz\.gemini\antigravity\scratch\covoiturage\.tools\apache-tomcat-10.1.31\temp
20-Apr-2026 18:21:29.776 INFOS [main] org.apache.catalina.core.AprLifecycleListener.lifecycleEvent Chargement de la librairie Apache Tomcat Native [2.0.8] en utilisant APR version [1.7.4]
20-Apr-2026 18:21:29.785 INFOS [main] org.apache.catalina.core.AprLifecycleListener.initializeSSL OpenSSL a été initialisé avec succès [OpenSSL 3.0.14 4 Jun 2024]
20-Apr-2026 18:21:30.117 INFOS [main] org.apache.coyote.AbstractProtocol.init Initialisation du gestionnaire de protocole ["http-nio-8080"]
20-Apr-2026 18:21:30.155 INFOS [main] org.apache.catalina.startup.Catalina.load L'initialisation du serveur a pris [642] millisecondes
20-Apr-2026 18:21:30.230 INFOS [main] org.apache.catalina.core.StandardService.startInternal Démarrage du service [Catalina]
20-Apr-2026 18:21:30.230 INFOS [main] org.apache.catalina.core.StandardEngine.startInternal Démarrage du moteur de Servlets : [Apache Tomcat/10.1.31]
20-Apr-2026 18:21:30.262 INFOS [main] org.apache.catalina.startup.HostConfig.deployWAR Déploiement de l'archive [C:\Users\Ahmed Aziz\.gemini\antigravity\scratch\covoiturage\.tools\apache-tomcat-10.1.31\webapps\ROOT.war] de l'application web
20-Apr-2026 18:21:31.381 INFOS [main] org.apache.catalina.startup.HostConfig.deployWAR Le déploiement de l'archive de l'application web [C:\Users\Ahmed Aziz\.gemini\antigravity\scratch\covoiturage\.tools\apache-tomcat-10.1.31\webapps\ROOT.war] s'est terminé en [1 115] ms
20-Apr-2026 18:21:31.383 INFOS [main] org.apache.catalina.startup.HostConfig.deployDirectory Déploiement du répertoire d'application web [C:\Users\Ahmed Aziz\.gemini\antigravity\scratch\covoiturage\.tools\apache-tomcat-10.1.31\webapps\docs]
20-Apr-2026 18:21:31.443 INFOS [main] org.apache.catalina.startup.HostConfig.deployDirectory Le déploiement du répertoire [C:\Users\Ahmed Aziz\.gemini\antigravity\scratch\covoiturage\.tools\apache-tomcat-10.1.31\webapps\docs] de l'application web s'est terminé en [59] ms
20-Apr-2026 18:21:31.443 INFOS [main] org.apache.catalina.startup.HostConfig.deployDirectory Déploiement du répertoire d'application web [C:\Users\Ahmed Aziz\.gemini\antigravity\scratch\covoiturage\.tools\apache-tomcat-10.1.31\webapps\examples]
20-Apr-2026 18:21:31.908 INFOS [main] org.apache.catalina.startup.HostConfig.deployDirectory Le déploiement du répertoire [C:\Users\Ahmed Aziz\.gemini\antigravity\scratch\covoiturage\.tools\apache-tomcat-10.1.31\webapps\examples] de l'application web s'est terminé en [465] ms
20-Apr-2026 18:21:31.909 INFOS [main] org.apache.catalina.startup.HostConfig.deployDirectory Déploiement du répertoire d'application web [C:\Users\Ahmed Aziz\.gemini\antigravity\scratch\covoiturage\.tools\apache-tomcat-10.1.31\webapps\host-manager]
20-Apr-2026 18:21:31.968 INFOS [main] org.apache.catalina.startup.HostConfig.deployDirectory Le déploiement du répertoire [C:\Users\Ahmed Aziz\.gemini\antigravity\scratch\covoiturage\.tools\apache-tomcat-10.1.31\webapps\host-manager] de l'application web s'est terminé en [59] ms
20-Apr-2026 18:21:31.968 INFOS [main] org.apache.catalina.startup.HostConfig.deployDirectory Déploiement du répertoire d'application web [C:\Users\Ahmed Aziz\.gemini\antigravity\scratch\covoiturage\.tools\apache-tomcat-10.1.31\webapps\manager]
20-Apr-2026 18:21:32.013 INFOS [main] org.apache.catalina.startup.HostConfig.deployDirectory Le déploiement du répertoire [C:\Users\Ahmed Aziz\.gemini\antigravity\scratch\covoiturage\.tools\apache-tomcat-10.1.31\webapps\manager] de l'application web s'est terminé en [45] ms
20-Apr-2026 18:21:32.020 INFOS [main] org.apache.coyote.AbstractProtocol.start Démarrage du gestionnaire de protocole ["http-nio-8080"]
20-Apr-2026 18:21:32.046 INFOS [main] org.apache.catalina.startup.Catalina.start Le démarrage du serveur a pris [1889] millisecondes
20-Apr-2026 18:22:37.708 INFOS [main] org.apache.catalina.startup.VersionLoggerListener.log Nom version serveur :              Apache Tomcat/10.1.31
20-Apr-2026 18:22:37.714 INFOS [main] org.apache.catalina.startup.VersionLoggerListener.log Serveur compilé :                  Oct 3 2024 19:02:38 UTC
20-Apr-2026 18:22:37.714 INFOS [main] org.apache.catalina.startup.VersionLoggerListener.log Version du serveur :               10.1.31.0
20-Apr-2026 18:22:37.714 INFOS [main] org.apache.catalina.startup.VersionLoggerListener.log Nom de l'OS :                      Windows 11
20-Apr-2026 18:22:37.715 INFOS [main] org.apache.catalina.startup.VersionLoggerListener.log Version OS :                       10.0
20-Apr-2026 18:22:37.715 INFOS [main] org.apache.catalina.startup.VersionLoggerListener.log Architecture :                     amd64
20-Apr-2026 18:22:37.715 INFOS [main] org.apache.catalina.startup.VersionLoggerListener.log Java Home :                        C:\Program Files\Eclipse Adoptium\jdk-21.0.10.7-hotspot
20-Apr-2026 18:22:37.715 INFOS [main] org.apache.catalina.startup.VersionLoggerListener.log Version JVM :                      21.0.10+7-LTS
20-Apr-2026 18:22:37.715 INFOS [main] org.apache.catalina.startup.VersionLoggerListener.log Fournisseur de la JVM :            Eclipse Adoptium
20-Apr-2026 18:22:37.715 INFOS [main] org.apache.catalina.startup.VersionLoggerListener.log CATALINA_BASE :                    C:\Users\Ahmed Aziz\.gemini\antigravity\scratch\covoiturage\.tools\apache-tomcat-10.1.31
20-Apr-2026 18:22:37.715 INFOS [main] org.apache.catalina.startup.VersionLoggerListener.log CATALINA_HOME :                    C:\Users\Ahmed Aziz\.gemini\antigravity\scratch\covoiturage\.tools\apache-tomcat-10.1.31
20-Apr-2026 18:22:37.727 INFOS [main] org.apache.catalina.startup.VersionLoggerListener.log Argument de la ligne de commande : -Djava.util.logging.config.file=c:\Users\Ahmed Aziz\.gemini\antigravity\scratch\covoiturage\.tools\apache-tomcat-10.1.31\conf\logging.properties
20-Apr-2026 18:22:37.727 INFOS [main] org.apache.catalina.startup.VersionLoggerListener.log Argument de la ligne de commande : -Djava.util.logging.manager=org.apache.juli.ClassLoaderLogManager
20-Apr-2026 18:22:37.727 INFOS [main] org.apache.catalina.startup.VersionLoggerListener.log Argument de la ligne de commande : -Djdk.tls.ephemeralDHKeySize=2048
20-Apr-2026 18:22:37.727 INFOS [main] org.apache.catalina.startup.VersionLoggerListener.log Argument de la ligne de commande : -Djava.protocol.handler.pkgs=org.apache.catalina.webresources
20-Apr-2026 18:22:37.727 INFOS [main] org.apache.catalina.startup.VersionLoggerListener.log Argument de la ligne de commande : --add-opens=java.base/java.lang=ALL-UNNAMED
20-Apr-2026 18:22:37.727 INFOS [main] org.apache.catalina.startup.VersionLoggerListener.log Argument de la ligne de commande : --add-opens=java.base/java.io=ALL-UNNAMED
20-Apr-2026 18:22:37.727 INFOS [main] org.apache.catalina.startup.VersionLoggerListener.log Argument de la ligne de commande : --add-opens=java.base/java.util=ALL-UNNAMED
20-Apr-2026 18:22:37.728 INFOS [main] org.apache.catalina.startup.VersionLoggerListener.log Argument de la ligne de commande : --add-opens=java.base/java.util.concurrent=ALL-UNNAMED
20-Apr-2026 18:22:37.728 INFOS [main] org.apache.catalina.startup.VersionLoggerListener.log Argument de la ligne de commande : --add-opens=java.rmi/sun.rmi.transport=ALL-UNNAMED
20-Apr-2026 18:22:37.728 INFOS [main] org.apache.catalina.startup.VersionLoggerListener.log Argument de la ligne de commande : -Dcatalina.base=c:\Users\Ahmed Aziz\.gemini\antigravity\scratch\covoiturage\.tools\apache-tomcat-10.1.31
20-Apr-2026 18:22:37.728 INFOS [main] org.apache.catalina.startup.VersionLoggerListener.log Argument de la ligne de commande : -Dcatalina.home=c:\Users\Ahmed Aziz\.gemini\antigravity\scratch\covoiturage\.tools\apache-tomcat-10.1.31
20-Apr-2026 18:22:37.728 INFOS [main] org.apache.catalina.startup.VersionLoggerListener.log Argument de la ligne de commande : -Djava.io.tmpdir=c:\Users\Ahmed Aziz\.gemini\antigravity\scratch\covoiturage\.tools\apache-tomcat-10.1.31\temp
20-Apr-2026 18:22:37.731 INFOS [main] org.apache.catalina.core.AprLifecycleListener.lifecycleEvent Chargement de la librairie Apache Tomcat Native [2.0.8] en utilisant APR version [1.7.4]
20-Apr-2026 18:22:37.746 INFOS [main] org.apache.catalina.core.AprLifecycleListener.initializeSSL OpenSSL a été initialisé avec succès [OpenSSL 3.0.14 4 Jun 2024]
20-Apr-2026 18:22:37.994 INFOS [main] org.apache.coyote.AbstractProtocol.init Initialisation du gestionnaire de protocole ["http-nio-8080"]
20-Apr-2026 18:22:38.028 INFOS [main] org.apache.catalina.startup.Catalina.load L'initialisation du serveur a pris [506] millisecondes
20-Apr-2026 18:22:38.136 INFOS [main] org.apache.catalina.core.StandardService.startInternal Démarrage du service [Catalina]
20-Apr-2026 18:22:38.136 INFOS [main] org.apache.catalina.core.StandardEngine.startInternal Démarrage du moteur de Servlets : [Apache Tomcat/10.1.31]
20-Apr-2026 18:22:38.166 INFOS [main] org.apache.catalina.startup.HostConfig.deployWAR Déploiement de l'archive [C:\Users\Ahmed Aziz\.gemini\antigravity\scratch\covoiturage\.tools\apache-tomcat-10.1.31\webapps\ROOT.war] de l'application web
20-Apr-2026 18:22:39.206 INFOS [main] org.apache.catalina.startup.HostConfig.deployWAR Le déploiement de l'archive de l'application web [C:\Users\Ahmed Aziz\.gemini\antigravity\scratch\covoiturage\.tools\apache-tomcat-10.1.31\webapps\ROOT.war] s'est terminé en [1 038] ms
20-Apr-2026 18:22:39.207 INFOS [main] org.apache.catalina.startup.HostConfig.deployDirectory Déploiement du répertoire d'application web [C:\Users\Ahmed Aziz\.gemini\antigravity\scratch\covoiturage\.tools\apache-tomcat-10.1.31\webapps\docs]
20-Apr-2026 18:22:39.265 INFOS [main] org.apache.catalina.startup.HostConfig.deployDirectory Le déploiement du répertoire [C:\Users\Ahmed Aziz\.gemini\antigravity\scratch\covoiturage\.tools\apache-tomcat-10.1.31\webapps\docs] de l'application web s'est terminé en [59] ms
20-Apr-2026 18:22:39.266 INFOS [main] org.apache.catalina.startup.HostConfig.deployDirectory Déploiement du répertoire d'application web [C:\Users\Ahmed Aziz\.gemini\antigravity\scratch\covoiturage\.tools\apache-tomcat-10.1.31\webapps\examples]
20-Apr-2026 18:22:39.695 INFOS [main] org.apache.catalina.startup.HostConfig.deployDirectory Le déploiement du répertoire [C:\Users\Ahmed Aziz\.gemini\antigravity\scratch\covoiturage\.tools\apache-tomcat-10.1.31\webapps\examples] de l'application web s'est terminé en [429] ms
20-Apr-2026 18:22:39.695 INFOS [main] org.apache.catalina.startup.HostConfig.deployDirectory Déploiement du répertoire d'application web [C:\Users\Ahmed Aziz\.gemini\antigravity\scratch\covoiturage\.tools\apache-tomcat-10.1.31\webapps\host-manager]
20-Apr-2026 18:22:39.743 INFOS [main] org.apache.catalina.startup.HostConfig.deployDirectory Le déploiement du répertoire [C:\Users\Ahmed Aziz\.gemini\antigravity\scratch\covoiturage\.tools\apache-tomcat-10.1.31\webapps\host-manager] de l'application web s'est terminé en [48] ms
20-Apr-2026 18:22:39.744 INFOS [main] org.apache.catalina.startup.HostConfig.deployDirectory Déploiement du répertoire d'application web [C:\Users\Ahmed Aziz\.gemini\antigravity\scratch\covoiturage\.tools\apache-tomcat-10.1.31\webapps\manager]
20-Apr-2026 18:22:39.796 INFOS [main] org.apache.catalina.startup.HostConfig.deployDirectory Le déploiement du répertoire [C:\Users\Ahmed Aziz\.gemini\antigravity\scratch\covoiturage\.tools\apache-tomcat-10.1.31\webapps\manager] de l'application web s'est terminé en [52] ms
20-Apr-2026 18:22:39.803 INFOS [main] org.apache.coyote.AbstractProtocol.start Démarrage du gestionnaire de protocole ["http-nio-8080"]
20-Apr-2026 18:22:39.832 INFOS [main] org.apache.catalina.startup.Catalina.start Le démarrage du serveur a pris [1800] millisecondes
20-Apr-2026 18:30:30.789 INFOS [Catalina-utility-2] org.apache.catalina.startup.HostConfig.undeploy Retrait de l'application web ayant pour chemin de contexte []
20-Apr-2026 18:30:30.799 AVERTISSEMENT [Catalina-utility-2] org.apache.catalina.loader.WebappClassLoaderBase.clearReferencesJdbc L'application web [ROOT] a enregistré un pilote JDBC [org.h2.Driver], mais ne l'a pas désenregistré avant l'arrêt de l'application.  Pour éviter une fuite de mémoire, le pilote JDBC a été désenregistré de force.
20-Apr-2026 18:30:30.799 AVERTISSEMENT [Catalina-utility-2] org.apache.catalina.loader.WebappClassLoaderBase.clearReferencesThreads L'application web [ROOT] semble avoir démarré un thread nommé [MVStore background writer C:/Users/Ahmed Aziz/.gemini/antigravity/scratch/covoiturage/covoiturage_db.mv.db] mais ne l'a pas arrêté, ce qui va probablement créer une fuite de mémoire ; la trace du thread est : 
 java.base/java.lang.Object.wait0(Native Method)
 java.base/java.lang.Object.wait(Object.java:366)
 org.h2.mvstore.FileStore$BackgroundWriterThread.run(FileStore.java:2242)
20-Apr-2026 18:30:30.800 AVERTISSEMENT [Catalina-utility-2] org.apache.catalina.loader.WebappClassLoaderBase.clearReferencesThreads L'application web [ROOT] semble avoir démarré un thread nommé [H2-serialization] mais ne l'a pas arrêté, ce qui va probablement créer une fuite de mémoire ; la trace du thread est : 
 java.base/jdk.internal.misc.Unsafe.park(Native Method)
 java.base/java.util.concurrent.locks.LockSupport.park(LockSupport.java:371)
 java.base/java.util.concurrent.locks.AbstractQueuedSynchronizer$ConditionNode.block(AbstractQueuedSynchronizer.java:519)
 java.base/java.util.concurrent.ForkJoinPool.unmanagedBlock(ForkJoinPool.java:3780)
 java.base/java.util.concurrent.ForkJoinPool.managedBlock(ForkJoinPool.java:3725)
 java.base/java.util.concurrent.locks.AbstractQueuedSynchronizer$ConditionObject.await(AbstractQueuedSynchronizer.java:1746)
 java.base/java.util.concurrent.LinkedBlockingQueue.take(LinkedBlockingQueue.java:435)
 java.base/java.util.concurrent.ThreadPoolExecutor.getTask(ThreadPoolExecutor.java:1070)
 java.base/java.util.concurrent.ThreadPoolExecutor.runWorker(ThreadPoolExecutor.java:1130)
 java.base/java.util.concurrent.ThreadPoolExecutor$Worker.run(ThreadPoolExecutor.java:642)
 java.base/java.lang.Thread.run(Thread.java:1583)
20-Apr-2026 18:30:30.800 AVERTISSEMENT [Catalina-utility-2] org.apache.catalina.loader.WebappClassLoaderBase.clearReferencesThreads L'application web [ROOT] semble avoir démarré un thread nommé [H2-save] mais ne l'a pas arrêté, ce qui va probablement créer une fuite de mémoire ; la trace du thread est : 
 java.base/jdk.internal.misc.Unsafe.park(Native Method)
 java.base/java.util.concurrent.locks.LockSupport.park(LockSupport.java:371)
 java.base/java.util.concurrent.locks.AbstractQueuedSynchronizer$ConditionNode.block(AbstractQueuedSynchronizer.java:519)
 java.base/java.util.concurrent.ForkJoinPool.unmanagedBlock(ForkJoinPool.java:3780)
 java.base/java.util.concurrent.ForkJoinPool.managedBlock(ForkJoinPool.java:3725)
 java.base/java.util.concurrent.locks.AbstractQueuedSynchronizer$ConditionObject.await(AbstractQueuedSynchronizer.java:1746)
 java.base/java.util.concurrent.LinkedBlockingQueue.take(LinkedBlockingQueue.java:435)
 java.base/java.util.concurrent.ThreadPoolExecutor.getTask(ThreadPoolExecutor.java:1070)
 java.base/java.util.concurrent.ThreadPoolExecutor.runWorker(ThreadPoolExecutor.java:1130)
 java.base/java.util.concurrent.ThreadPoolExecutor$Worker.run(ThreadPoolExecutor.java:642)
 java.base/java.lang.Thread.run(Thread.java:1583)
20-Apr-2026 18:30:30.818 INFOS [Catalina-utility-2] org.apache.catalina.startup.HostConfig.deployWAR Déploiement de l'archive [C:\Users\Ahmed Aziz\.gemini\antigravity\scratch\covoiturage\.tools\apache-tomcat-10.1.31\webapps\ROOT.war] de l'application web
20-Apr-2026 18:30:31.185 INFOS [Catalina-utility-2] org.apache.catalina.startup.HostConfig.deployWAR Le déploiement de l'archive de l'application web [C:\Users\Ahmed Aziz\.gemini\antigravity\scratch\covoiturage\.tools\apache-tomcat-10.1.31\webapps\ROOT.war] s'est terminé en [368] ms
20-Apr-2026 18:30:37.416 INFOS [main] org.apache.catalina.startup.VersionLoggerListener.log Nom version serveur :              Apache Tomcat/10.1.31
20-Apr-2026 18:30:37.420 INFOS [main] org.apache.catalina.startup.VersionLoggerListener.log Serveur compilé :                  Oct 3 2024 19:02:38 UTC
20-Apr-2026 18:30:37.420 INFOS [main] org.apache.catalina.startup.VersionLoggerListener.log Version du serveur :               10.1.31.0
20-Apr-2026 18:30:37.421 INFOS [main] org.apache.catalina.startup.VersionLoggerListener.log Nom de l'OS :                      Windows 11
20-Apr-2026 18:30:37.421 INFOS [main] org.apache.catalina.startup.VersionLoggerListener.log Version OS :                       10.0
20-Apr-2026 18:30:37.421 INFOS [main] org.apache.catalina.startup.VersionLoggerListener.log Architecture :                     amd64
20-Apr-2026 18:30:37.421 INFOS [main] org.apache.catalina.startup.VersionLoggerListener.log Java Home :                        C:\Program Files\Eclipse Adoptium\jdk-21.0.10.7-hotspot
20-Apr-2026 18:30:37.421 INFOS [main] org.apache.catalina.startup.VersionLoggerListener.log Version JVM :                      21.0.10+7-LTS
20-Apr-2026 18:30:37.421 INFOS [main] org.apache.catalina.startup.VersionLoggerListener.log Fournisseur de la JVM :            Eclipse Adoptium
20-Apr-2026 18:30:37.421 INFOS [main] org.apache.catalina.startup.VersionLoggerListener.log CATALINA_BASE :                    C:\Users\Ahmed Aziz\.gemini\antigravity\scratch\covoiturage\.tools\apache-tomcat-10.1.31
20-Apr-2026 18:30:37.422 INFOS [main] org.apache.catalina.startup.VersionLoggerListener.log CATALINA_HOME :                    C:\Users\Ahmed Aziz\.gemini\antigravity\scratch\covoiturage\.tools\apache-tomcat-10.1.31
20-Apr-2026 18:30:37.431 INFOS [main] org.apache.catalina.startup.VersionLoggerListener.log Argument de la ligne de commande : -Djava.util.logging.config.file=C:\Users\Ahmed Aziz\.gemini\antigravity\scratch\covoiturage\.tools\apache-tomcat-10.1.31\conf\logging.properties
20-Apr-2026 18:30:37.431 INFOS [main] org.apache.catalina.startup.VersionLoggerListener.log Argument de la ligne de commande : -Djava.util.logging.manager=org.apache.juli.ClassLoaderLogManager
20-Apr-2026 18:30:37.432 INFOS [main] org.apache.catalina.startup.VersionLoggerListener.log Argument de la ligne de commande : -Djdk.tls.ephemeralDHKeySize=2048
20-Apr-2026 18:30:37.432 INFOS [main] org.apache.catalina.startup.VersionLoggerListener.log Argument de la ligne de commande : -Djava.protocol.handler.pkgs=org.apache.catalina.webresources
20-Apr-2026 18:30:37.432 INFOS [main] org.apache.catalina.startup.VersionLoggerListener.log Argument de la ligne de commande : --add-opens=java.base/java.lang=ALL-UNNAMED
20-Apr-2026 18:30:37.432 INFOS [main] org.apache.catalina.startup.VersionLoggerListener.log Argument de la ligne de commande : --add-opens=java.base/java.io=ALL-UNNAMED
20-Apr-2026 18:30:37.432 INFOS [main] org.apache.catalina.startup.VersionLoggerListener.log Argument de la ligne de commande : --add-opens=java.base/java.util=ALL-UNNAMED
20-Apr-2026 18:30:37.432 INFOS [main] org.apache.catalina.startup.VersionLoggerListener.log Argument de la ligne de commande : --add-opens=java.base/java.util.concurrent=ALL-UNNAMED
20-Apr-2026 18:30:37.433 INFOS [main] org.apache.catalina.startup.VersionLoggerListener.log Argument de la ligne de commande : --add-opens=java.rmi/sun.rmi.transport=ALL-UNNAMED
20-Apr-2026 18:30:37.433 INFOS [main] org.apache.catalina.startup.VersionLoggerListener.log Argument de la ligne de commande : -Dcatalina.base=C:\Users\Ahmed Aziz\.gemini\antigravity\scratch\covoiturage\.tools\apache-tomcat-10.1.31
20-Apr-2026 18:30:37.433 INFOS [main] org.apache.catalina.startup.VersionLoggerListener.log Argument de la ligne de commande : -Dcatalina.home=C:\Users\Ahmed Aziz\.gemini\antigravity\scratch\covoiturage\.tools\apache-tomcat-10.1.31
20-Apr-2026 18:30:37.434 INFOS [main] org.apache.catalina.startup.VersionLoggerListener.log Argument de la ligne de commande : -Djava.io.tmpdir=C:\Users\Ahmed Aziz\.gemini\antigravity\scratch\covoiturage\.tools\apache-tomcat-10.1.31\temp
20-Apr-2026 18:30:37.438 INFOS [main] org.apache.catalina.core.AprLifecycleListener.lifecycleEvent Chargement de la librairie Apache Tomcat Native [2.0.8] en utilisant APR version [1.7.4]
20-Apr-2026 18:30:37.442 INFOS [main] org.apache.catalina.core.AprLifecycleListener.initializeSSL OpenSSL a été initialisé avec succès [OpenSSL 3.0.14 4 Jun 2024]
20-Apr-2026 18:30:37.764 INFOS [main] org.apache.coyote.AbstractProtocol.init Initialisation du gestionnaire de protocole ["http-nio-8080"]
20-Apr-2026 18:30:37.812 INFOS [main] org.apache.catalina.startup.Catalina.load L'initialisation du serveur a pris [562] millisecondes
20-Apr-2026 18:30:37.896 INFOS [main] org.apache.catalina.core.StandardService.startInternal Démarrage du service [Catalina]
20-Apr-2026 18:30:37.896 INFOS [main] org.apache.catalina.core.StandardEngine.startInternal Démarrage du moteur de Servlets : [Apache Tomcat/10.1.31]
20-Apr-2026 18:30:37.927 INFOS [main] org.apache.catalina.startup.HostConfig.deployWAR Déploiement de l'archive [C:\Users\Ahmed Aziz\.gemini\antigravity\scratch\covoiturage\.tools\apache-tomcat-10.1.31\webapps\ROOT.war] de l'application web
20-Apr-2026 18:30:38.894 INFOS [main] org.apache.catalina.startup.HostConfig.deployWAR Le déploiement de l'archive de l'application web [C:\Users\Ahmed Aziz\.gemini\antigravity\scratch\covoiturage\.tools\apache-tomcat-10.1.31\webapps\ROOT.war] s'est terminé en [965] ms
20-Apr-2026 18:30:38.895 INFOS [main] org.apache.catalina.startup.HostConfig.deployDirectory Déploiement du répertoire d'application web [C:\Users\Ahmed Aziz\.gemini\antigravity\scratch\covoiturage\.tools\apache-tomcat-10.1.31\webapps\docs]
20-Apr-2026 18:30:38.956 INFOS [main] org.apache.catalina.startup.HostConfig.deployDirectory Le déploiement du répertoire [C:\Users\Ahmed Aziz\.gemini\antigravity\scratch\covoiturage\.tools\apache-tomcat-10.1.31\webapps\docs] de l'application web s'est terminé en [60] ms
20-Apr-2026 18:30:38.956 INFOS [main] org.apache.catalina.startup.HostConfig.deployDirectory Déploiement du répertoire d'application web [C:\Users\Ahmed Aziz\.gemini\antigravity\scratch\covoiturage\.tools\apache-tomcat-10.1.31\webapps\examples]
20-Apr-2026 18:30:39.407 INFOS [main] org.apache.catalina.startup.HostConfig.deployDirectory Le déploiement du répertoire [C:\Users\Ahmed Aziz\.gemini\antigravity\scratch\covoiturage\.tools\apache-tomcat-10.1.31\webapps\examples] de l'application web s'est terminé en [451] ms
20-Apr-2026 18:30:39.407 INFOS [main] org.apache.catalina.startup.HostConfig.deployDirectory Déploiement du répertoire d'application web [C:\Users\Ahmed Aziz\.gemini\antigravity\scratch\covoiturage\.tools\apache-tomcat-10.1.31\webapps\host-manager]
20-Apr-2026 18:30:39.462 INFOS [main] org.apache.catalina.startup.HostConfig.deployDirectory Le déploiement du répertoire [C:\Users\Ahmed Aziz\.gemini\antigravity\scratch\covoiturage\.tools\apache-tomcat-10.1.31\webapps\host-manager] de l'application web s'est terminé en [54] ms
20-Apr-2026 18:30:39.462 INFOS [main] org.apache.catalina.startup.HostConfig.deployDirectory Déploiement du répertoire d'application web [C:\Users\Ahmed Aziz\.gemini\antigravity\scratch\covoiturage\.tools\apache-tomcat-10.1.31\webapps\manager]
20-Apr-2026 18:30:39.524 INFOS [main] org.apache.catalina.startup.HostConfig.deployDirectory Le déploiement du répertoire [C:\Users\Ahmed Aziz\.gemini\antigravity\scratch\covoiturage\.tools\apache-tomcat-10.1.31\webapps\manager] de l'application web s'est terminé en [62] ms
20-Apr-2026 18:30:39.534 INFOS [main] org.apache.coyote.AbstractProtocol.start Démarrage du gestionnaire de protocole ["http-nio-8080"]
20-Apr-2026 18:30:39.593 INFOS [main] org.apache.catalina.startup.Catalina.start Le démarrage du serveur a pris [1778] millisecondes
20-Apr-2026 18:36:03.965 INFOS [main] org.apache.catalina.startup.VersionLoggerListener.log Nom version serveur :              Apache Tomcat/10.1.31
20-Apr-2026 18:36:03.969 INFOS [main] org.apache.catalina.startup.VersionLoggerListener.log Serveur compilé :                  Oct 3 2024 19:02:38 UTC
20-Apr-2026 18:36:03.970 INFOS [main] org.apache.catalina.startup.VersionLoggerListener.log Version du serveur :               10.1.31.0
20-Apr-2026 18:36:03.970 INFOS [main] org.apache.catalina.startup.VersionLoggerListener.log Nom de l'OS :                      Windows 11
20-Apr-2026 18:36:03.971 INFOS [main] org.apache.catalina.startup.VersionLoggerListener.log Version OS :                       10.0
20-Apr-2026 18:36:03.971 INFOS [main] org.apache.catalina.startup.VersionLoggerListener.log Architecture :                     amd64
20-Apr-2026 18:36:03.971 INFOS [main] org.apache.catalina.startup.VersionLoggerListener.log Java Home :                        C:\Program Files\Eclipse Adoptium\jdk-21.0.10.7-hotspot
20-Apr-2026 18:36:03.972 INFOS [main] org.apache.catalina.startup.VersionLoggerListener.log Version JVM :                      21.0.10+7-LTS
20-Apr-2026 18:36:03.972 INFOS [main] org.apache.catalina.startup.VersionLoggerListener.log Fournisseur de la JVM :            Eclipse Adoptium
20-Apr-2026 18:36:03.972 INFOS [main] org.apache.catalina.startup.VersionLoggerListener.log CATALINA_BASE :                    C:\Users\Ahmed Aziz\.gemini\antigravity\scratch\covoiturage\.tools\apache-tomcat-10.1.31
20-Apr-2026 18:36:03.972 INFOS [main] org.apache.catalina.startup.VersionLoggerListener.log CATALINA_HOME :                    C:\Users\Ahmed Aziz\.gemini\antigravity\scratch\covoiturage\.tools\apache-tomcat-10.1.31
20-Apr-2026 18:36:03.982 INFOS [main] org.apache.catalina.startup.VersionLoggerListener.log Argument de la ligne de commande : -Djava.util.logging.config.file=C:\Users\Ahmed Aziz\.gemini\antigravity\scratch\covoiturage\.tools\apache-tomcat-10.1.31\conf\logging.properties
20-Apr-2026 18:36:03.983 INFOS [main] org.apache.catalina.startup.VersionLoggerListener.log Argument de la ligne de commande : -Djava.util.logging.manager=org.apache.juli.ClassLoaderLogManager
20-Apr-2026 18:36:03.983 INFOS [main] org.apache.catalina.startup.VersionLoggerListener.log Argument de la ligne de commande : -Djdk.tls.ephemeralDHKeySize=2048
20-Apr-2026 18:36:03.983 INFOS [main] org.apache.catalina.startup.VersionLoggerListener.log Argument de la ligne de commande : -Djava.protocol.handler.pkgs=org.apache.catalina.webresources
20-Apr-2026 18:36:03.983 INFOS [main] org.apache.catalina.startup.VersionLoggerListener.log Argument de la ligne de commande : --add-opens=java.base/java.lang=ALL-UNNAMED
20-Apr-2026 18:36:03.983 INFOS [main] org.apache.catalina.startup.VersionLoggerListener.log Argument de la ligne de commande : --add-opens=java.base/java.io=ALL-UNNAMED
20-Apr-2026 18:36:03.984 INFOS [main] org.apache.catalina.startup.VersionLoggerListener.log Argument de la ligne de commande : --add-opens=java.base/java.util=ALL-UNNAMED
20-Apr-2026 18:36:03.984 INFOS [main] org.apache.catalina.startup.VersionLoggerListener.log Argument de la ligne de commande : --add-opens=java.base/java.util.concurrent=ALL-UNNAMED
20-Apr-2026 18:36:03.984 INFOS [main] org.apache.catalina.startup.VersionLoggerListener.log Argument de la ligne de commande : --add-opens=java.rmi/sun.rmi.transport=ALL-UNNAMED
20-Apr-2026 18:36:03.984 INFOS [main] org.apache.catalina.startup.VersionLoggerListener.log Argument de la ligne de commande : -Dcatalina.base=C:\Users\Ahmed Aziz\.gemini\antigravity\scratch\covoiturage\.tools\apache-tomcat-10.1.31
20-Apr-2026 18:36:03.984 INFOS [main] org.apache.catalina.startup.VersionLoggerListener.log Argument de la ligne de commande : -Dcatalina.home=C:\Users\Ahmed Aziz\.gemini\antigravity\scratch\covoiturage\.tools\apache-tomcat-10.1.31
20-Apr-2026 18:36:03.985 INFOS [main] org.apache.catalina.startup.VersionLoggerListener.log Argument de la ligne de commande : -Djava.io.tmpdir=C:\Users\Ahmed Aziz\.gemini\antigravity\scratch\covoiturage\.tools\apache-tomcat-10.1.31\temp
20-Apr-2026 18:36:03.987 INFOS [main] org.apache.catalina.core.AprLifecycleListener.lifecycleEvent Chargement de la librairie Apache Tomcat Native [2.0.8] en utilisant APR version [1.7.4]
20-Apr-2026 18:36:03.994 INFOS [main] org.apache.catalina.core.AprLifecycleListener.initializeSSL OpenSSL a été initialisé avec succès [OpenSSL 3.0.14 4 Jun 2024]
20-Apr-2026 18:36:04.237 INFOS [main] org.apache.coyote.AbstractProtocol.init Initialisation du gestionnaire de protocole ["http-nio-8080"]
20-Apr-2026 18:36:04.267 INFOS [main] org.apache.catalina.startup.Catalina.load L'initialisation du serveur a pris [483] millisecondes
20-Apr-2026 18:36:04.352 INFOS [main] org.apache.catalina.core.StandardService.startInternal Démarrage du service [Catalina]
20-Apr-2026 18:36:04.352 INFOS [main] org.apache.catalina.core.StandardEngine.startInternal Démarrage du moteur de Servlets : [Apache Tomcat/10.1.31]
20-Apr-2026 18:36:04.383 INFOS [main] org.apache.catalina.startup.HostConfig.deployWAR Déploiement de l'archive [C:\Users\Ahmed Aziz\.gemini\antigravity\scratch\covoiturage\.tools\apache-tomcat-10.1.31\webapps\ROOT.war] de l'application web
20-Apr-2026 18:36:05.359 INFOS [main] org.apache.catalina.startup.HostConfig.deployWAR Le déploiement de l'archive de l'application web [C:\Users\Ahmed Aziz\.gemini\antigravity\scratch\covoiturage\.tools\apache-tomcat-10.1.31\webapps\ROOT.war] s'est terminé en [974] ms
20-Apr-2026 18:36:05.360 INFOS [main] org.apache.catalina.startup.HostConfig.deployDirectory Déploiement du répertoire d'application web [C:\Users\Ahmed Aziz\.gemini\antigravity\scratch\covoiturage\.tools\apache-tomcat-10.1.31\webapps\docs]
20-Apr-2026 18:36:05.405 INFOS [main] org.apache.catalina.startup.HostConfig.deployDirectory Le déploiement du répertoire [C:\Users\Ahmed Aziz\.gemini\antigravity\scratch\covoiturage\.tools\apache-tomcat-10.1.31\webapps\docs] de l'application web s'est terminé en [45] ms
20-Apr-2026 18:36:05.406 INFOS [main] org.apache.catalina.startup.HostConfig.deployDirectory Déploiement du répertoire d'application web [C:\Users\Ahmed Aziz\.gemini\antigravity\scratch\covoiturage\.tools\apache-tomcat-10.1.31\webapps\examples]
20-Apr-2026 18:36:05.834 INFOS [main] org.apache.catalina.startup.HostConfig.deployDirectory Le déploiement du répertoire [C:\Users\Ahmed Aziz\.gemini\antigravity\scratch\covoiturage\.tools\apache-tomcat-10.1.31\webapps\examples] de l'application web s'est terminé en [429] ms
20-Apr-2026 18:36:05.835 INFOS [main] org.apache.catalina.startup.HostConfig.deployDirectory Déploiement du répertoire d'application web [C:\Users\Ahmed Aziz\.gemini\antigravity\scratch\covoiturage\.tools\apache-tomcat-10.1.31\webapps\host-manager]
20-Apr-2026 18:36:05.876 INFOS [main] org.apache.catalina.startup.HostConfig.deployDirectory Le déploiement du répertoire [C:\Users\Ahmed Aziz\.gemini\antigravity\scratch\covoiturage\.tools\apache-tomcat-10.1.31\webapps\host-manager] de l'application web s'est terminé en [41] ms
20-Apr-2026 18:36:05.876 INFOS [main] org.apache.catalina.startup.HostConfig.deployDirectory Déploiement du répertoire d'application web [C:\Users\Ahmed Aziz\.gemini\antigravity\scratch\covoiturage\.tools\apache-tomcat-10.1.31\webapps\manager]
20-Apr-2026 18:36:05.922 INFOS [main] org.apache.catalina.startup.HostConfig.deployDirectory Le déploiement du répertoire [C:\Users\Ahmed Aziz\.gemini\antigravity\scratch\covoiturage\.tools\apache-tomcat-10.1.31\webapps\manager] de l'application web s'est terminé en [46] ms
20-Apr-2026 18:36:05.927 INFOS [main] org.apache.coyote.AbstractProtocol.start Démarrage du gestionnaire de protocole ["http-nio-8080"]
20-Apr-2026 18:36:05.952 INFOS [main] org.apache.catalina.startup.Catalina.start Le démarrage du serveur a pris [1682] millisecondes
20-Apr-2026 18:40:40.807 INFOS [main] org.apache.catalina.startup.VersionLoggerListener.log Nom version serveur :              Apache Tomcat/10.1.31
20-Apr-2026 18:40:40.812 INFOS [main] org.apache.catalina.startup.VersionLoggerListener.log Serveur compilé :                  Oct 3 2024 19:02:38 UTC
20-Apr-2026 18:40:40.812 INFOS [main] org.apache.catalina.startup.VersionLoggerListener.log Version du serveur :               10.1.31.0
20-Apr-2026 18:40:40.812 INFOS [main] org.apache.catalina.startup.VersionLoggerListener.log Nom de l'OS :                      Windows 11
20-Apr-2026 18:40:40.813 INFOS [main] org.apache.catalina.startup.VersionLoggerListener.log Version OS :                       10.0
20-Apr-2026 18:40:40.813 INFOS [main] org.apache.catalina.startup.VersionLoggerListener.log Architecture :                     amd64
20-Apr-2026 18:40:40.813 INFOS [main] org.apache.catalina.startup.VersionLoggerListener.log Java Home :                        C:\Program Files\Eclipse Adoptium\jdk-21.0.10.7-hotspot
20-Apr-2026 18:40:40.813 INFOS [main] org.apache.catalina.startup.VersionLoggerListener.log Version JVM :                      21.0.10+7-LTS
20-Apr-2026 18:40:40.813 INFOS [main] org.apache.catalina.startup.VersionLoggerListener.log Fournisseur de la JVM :            Eclipse Adoptium
20-Apr-2026 18:40:40.813 INFOS [main] org.apache.catalina.startup.VersionLoggerListener.log CATALINA_BASE :                    C:\Users\Ahmed Aziz\.gemini\antigravity\scratch\covoiturage\.tools\apache-tomcat-10.1.31
20-Apr-2026 18:40:40.814 INFOS [main] org.apache.catalina.startup.VersionLoggerListener.log CATALINA_HOME :                    C:\Users\Ahmed Aziz\.gemini\antigravity\scratch\covoiturage\.tools\apache-tomcat-10.1.31
20-Apr-2026 18:40:40.822 INFOS [main] org.apache.catalina.startup.VersionLoggerListener.log Argument de la ligne de commande : -Djava.util.logging.config.file=C:\Users\Ahmed Aziz\.gemini\antigravity\scratch\covoiturage\.tools\apache-tomcat-10.1.31\conf\logging.properties
20-Apr-2026 18:40:40.822 INFOS [main] org.apache.catalina.startup.VersionLoggerListener.log Argument de la ligne de commande : -Djava.util.logging.manager=org.apache.juli.ClassLoaderLogManager
20-Apr-2026 18:40:40.823 INFOS [main] org.apache.catalina.startup.VersionLoggerListener.log Argument de la ligne de commande : -Djdk.tls.ephemeralDHKeySize=2048
20-Apr-2026 18:40:40.823 INFOS [main] org.apache.catalina.startup.VersionLoggerListener.log Argument de la ligne de commande : -Djava.protocol.handler.pkgs=org.apache.catalina.webresources
20-Apr-2026 18:40:40.823 INFOS [main] org.apache.catalina.startup.VersionLoggerListener.log Argument de la ligne de commande : --add-opens=java.base/java.lang=ALL-UNNAMED
20-Apr-2026 18:40:40.823 INFOS [main] org.apache.catalina.startup.VersionLoggerListener.log Argument de la ligne de commande : --add-opens=java.base/java.io=ALL-UNNAMED
20-Apr-2026 18:40:40.823 INFOS [main] org.apache.catalina.startup.VersionLoggerListener.log Argument de la ligne de commande : --add-opens=java.base/java.util=ALL-UNNAMED
20-Apr-2026 18:40:40.823 INFOS [main] org.apache.catalina.startup.VersionLoggerListener.log Argument de la ligne de commande : --add-opens=java.base/java.util.concurrent=ALL-UNNAMED
20-Apr-2026 18:40:40.824 INFOS [main] org.apache.catalina.startup.VersionLoggerListener.log Argument de la ligne de commande : --add-opens=java.rmi/sun.rmi.transport=ALL-UNNAMED
20-Apr-2026 18:40:40.824 INFOS [main] org.apache.catalina.startup.VersionLoggerListener.log Argument de la ligne de commande : -Dcatalina.base=C:\Users\Ahmed Aziz\.gemini\antigravity\scratch\covoiturage\.tools\apache-tomcat-10.1.31
20-Apr-2026 18:40:40.824 INFOS [main] org.apache.catalina.startup.VersionLoggerListener.log Argument de la ligne de commande : -Dcatalina.home=C:\Users\Ahmed Aziz\.gemini\antigravity\scratch\covoiturage\.tools\apache-tomcat-10.1.31
20-Apr-2026 18:40:40.824 INFOS [main] org.apache.catalina.startup.VersionLoggerListener.log Argument de la ligne de commande : -Djava.io.tmpdir=C:\Users\Ahmed Aziz\.gemini\antigravity\scratch\covoiturage\.tools\apache-tomcat-10.1.31\temp
20-Apr-2026 18:40:40.827 INFOS [main] org.apache.catalina.core.AprLifecycleListener.lifecycleEvent Chargement de la librairie Apache Tomcat Native [2.0.8] en utilisant APR version [1.7.4]
20-Apr-2026 18:40:40.832 INFOS [main] org.apache.catalina.core.AprLifecycleListener.initializeSSL OpenSSL a été initialisé avec succès [OpenSSL 3.0.14 4 Jun 2024]
20-Apr-2026 18:40:41.116 INFOS [main] org.apache.coyote.AbstractProtocol.init Initialisation du gestionnaire de protocole ["http-nio-8080"]
20-Apr-2026 18:40:41.139 INFOS [main] org.apache.catalina.startup.Catalina.load L'initialisation du serveur a pris [515] millisecondes
20-Apr-2026 18:40:41.214 INFOS [main] org.apache.catalina.core.StandardService.startInternal Démarrage du service [Catalina]
20-Apr-2026 18:40:41.214 INFOS [main] org.apache.catalina.core.StandardEngine.startInternal Démarrage du moteur de Servlets : [Apache Tomcat/10.1.31]
20-Apr-2026 18:40:41.240 INFOS [main] org.apache.catalina.startup.HostConfig.deployWAR Déploiement de l'archive [C:\Users\Ahmed Aziz\.gemini\antigravity\scratch\covoiturage\.tools\apache-tomcat-10.1.31\webapps\ROOT.war] de l'application web
20-Apr-2026 18:40:42.264 INFOS [main] org.apache.catalina.startup.HostConfig.deployWAR Le déploiement de l'archive de l'application web [C:\Users\Ahmed Aziz\.gemini\antigravity\scratch\covoiturage\.tools\apache-tomcat-10.1.31\webapps\ROOT.war] s'est terminé en [1 022] ms
20-Apr-2026 18:40:42.266 INFOS [main] org.apache.catalina.startup.HostConfig.deployDirectory Déploiement du répertoire d'application web [C:\Users\Ahmed Aziz\.gemini\antigravity\scratch\covoiturage\.tools\apache-tomcat-10.1.31\webapps\docs]
20-Apr-2026 18:40:42.328 INFOS [main] org.apache.catalina.startup.HostConfig.deployDirectory Le déploiement du répertoire [C:\Users\Ahmed Aziz\.gemini\antigravity\scratch\covoiturage\.tools\apache-tomcat-10.1.31\webapps\docs] de l'application web s'est terminé en [61] ms
20-Apr-2026 18:40:42.328 INFOS [main] org.apache.catalina.startup.HostConfig.deployDirectory Déploiement du répertoire d'application web [C:\Users\Ahmed Aziz\.gemini\antigravity\scratch\covoiturage\.tools\apache-tomcat-10.1.31\webapps\examples]
20-Apr-2026 18:40:42.781 INFOS [main] org.apache.catalina.startup.HostConfig.deployDirectory Le déploiement du répertoire [C:\Users\Ahmed Aziz\.gemini\antigravity\scratch\covoiturage\.tools\apache-tomcat-10.1.31\webapps\examples] de l'application web s'est terminé en [453] ms
20-Apr-2026 18:40:42.782 INFOS [main] org.apache.catalina.startup.HostConfig.deployDirectory Déploiement du répertoire d'application web [C:\Users\Ahmed Aziz\.gemini\antigravity\scratch\covoiturage\.tools\apache-tomcat-10.1.31\webapps\host-manager]
20-Apr-2026 18:40:42.835 INFOS [main] org.apache.catalina.startup.HostConfig.deployDirectory Le déploiement du répertoire [C:\Users\Ahmed Aziz\.gemini\antigravity\scratch\covoiturage\.tools\apache-tomcat-10.1.31\webapps\host-manager] de l'application web s'est terminé en [52] ms
20-Apr-2026 18:40:42.835 INFOS [main] org.apache.catalina.startup.HostConfig.deployDirectory Déploiement du répertoire d'application web [C:\Users\Ahmed Aziz\.gemini\antigravity\scratch\covoiturage\.tools\apache-tomcat-10.1.31\webapps\manager]
20-Apr-2026 18:40:42.887 INFOS [main] org.apache.catalina.startup.HostConfig.deployDirectory Le déploiement du répertoire [C:\Users\Ahmed Aziz\.gemini\antigravity\scratch\covoiturage\.tools\apache-tomcat-10.1.31\webapps\manager] de l'application web s'est terminé en [51] ms
20-Apr-2026 18:40:42.893 INFOS [main] org.apache.coyote.AbstractProtocol.start Démarrage du gestionnaire de protocole ["http-nio-8080"]
20-Apr-2026 18:40:42.923 INFOS [main] org.apache.catalina.startup.Catalina.start Le démarrage du serveur a pris [1782] millisecondes
20-Apr-2026 18:51:33.713 INFOS [Catalina-utility-2] org.apache.catalina.startup.HostConfig.undeploy Retrait de l'application web ayant pour chemin de contexte []
20-Apr-2026 18:51:33.723 AVERTISSEMENT [Catalina-utility-2] org.apache.catalina.loader.WebappClassLoaderBase.clearReferencesJdbc L'application web [ROOT] a enregistré un pilote JDBC [org.h2.Driver], mais ne l'a pas désenregistré avant l'arrêt de l'application.  Pour éviter une fuite de mémoire, le pilote JDBC a été désenregistré de force.
20-Apr-2026 18:51:33.727 AVERTISSEMENT [Catalina-utility-2] org.apache.catalina.loader.WebappClassLoaderBase.clearReferencesThreads L'application web [ROOT] semble avoir démarré un thread nommé [MVStore background writer C:/Users/Ahmed Aziz/.gemini/antigravity/scratch/covoiturage/covoiturage_db.mv.db] mais ne l'a pas arrêté, ce qui va probablement créer une fuite de mémoire ; la trace du thread est : 
 java.base/java.lang.Object.wait0(Native Method)
 java.base/java.lang.Object.wait(Object.java:366)
 org.h2.mvstore.FileStore$BackgroundWriterThread.run(FileStore.java:2242)
20-Apr-2026 18:51:33.729 AVERTISSEMENT [Catalina-utility-2] org.apache.catalina.loader.WebappClassLoaderBase.clearReferencesThreads L'application web [ROOT] semble avoir démarré un thread nommé [H2-serialization] mais ne l'a pas arrêté, ce qui va probablement créer une fuite de mémoire ; la trace du thread est : 
 java.base/jdk.internal.misc.Unsafe.park(Native Method)
 java.base/java.util.concurrent.locks.LockSupport.park(LockSupport.java:371)
 java.base/java.util.concurrent.locks.AbstractQueuedSynchronizer$ConditionNode.block(AbstractQueuedSynchronizer.java:519)
 java.base/java.util.concurrent.ForkJoinPool.unmanagedBlock(ForkJoinPool.java:3780)
 java.base/java.util.concurrent.ForkJoinPool.managedBlock(ForkJoinPool.java:3725)
 java.base/java.util.concurrent.locks.AbstractQueuedSynchronizer$ConditionObject.await(AbstractQueuedSynchronizer.java:1746)
 java.base/java.util.concurrent.LinkedBlockingQueue.take(LinkedBlockingQueue.java:435)
 java.base/java.util.concurrent.ThreadPoolExecutor.getTask(ThreadPoolExecutor.java:1070)
 java.base/java.util.concurrent.ThreadPoolExecutor.runWorker(ThreadPoolExecutor.java:1130)
 java.base/java.util.concurrent.ThreadPoolExecutor$Worker.run(ThreadPoolExecutor.java:642)
 java.base/java.lang.Thread.run(Thread.java:1583)
20-Apr-2026 18:51:33.733 AVERTISSEMENT [Catalina-utility-2] org.apache.catalina.loader.WebappClassLoaderBase.clearReferencesThreads L'application web [ROOT] semble avoir démarré un thread nommé [H2-save] mais ne l'a pas arrêté, ce qui va probablement créer une fuite de mémoire ; la trace du thread est : 
 java.base/jdk.internal.misc.Unsafe.park(Native Method)
 java.base/java.util.concurrent.locks.LockSupport.park(LockSupport.java:371)
 java.base/java.util.concurrent.locks.AbstractQueuedSynchronizer$ConditionNode.block(AbstractQueuedSynchronizer.java:519)
 java.base/java.util.concurrent.ForkJoinPool.unmanagedBlock(ForkJoinPool.java:3780)
 java.base/java.util.concurrent.ForkJoinPool.managedBlock(ForkJoinPool.java:3725)
 java.base/java.util.concurrent.locks.AbstractQueuedSynchronizer$ConditionObject.await(AbstractQueuedSynchronizer.java:1746)
 java.base/java.util.concurrent.LinkedBlockingQueue.take(LinkedBlockingQueue.java:435)
 java.base/java.util.concurrent.ThreadPoolExecutor.getTask(ThreadPoolExecutor.java:1070)
 java.base/java.util.concurrent.ThreadPoolExecutor.runWorker(ThreadPoolExecutor.java:1130)
 java.base/java.util.concurrent.ThreadPoolExecutor$Worker.run(ThreadPoolExecutor.java:642)
 java.base/java.lang.Thread.run(Thread.java:1583)
20-Apr-2026 18:51:33.762 INFOS [Catalina-utility-2] org.apache.catalina.startup.HostConfig.deployWAR Déploiement de l'archive [C:\Users\Ahmed Aziz\.gemini\antigravity\scratch\covoiturage\.tools\apache-tomcat-10.1.31\webapps\ROOT.war] de l'application web
20-Apr-2026 18:51:34.071 INFOS [Catalina-utility-2] org.apache.catalina.startup.HostConfig.deployWAR Le déploiement de l'archive de l'application web [C:\Users\Ahmed Aziz\.gemini\antigravity\scratch\covoiturage\.tools\apache-tomcat-10.1.31\webapps\ROOT.war] s'est terminé en [309] ms
20-Apr-2026 18:54:04.335 INFOS [Catalina-utility-2] org.apache.catalina.startup.HostConfig.undeploy Retrait de l'application web ayant pour chemin de contexte []
20-Apr-2026 18:54:04.337 AVERTISSEMENT [Catalina-utility-2] org.apache.catalina.loader.WebappClassLoaderBase.clearReferencesJdbc L'application web [ROOT] a enregistré un pilote JDBC [org.h2.Driver], mais ne l'a pas désenregistré avant l'arrêt de l'application.  Pour éviter une fuite de mémoire, le pilote JDBC a été désenregistré de force.
20-Apr-2026 18:54:04.344 INFOS [Catalina-utility-2] org.apache.catalina.startup.HostConfig.deployWAR Déploiement de l'archive [C:\Users\Ahmed Aziz\.gemini\antigravity\scratch\covoiturage\.tools\apache-tomcat-10.1.31\webapps\ROOT.war] de l'application web
20-Apr-2026 18:54:04.627 INFOS [Catalina-utility-2] org.apache.catalina.startup.HostConfig.deployWAR Le déploiement de l'archive de l'application web [C:\Users\Ahmed Aziz\.gemini\antigravity\scratch\covoiturage\.tools\apache-tomcat-10.1.31\webapps\ROOT.war] s'est terminé en [283] ms
20-Apr-2026 18:55:45.052 INFOS [main] org.apache.catalina.startup.VersionLoggerListener.log Nom version serveur :              Apache Tomcat/10.1.31
20-Apr-2026 18:55:45.058 INFOS [main] org.apache.catalina.startup.VersionLoggerListener.log Serveur compilé :                  Oct 3 2024 19:02:38 UTC
20-Apr-2026 18:55:45.059 INFOS [main] org.apache.catalina.startup.VersionLoggerListener.log Version du serveur :               10.1.31.0
20-Apr-2026 18:55:45.059 INFOS [main] org.apache.catalina.startup.VersionLoggerListener.log Nom de l'OS :                      Windows 11
20-Apr-2026 18:55:45.060 INFOS [main] org.apache.catalina.startup.VersionLoggerListener.log Version OS :                       10.0
20-Apr-2026 18:55:45.060 INFOS [main] org.apache.catalina.startup.VersionLoggerListener.log Architecture :                     amd64
20-Apr-2026 18:55:45.061 INFOS [main] org.apache.catalina.startup.VersionLoggerListener.log Java Home :                        C:\Program Files\Eclipse Adoptium\jdk-21.0.10.7-hotspot
20-Apr-2026 18:55:45.061 INFOS [main] org.apache.catalina.startup.VersionLoggerListener.log Version JVM :                      21.0.10+7-LTS
20-Apr-2026 18:55:45.061 INFOS [main] org.apache.catalina.startup.VersionLoggerListener.log Fournisseur de la JVM :            Eclipse Adoptium
20-Apr-2026 18:55:45.062 INFOS [main] org.apache.catalina.startup.VersionLoggerListener.log CATALINA_BASE :                    C:\Users\Ahmed Aziz\.gemini\antigravity\scratch\covoiturage\.tools\apache-tomcat-10.1.31
20-Apr-2026 18:55:45.062 INFOS [main] org.apache.catalina.startup.VersionLoggerListener.log CATALINA_HOME :                    C:\Users\Ahmed Aziz\.gemini\antigravity\scratch\covoiturage\.tools\apache-tomcat-10.1.31
20-Apr-2026 18:55:45.072 INFOS [main] org.apache.catalina.startup.VersionLoggerListener.log Argument de la ligne de commande : -Djava.util.logging.config.file=C:\Users\Ahmed Aziz\.gemini\antigravity\scratch\covoiturage\.tools\apache-tomcat-10.1.31\conf\logging.properties
20-Apr-2026 18:55:45.073 INFOS [main] org.apache.catalina.startup.VersionLoggerListener.log Argument de la ligne de commande : -Djava.util.logging.manager=org.apache.juli.ClassLoaderLogManager
20-Apr-2026 18:55:45.074 INFOS [main] org.apache.catalina.startup.VersionLoggerListener.log Argument de la ligne de commande : -Djdk.tls.ephemeralDHKeySize=2048
20-Apr-2026 18:55:45.074 INFOS [main] org.apache.catalina.startup.VersionLoggerListener.log Argument de la ligne de commande : -Djava.protocol.handler.pkgs=org.apache.catalina.webresources
20-Apr-2026 18:55:45.074 INFOS [main] org.apache.catalina.startup.VersionLoggerListener.log Argument de la ligne de commande : --add-opens=java.base/java.lang=ALL-UNNAMED
20-Apr-2026 18:55:45.074 INFOS [main] org.apache.catalina.startup.VersionLoggerListener.log Argument de la ligne de commande : --add-opens=java.base/java.io=ALL-UNNAMED
20-Apr-2026 18:55:45.074 INFOS [main] org.apache.catalina.startup.VersionLoggerListener.log Argument de la ligne de commande : --add-opens=java.base/java.util=ALL-UNNAMED
20-Apr-2026 18:55:45.074 INFOS [main] org.apache.catalina.startup.VersionLoggerListener.log Argument de la ligne de commande : --add-opens=java.base/java.util.concurrent=ALL-UNNAMED
20-Apr-2026 18:55:45.075 INFOS [main] org.apache.catalina.startup.VersionLoggerListener.log Argument de la ligne de commande : --add-opens=java.rmi/sun.rmi.transport=ALL-UNNAMED
20-Apr-2026 18:55:45.075 INFOS [main] org.apache.catalina.startup.VersionLoggerListener.log Argument de la ligne de commande : -Dcatalina.base=C:\Users\Ahmed Aziz\.gemini\antigravity\scratch\covoiturage\.tools\apache-tomcat-10.1.31
20-Apr-2026 18:55:45.075 INFOS [main] org.apache.catalina.startup.VersionLoggerListener.log Argument de la ligne de commande : -Dcatalina.home=C:\Users\Ahmed Aziz\.gemini\antigravity\scratch\covoiturage\.tools\apache-tomcat-10.1.31
20-Apr-2026 18:55:45.075 INFOS [main] org.apache.catalina.startup.VersionLoggerListener.log Argument de la ligne de commande : -Djava.io.tmpdir=C:\Users\Ahmed Aziz\.gemini\antigravity\scratch\covoiturage\.tools\apache-tomcat-10.1.31\temp
20-Apr-2026 18:55:45.078 INFOS [main] org.apache.catalina.core.AprLifecycleListener.lifecycleEvent Chargement de la librairie Apache Tomcat Native [2.0.8] en utilisant APR version [1.7.4]
20-Apr-2026 18:55:45.083 INFOS [main] org.apache.catalina.core.AprLifecycleListener.initializeSSL OpenSSL a été initialisé avec succès [OpenSSL 3.0.14 4 Jun 2024]
20-Apr-2026 18:55:45.289 INFOS [main] org.apache.coyote.AbstractProtocol.init Initialisation du gestionnaire de protocole ["http-nio-8080"]
20-Apr-2026 18:55:45.318 INFOS [main] org.apache.catalina.startup.Catalina.load L'initialisation du serveur a pris [429] millisecondes
20-Apr-2026 18:55:45.363 INFOS [main] org.apache.catalina.core.StandardService.startInternal Démarrage du service [Catalina]
20-Apr-2026 18:55:45.364 INFOS [main] org.apache.catalina.core.StandardEngine.startInternal Démarrage du moteur de Servlets : [Apache Tomcat/10.1.31]
20-Apr-2026 18:55:45.383 INFOS [main] org.apache.catalina.startup.HostConfig.deployWAR Déploiement de l'archive [C:\Users\Ahmed Aziz\.gemini\antigravity\scratch\covoiturage\.tools\apache-tomcat-10.1.31\webapps\ROOT.war] de l'application web
20-Apr-2026 18:55:46.386 INFOS [main] org.apache.catalina.startup.HostConfig.deployWAR Le déploiement de l'archive de l'application web [C:\Users\Ahmed Aziz\.gemini\antigravity\scratch\covoiturage\.tools\apache-tomcat-10.1.31\webapps\ROOT.war] s'est terminé en [1 001] ms
20-Apr-2026 18:55:46.387 INFOS [main] org.apache.catalina.startup.HostConfig.deployDirectory Déploiement du répertoire d'application web [C:\Users\Ahmed Aziz\.gemini\antigravity\scratch\covoiturage\.tools\apache-tomcat-10.1.31\webapps\docs]
20-Apr-2026 18:55:46.435 INFOS [main] org.apache.catalina.startup.HostConfig.deployDirectory Le déploiement du répertoire [C:\Users\Ahmed Aziz\.gemini\antigravity\scratch\covoiturage\.tools\apache-tomcat-10.1.31\webapps\docs] de l'application web s'est terminé en [47] ms
20-Apr-2026 18:55:46.436 INFOS [main] org.apache.catalina.startup.HostConfig.deployDirectory Déploiement du répertoire d'application web [C:\Users\Ahmed Aziz\.gemini\antigravity\scratch\covoiturage\.tools\apache-tomcat-10.1.31\webapps\examples]
20-Apr-2026 18:55:46.809 INFOS [main] org.apache.catalina.startup.HostConfig.deployDirectory Le déploiement du répertoire [C:\Users\Ahmed Aziz\.gemini\antigravity\scratch\covoiturage\.tools\apache-tomcat-10.1.31\webapps\examples] de l'application web s'est terminé en [374] ms
20-Apr-2026 18:55:46.809 INFOS [main] org.apache.catalina.startup.HostConfig.deployDirectory Déploiement du répertoire d'application web [C:\Users\Ahmed Aziz\.gemini\antigravity\scratch\covoiturage\.tools\apache-tomcat-10.1.31\webapps\host-manager]
20-Apr-2026 18:55:46.853 INFOS [main] org.apache.catalina.startup.HostConfig.deployDirectory Le déploiement du répertoire [C:\Users\Ahmed Aziz\.gemini\antigravity\scratch\covoiturage\.tools\apache-tomcat-10.1.31\webapps\host-manager] de l'application web s'est terminé en [43] ms
20-Apr-2026 18:55:46.853 INFOS [main] org.apache.catalina.startup.HostConfig.deployDirectory Déploiement du répertoire d'application web [C:\Users\Ahmed Aziz\.gemini\antigravity\scratch\covoiturage\.tools\apache-tomcat-10.1.31\webapps\manager]
20-Apr-2026 18:55:46.896 INFOS [main] org.apache.catalina.startup.HostConfig.deployDirectory Le déploiement du répertoire [C:\Users\Ahmed Aziz\.gemini\antigravity\scratch\covoiturage\.tools\apache-tomcat-10.1.31\webapps\manager] de l'application web s'est terminé en [43] ms
20-Apr-2026 18:55:46.900 INFOS [main] org.apache.coyote.AbstractProtocol.start Démarrage du gestionnaire de protocole ["http-nio-8080"]
20-Apr-2026 18:55:46.920 INFOS [main] org.apache.catalina.startup.Catalina.start Le démarrage du serveur a pris [1600] millisecondes
20-Apr-2026 18:59:26.362 INFOS [main] org.apache.catalina.startup.VersionLoggerListener.log Nom version serveur :              Apache Tomcat/10.1.31
20-Apr-2026 18:59:26.372 INFOS [main] org.apache.catalina.startup.VersionLoggerListener.log Serveur compilé :                  Oct 3 2024 19:02:38 UTC
20-Apr-2026 18:59:26.372 INFOS [main] org.apache.catalina.startup.VersionLoggerListener.log Version du serveur :               10.1.31.0
20-Apr-2026 18:59:26.372 INFOS [main] org.apache.catalina.startup.VersionLoggerListener.log Nom de l'OS :                      Windows 11
20-Apr-2026 18:59:26.373 INFOS [main] org.apache.catalina.startup.VersionLoggerListener.log Version OS :                       10.0
20-Apr-2026 18:59:26.373 INFOS [main] org.apache.catalina.startup.VersionLoggerListener.log Architecture :                     amd64
20-Apr-2026 18:59:26.373 INFOS [main] org.apache.catalina.startup.VersionLoggerListener.log Java Home :                        C:\Program Files\Eclipse Adoptium\jdk-21.0.10.7-hotspot
20-Apr-2026 18:59:26.373 INFOS [main] org.apache.catalina.startup.VersionLoggerListener.log Version JVM :                      21.0.10+7-LTS
20-Apr-2026 18:59:26.373 INFOS [main] org.apache.catalina.startup.VersionLoggerListener.log Fournisseur de la JVM :            Eclipse Adoptium
20-Apr-2026 18:59:26.374 INFOS [main] org.apache.catalina.startup.VersionLoggerListener.log CATALINA_BASE :                    C:\Users\Ahmed Aziz\.gemini\antigravity\scratch\covoiturage\.tools\apache-tomcat-10.1.31
20-Apr-2026 18:59:26.374 INFOS [main] org.apache.catalina.startup.VersionLoggerListener.log CATALINA_HOME :                    C:\Users\Ahmed Aziz\.gemini\antigravity\scratch\covoiturage\.tools\apache-tomcat-10.1.31
20-Apr-2026 18:59:26.381 INFOS [main] org.apache.catalina.startup.VersionLoggerListener.log Argument de la ligne de commande : -Djava.util.logging.config.file=C:\Users\Ahmed Aziz\.gemini\antigravity\scratch\covoiturage\.tools\apache-tomcat-10.1.31\conf\logging.properties
20-Apr-2026 18:59:26.382 INFOS [main] org.apache.catalina.startup.VersionLoggerListener.log Argument de la ligne de commande : -Djava.util.logging.manager=org.apache.juli.ClassLoaderLogManager
20-Apr-2026 18:59:26.382 INFOS [main] org.apache.catalina.startup.VersionLoggerListener.log Argument de la ligne de commande : -Djdk.tls.ephemeralDHKeySize=2048
20-Apr-2026 18:59:26.382 INFOS [main] org.apache.catalina.startup.VersionLoggerListener.log Argument de la ligne de commande : -Djava.protocol.handler.pkgs=org.apache.catalina.webresources
20-Apr-2026 18:59:26.383 INFOS [main] org.apache.catalina.startup.VersionLoggerListener.log Argument de la ligne de commande : --add-opens=java.base/java.lang=ALL-UNNAMED
20-Apr-2026 18:59:26.383 INFOS [main] org.apache.catalina.startup.VersionLoggerListener.log Argument de la ligne de commande : --add-opens=java.base/java.io=ALL-UNNAMED
20-Apr-2026 18:59:26.384 INFOS [main] org.apache.catalina.startup.VersionLoggerListener.log Argument de la ligne de commande : --add-opens=java.base/java.util=ALL-UNNAMED
20-Apr-2026 18:59:26.384 INFOS [main] org.apache.catalina.startup.VersionLoggerListener.log Argument de la ligne de commande : --add-opens=java.base/java.util.concurrent=ALL-UNNAMED
20-Apr-2026 18:59:26.384 INFOS [main] org.apache.catalina.startup.VersionLoggerListener.log Argument de la ligne de commande : --add-opens=java.rmi/sun.rmi.transport=ALL-UNNAMED
20-Apr-2026 18:59:26.384 INFOS [main] org.apache.catalina.startup.VersionLoggerListener.log Argument de la ligne de commande : -Dcatalina.base=C:\Users\Ahmed Aziz\.gemini\antigravity\scratch\covoiturage\.tools\apache-tomcat-10.1.31
20-Apr-2026 18:59:26.384 INFOS [main] org.apache.catalina.startup.VersionLoggerListener.log Argument de la ligne de commande : -Dcatalina.home=C:\Users\Ahmed Aziz\.gemini\antigravity\scratch\covoiturage\.tools\apache-tomcat-10.1.31
20-Apr-2026 18:59:26.384 INFOS [main] org.apache.catalina.startup.VersionLoggerListener.log Argument de la ligne de commande : -Djava.io.tmpdir=C:\Users\Ahmed Aziz\.gemini\antigravity\scratch\covoiturage\.tools\apache-tomcat-10.1.31\temp
20-Apr-2026 18:59:26.387 INFOS [main] org.apache.catalina.core.AprLifecycleListener.lifecycleEvent Chargement de la librairie Apache Tomcat Native [2.0.8] en utilisant APR version [1.7.4]
20-Apr-2026 18:59:26.392 INFOS [main] org.apache.catalina.core.AprLifecycleListener.initializeSSL OpenSSL a été initialisé avec succès [OpenSSL 3.0.14 4 Jun 2024]
20-Apr-2026 18:59:26.595 INFOS [main] org.apache.coyote.AbstractProtocol.init Initialisation du gestionnaire de protocole ["http-nio-8080"]
20-Apr-2026 18:59:26.618 INFOS [main] org.apache.catalina.startup.Catalina.load L'initialisation du serveur a pris [447] millisecondes
20-Apr-2026 18:59:26.661 INFOS [main] org.apache.catalina.core.StandardService.startInternal Démarrage du service [Catalina]
20-Apr-2026 18:59:26.661 INFOS [main] org.apache.catalina.core.StandardEngine.startInternal Démarrage du moteur de Servlets : [Apache Tomcat/10.1.31]
20-Apr-2026 18:59:26.680 INFOS [main] org.apache.catalina.startup.HostConfig.deployWAR Déploiement de l'archive [C:\Users\Ahmed Aziz\.gemini\antigravity\scratch\covoiturage\.tools\apache-tomcat-10.1.31\webapps\ROOT.war] de l'application web
20-Apr-2026 18:59:27.569 INFOS [main] org.apache.catalina.startup.HostConfig.deployWAR Le déploiement de l'archive de l'application web [C:\Users\Ahmed Aziz\.gemini\antigravity\scratch\covoiturage\.tools\apache-tomcat-10.1.31\webapps\ROOT.war] s'est terminé en [888] ms
20-Apr-2026 18:59:27.570 INFOS [main] org.apache.catalina.startup.HostConfig.deployDirectory Déploiement du répertoire d'application web [C:\Users\Ahmed Aziz\.gemini\antigravity\scratch\covoiturage\.tools\apache-tomcat-10.1.31\webapps\docs]
20-Apr-2026 18:59:27.619 INFOS [main] org.apache.catalina.startup.HostConfig.deployDirectory Le déploiement du répertoire [C:\Users\Ahmed Aziz\.gemini\antigravity\scratch\covoiturage\.tools\apache-tomcat-10.1.31\webapps\docs] de l'application web s'est terminé en [48] ms
20-Apr-2026 18:59:27.620 INFOS [main] org.apache.catalina.startup.HostConfig.deployDirectory Déploiement du répertoire d'application web [C:\Users\Ahmed Aziz\.gemini\antigravity\scratch\covoiturage\.tools\apache-tomcat-10.1.31\webapps\examples]
20-Apr-2026 18:59:27.979 INFOS [main] org.apache.catalina.startup.HostConfig.deployDirectory Le déploiement du répertoire [C:\Users\Ahmed Aziz\.gemini\antigravity\scratch\covoiturage\.tools\apache-tomcat-10.1.31\webapps\examples] de l'application web s'est terminé en [359] ms
20-Apr-2026 18:59:27.980 INFOS [main] org.apache.catalina.startup.HostConfig.deployDirectory Déploiement du répertoire d'application web [C:\Users\Ahmed Aziz\.gemini\antigravity\scratch\covoiturage\.tools\apache-tomcat-10.1.31\webapps\host-manager]
20-Apr-2026 18:59:28.026 INFOS [main] org.apache.catalina.startup.HostConfig.deployDirectory Le déploiement du répertoire [C:\Users\Ahmed Aziz\.gemini\antigravity\scratch\covoiturage\.tools\apache-tomcat-10.1.31\webapps\host-manager] de l'application web s'est terminé en [47] ms
20-Apr-2026 18:59:28.027 INFOS [main] org.apache.catalina.startup.HostConfig.deployDirectory Déploiement du répertoire d'application web [C:\Users\Ahmed Aziz\.gemini\antigravity\scratch\covoiturage\.tools\apache-tomcat-10.1.31\webapps\manager]
20-Apr-2026 18:59:28.070 INFOS [main] org.apache.catalina.startup.HostConfig.deployDirectory Le déploiement du répertoire [C:\Users\Ahmed Aziz\.gemini\antigravity\scratch\covoiturage\.tools\apache-tomcat-10.1.31\webapps\manager] de l'application web s'est terminé en [43] ms
20-Apr-2026 18:59:28.077 INFOS [main] org.apache.coyote.AbstractProtocol.start Démarrage du gestionnaire de protocole ["http-nio-8080"]
20-Apr-2026 18:59:28.107 INFOS [main] org.apache.catalina.startup.Catalina.start Le démarrage du serveur a pris [1487] millisecondes
20-Apr-2026 19:01:18.646 INFOS [main] org.apache.catalina.startup.VersionLoggerListener.log Nom version serveur :              Apache Tomcat/10.1.31
20-Apr-2026 19:01:18.650 INFOS [main] org.apache.catalina.startup.VersionLoggerListener.log Serveur compilé :                  Oct 3 2024 19:02:38 UTC
20-Apr-2026 19:01:18.651 INFOS [main] org.apache.catalina.startup.VersionLoggerListener.log Version du serveur :               10.1.31.0
20-Apr-2026 19:01:18.652 INFOS [main] org.apache.catalina.startup.VersionLoggerListener.log Nom de l'OS :                      Windows 11
20-Apr-2026 19:01:18.653 INFOS [main] org.apache.catalina.startup.VersionLoggerListener.log Version OS :                       10.0
20-Apr-2026 19:01:18.653 INFOS [main] org.apache.catalina.startup.VersionLoggerListener.log Architecture :                     amd64
20-Apr-2026 19:01:18.653 INFOS [main] org.apache.catalina.startup.VersionLoggerListener.log Java Home :                        C:\Program Files\Eclipse Adoptium\jdk-21.0.10.7-hotspot
20-Apr-2026 19:01:18.654 INFOS [main] org.apache.catalina.startup.VersionLoggerListener.log Version JVM :                      21.0.10+7-LTS
20-Apr-2026 19:01:18.654 INFOS [main] org.apache.catalina.startup.VersionLoggerListener.log Fournisseur de la JVM :            Eclipse Adoptium
20-Apr-2026 19:01:18.654 INFOS [main] org.apache.catalina.startup.VersionLoggerListener.log CATALINA_BASE :                    C:\Users\Ahmed Aziz\.gemini\antigravity\scratch\covoiturage\.tools\apache-tomcat-10.1.31
20-Apr-2026 19:01:18.654 INFOS [main] org.apache.catalina.startup.VersionLoggerListener.log CATALINA_HOME :                    C:\Users\Ahmed Aziz\.gemini\antigravity\scratch\covoiturage\.tools\apache-tomcat-10.1.31
20-Apr-2026 19:01:18.662 INFOS [main] org.apache.catalina.startup.VersionLoggerListener.log Argument de la ligne de commande : -Djava.util.logging.config.file=C:\Users\Ahmed Aziz\.gemini\antigravity\scratch\covoiturage\.tools\apache-tomcat-10.1.31\conf\logging.properties
20-Apr-2026 19:01:18.662 INFOS [main] org.apache.catalina.startup.VersionLoggerListener.log Argument de la ligne de commande : -Djava.util.logging.manager=org.apache.juli.ClassLoaderLogManager
20-Apr-2026 19:01:18.663 INFOS [main] org.apache.catalina.startup.VersionLoggerListener.log Argument de la ligne de commande : -Djdk.tls.ephemeralDHKeySize=2048
20-Apr-2026 19:01:18.663 INFOS [main] org.apache.catalina.startup.VersionLoggerListener.log Argument de la ligne de commande : -Djava.protocol.handler.pkgs=org.apache.catalina.webresources
20-Apr-2026 19:01:18.663 INFOS [main] org.apache.catalina.startup.VersionLoggerListener.log Argument de la ligne de commande : --add-opens=java.base/java.lang=ALL-UNNAMED
20-Apr-2026 19:01:18.663 INFOS [main] org.apache.catalina.startup.VersionLoggerListener.log Argument de la ligne de commande : --add-opens=java.base/java.io=ALL-UNNAMED
20-Apr-2026 19:01:18.663 INFOS [main] org.apache.catalina.startup.VersionLoggerListener.log Argument de la ligne de commande : --add-opens=java.base/java.util=ALL-UNNAMED
20-Apr-2026 19:01:18.663 INFOS [main] org.apache.catalina.startup.VersionLoggerListener.log Argument de la ligne de commande : --add-opens=java.base/java.util.concurrent=ALL-UNNAMED
20-Apr-2026 19:01:18.663 INFOS [main] org.apache.catalina.startup.VersionLoggerListener.log Argument de la ligne de commande : --add-opens=java.rmi/sun.rmi.transport=ALL-UNNAMED
20-Apr-2026 19:01:18.664 INFOS [main] org.apache.catalina.startup.VersionLoggerListener.log Argument de la ligne de commande : -Dcatalina.base=C:\Users\Ahmed Aziz\.gemini\antigravity\scratch\covoiturage\.tools\apache-tomcat-10.1.31
20-Apr-2026 19:01:18.664 INFOS [main] org.apache.catalina.startup.VersionLoggerListener.log Argument de la ligne de commande : -Dcatalina.home=C:\Users\Ahmed Aziz\.gemini\antigravity\scratch\covoiturage\.tools\apache-tomcat-10.1.31
20-Apr-2026 19:01:18.664 INFOS [main] org.apache.catalina.startup.VersionLoggerListener.log Argument de la ligne de commande : -Djava.io.tmpdir=C:\Users\Ahmed Aziz\.gemini\antigravity\scratch\covoiturage\.tools\apache-tomcat-10.1.31\temp
20-Apr-2026 19:01:18.666 INFOS [main] org.apache.catalina.core.AprLifecycleListener.lifecycleEvent Chargement de la librairie Apache Tomcat Native [2.0.8] en utilisant APR version [1.7.4]
20-Apr-2026 19:01:18.670 INFOS [main] org.apache.catalina.core.AprLifecycleListener.initializeSSL OpenSSL a été initialisé avec succès [OpenSSL 3.0.14 4 Jun 2024]
20-Apr-2026 19:01:18.894 INFOS [main] org.apache.coyote.AbstractProtocol.init Initialisation du gestionnaire de protocole ["http-nio-8080"]
20-Apr-2026 19:01:18.919 INFOS [main] org.apache.catalina.startup.Catalina.load L'initialisation du serveur a pris [436] millisecondes
20-Apr-2026 19:01:18.980 INFOS [main] org.apache.catalina.core.StandardService.startInternal Démarrage du service [Catalina]
20-Apr-2026 19:01:18.981 INFOS [main] org.apache.catalina.core.StandardEngine.startInternal Démarrage du moteur de Servlets : [Apache Tomcat/10.1.31]
20-Apr-2026 19:01:19.001 INFOS [main] org.apache.catalina.startup.HostConfig.deployWAR Déploiement de l'archive [C:\Users\Ahmed Aziz\.gemini\antigravity\scratch\covoiturage\.tools\apache-tomcat-10.1.31\webapps\ROOT.war] de l'application web
20-Apr-2026 19:01:19.907 INFOS [main] org.apache.catalina.startup.HostConfig.deployWAR Le déploiement de l'archive de l'application web [C:\Users\Ahmed Aziz\.gemini\antigravity\scratch\covoiturage\.tools\apache-tomcat-10.1.31\webapps\ROOT.war] s'est terminé en [901] ms
20-Apr-2026 19:01:19.910 INFOS [main] org.apache.catalina.startup.HostConfig.deployDirectory Déploiement du répertoire d'application web [C:\Users\Ahmed Aziz\.gemini\antigravity\scratch\covoiturage\.tools\apache-tomcat-10.1.31\webapps\docs]
20-Apr-2026 19:01:19.967 INFOS [main] org.apache.catalina.startup.HostConfig.deployDirectory Le déploiement du répertoire [C:\Users\Ahmed Aziz\.gemini\antigravity\scratch\covoiturage\.tools\apache-tomcat-10.1.31\webapps\docs] de l'application web s'est terminé en [57] ms
20-Apr-2026 19:01:19.968 INFOS [main] org.apache.catalina.startup.HostConfig.deployDirectory Déploiement du répertoire d'application web [C:\Users\Ahmed Aziz\.gemini\antigravity\scratch\covoiturage\.tools\apache-tomcat-10.1.31\webapps\examples]
20-Apr-2026 19:01:20.354 INFOS [main] org.apache.catalina.startup.HostConfig.deployDirectory Le déploiement du répertoire [C:\Users\Ahmed Aziz\.gemini\antigravity\scratch\covoiturage\.tools\apache-tomcat-10.1.31\webapps\examples] de l'application web s'est terminé en [386] ms
20-Apr-2026 19:01:20.355 INFOS [main] org.apache.catalina.startup.HostConfig.deployDirectory Déploiement du répertoire d'application web [C:\Users\Ahmed Aziz\.gemini\antigravity\scratch\covoiturage\.tools\apache-tomcat-10.1.31\webapps\host-manager]
20-Apr-2026 19:01:20.393 INFOS [main] org.apache.catalina.startup.HostConfig.deployDirectory Le déploiement du répertoire [C:\Users\Ahmed Aziz\.gemini\antigravity\scratch\covoiturage\.tools\apache-tomcat-10.1.31\webapps\host-manager] de l'application web s'est terminé en [39] ms
20-Apr-2026 19:01:20.394 INFOS [main] org.apache.catalina.startup.HostConfig.deployDirectory Déploiement du répertoire d'application web [C:\Users\Ahmed Aziz\.gemini\antigravity\scratch\covoiturage\.tools\apache-tomcat-10.1.31\webapps\manager]
20-Apr-2026 19:01:20.435 INFOS [main] org.apache.catalina.startup.HostConfig.deployDirectory Le déploiement du répertoire [C:\Users\Ahmed Aziz\.gemini\antigravity\scratch\covoiturage\.tools\apache-tomcat-10.1.31\webapps\manager] de l'application web s'est terminé en [40] ms
20-Apr-2026 19:01:20.443 INFOS [main] org.apache.coyote.AbstractProtocol.start Démarrage du gestionnaire de protocole ["http-nio-8080"]
20-Apr-2026 19:01:20.474 INFOS [main] org.apache.catalina.startup.Catalina.start Le démarrage du serveur a pris [1553] millisecondes
20-Apr-2026 19:05:21.629 INFOS [main] org.apache.catalina.startup.VersionLoggerListener.log Nom version serveur :              Apache Tomcat/10.1.31
20-Apr-2026 19:05:21.633 INFOS [main] org.apache.catalina.startup.VersionLoggerListener.log Serveur compilé :                  Oct 3 2024 19:02:38 UTC
20-Apr-2026 19:05:21.633 INFOS [main] org.apache.catalina.startup.VersionLoggerListener.log Version du serveur :               10.1.31.0
20-Apr-2026 19:05:21.633 INFOS [main] org.apache.catalina.startup.VersionLoggerListener.log Nom de l'OS :                      Windows 11
20-Apr-2026 19:05:21.634 INFOS [main] org.apache.catalina.startup.VersionLoggerListener.log Version OS :                       10.0
20-Apr-2026 19:05:21.634 INFOS [main] org.apache.catalina.startup.VersionLoggerListener.log Architecture :                     amd64
20-Apr-2026 19:05:21.634 INFOS [main] org.apache.catalina.startup.VersionLoggerListener.log Java Home :                        C:\Program Files\Eclipse Adoptium\jdk-21.0.10.7-hotspot
20-Apr-2026 19:05:21.634 INFOS [main] org.apache.catalina.startup.VersionLoggerListener.log Version JVM :                      21.0.10+7-LTS
20-Apr-2026 19:05:21.634 INFOS [main] org.apache.catalina.startup.VersionLoggerListener.log Fournisseur de la JVM :            Eclipse Adoptium
20-Apr-2026 19:05:21.634 INFOS [main] org.apache.catalina.startup.VersionLoggerListener.log CATALINA_BASE :                    C:\Users\Ahmed Aziz\.gemini\antigravity\scratch\covoiturage\.tools\apache-tomcat-10.1.31
20-Apr-2026 19:05:21.635 INFOS [main] org.apache.catalina.startup.VersionLoggerListener.log CATALINA_HOME :                    C:\Users\Ahmed Aziz\.gemini\antigravity\scratch\covoiturage\.tools\apache-tomcat-10.1.31
20-Apr-2026 19:05:21.643 INFOS [main] org.apache.catalina.startup.VersionLoggerListener.log Argument de la ligne de commande : -Djava.util.logging.config.file=C:\Users\Ahmed Aziz\.gemini\antigravity\scratch\covoiturage\.tools\apache-tomcat-10.1.31\conf\logging.properties
20-Apr-2026 19:05:21.643 INFOS [main] org.apache.catalina.startup.VersionLoggerListener.log Argument de la ligne de commande : -Djava.util.logging.manager=org.apache.juli.ClassLoaderLogManager
20-Apr-2026 19:05:21.643 INFOS [main] org.apache.catalina.startup.VersionLoggerListener.log Argument de la ligne de commande : -Djdk.tls.ephemeralDHKeySize=2048
20-Apr-2026 19:05:21.643 INFOS [main] org.apache.catalina.startup.VersionLoggerListener.log Argument de la ligne de commande : -Djava.protocol.handler.pkgs=org.apache.catalina.webresources
20-Apr-2026 19:05:21.643 INFOS [main] org.apache.catalina.startup.VersionLoggerListener.log Argument de la ligne de commande : --add-opens=java.base/java.lang=ALL-UNNAMED
20-Apr-2026 19:05:21.644 INFOS [main] org.apache.catalina.startup.VersionLoggerListener.log Argument de la ligne de commande : --add-opens=java.base/java.io=ALL-UNNAMED
20-Apr-2026 19:05:21.644 INFOS [main] org.apache.catalina.startup.VersionLoggerListener.log Argument de la ligne de commande : --add-opens=java.base/java.util=ALL-UNNAMED
20-Apr-2026 19:05:21.644 INFOS [main] org.apache.catalina.startup.VersionLoggerListener.log Argument de la ligne de commande : --add-opens=java.base/java.util.concurrent=ALL-UNNAMED
20-Apr-2026 19:05:21.644 INFOS [main] org.apache.catalina.startup.VersionLoggerListener.log Argument de la ligne de commande : --add-opens=java.rmi/sun.rmi.transport=ALL-UNNAMED
20-Apr-2026 19:05:21.644 INFOS [main] org.apache.catalina.startup.VersionLoggerListener.log Argument de la ligne de commande : -Dcatalina.base=C:\Users\Ahmed Aziz\.gemini\antigravity\scratch\covoiturage\.tools\apache-tomcat-10.1.31
20-Apr-2026 19:05:21.645 INFOS [main] org.apache.catalina.startup.VersionLoggerListener.log Argument de la ligne de commande : -Dcatalina.home=C:\Users\Ahmed Aziz\.gemini\antigravity\scratch\covoiturage\.tools\apache-tomcat-10.1.31
20-Apr-2026 19:05:21.645 INFOS [main] org.apache.catalina.startup.VersionLoggerListener.log Argument de la ligne de commande : -Djava.io.tmpdir=C:\Users\Ahmed Aziz\.gemini\antigravity\scratch\covoiturage\.tools\apache-tomcat-10.1.31\temp
20-Apr-2026 19:05:21.647 INFOS [main] org.apache.catalina.core.AprLifecycleListener.lifecycleEvent Chargement de la librairie Apache Tomcat Native [2.0.8] en utilisant APR version [1.7.4]
20-Apr-2026 19:05:21.651 INFOS [main] org.apache.catalina.core.AprLifecycleListener.initializeSSL OpenSSL a été initialisé avec succès [OpenSSL 3.0.14 4 Jun 2024]
20-Apr-2026 19:05:21.858 INFOS [main] org.apache.coyote.AbstractProtocol.init Initialisation du gestionnaire de protocole ["http-nio-8080"]
20-Apr-2026 19:05:21.884 INFOS [main] org.apache.catalina.startup.Catalina.load L'initialisation du serveur a pris [414] millisecondes
20-Apr-2026 19:05:21.944 INFOS [main] org.apache.catalina.core.StandardService.startInternal Démarrage du service [Catalina]
20-Apr-2026 19:05:21.945 INFOS [main] org.apache.catalina.core.StandardEngine.startInternal Démarrage du moteur de Servlets : [Apache Tomcat/10.1.31]
20-Apr-2026 19:05:21.965 INFOS [main] org.apache.catalina.startup.HostConfig.deployWAR Déploiement de l'archive [C:\Users\Ahmed Aziz\.gemini\antigravity\scratch\covoiturage\.tools\apache-tomcat-10.1.31\webapps\ROOT.war] de l'application web
20-Apr-2026 19:05:22.915 INFOS [main] org.apache.catalina.startup.HostConfig.deployWAR Le déploiement de l'archive de l'application web [C:\Users\Ahmed Aziz\.gemini\antigravity\scratch\covoiturage\.tools\apache-tomcat-10.1.31\webapps\ROOT.war] s'est terminé en [948] ms
20-Apr-2026 19:05:22.916 INFOS [main] org.apache.catalina.startup.HostConfig.deployDirectory Déploiement du répertoire d'application web [C:\Users\Ahmed Aziz\.gemini\antigravity\scratch\covoiturage\.tools\apache-tomcat-10.1.31\webapps\docs]
20-Apr-2026 19:05:22.958 INFOS [main] org.apache.catalina.startup.HostConfig.deployDirectory Le déploiement du répertoire [C:\Users\Ahmed Aziz\.gemini\antigravity\scratch\covoiturage\.tools\apache-tomcat-10.1.31\webapps\docs] de l'application web s'est terminé en [42] ms
20-Apr-2026 19:05:22.959 INFOS [main] org.apache.catalina.startup.HostConfig.deployDirectory Déploiement du répertoire d'application web [C:\Users\Ahmed Aziz\.gemini\antigravity\scratch\covoiturage\.tools\apache-tomcat-10.1.31\webapps\examples]
20-Apr-2026 19:05:23.317 INFOS [main] org.apache.catalina.startup.HostConfig.deployDirectory Le déploiement du répertoire [C:\Users\Ahmed Aziz\.gemini\antigravity\scratch\covoiturage\.tools\apache-tomcat-10.1.31\webapps\examples] de l'application web s'est terminé en [358] ms
20-Apr-2026 19:05:23.318 INFOS [main] org.apache.catalina.startup.HostConfig.deployDirectory Déploiement du répertoire d'application web [C:\Users\Ahmed Aziz\.gemini\antigravity\scratch\covoiturage\.tools\apache-tomcat-10.1.31\webapps\host-manager]
20-Apr-2026 19:05:23.362 INFOS [main] org.apache.catalina.startup.HostConfig.deployDirectory Le déploiement du répertoire [C:\Users\Ahmed Aziz\.gemini\antigravity\scratch\covoiturage\.tools\apache-tomcat-10.1.31\webapps\host-manager] de l'application web s'est terminé en [44] ms
20-Apr-2026 19:05:23.362 INFOS [main] org.apache.catalina.startup.HostConfig.deployDirectory Déploiement du répertoire d'application web [C:\Users\Ahmed Aziz\.gemini\antigravity\scratch\covoiturage\.tools\apache-tomcat-10.1.31\webapps\manager]
20-Apr-2026 19:05:23.406 INFOS [main] org.apache.catalina.startup.HostConfig.deployDirectory Le déploiement du répertoire [C:\Users\Ahmed Aziz\.gemini\antigravity\scratch\covoiturage\.tools\apache-tomcat-10.1.31\webapps\manager] de l'application web s'est terminé en [44] ms
20-Apr-2026 19:05:23.413 INFOS [main] org.apache.coyote.AbstractProtocol.start Démarrage du gestionnaire de protocole ["http-nio-8080"]
20-Apr-2026 19:05:23.439 INFOS [main] org.apache.catalina.startup.Catalina.start Le démarrage du serveur a pris [1552] millisecondes
20-Apr-2026 19:09:13.967 INFOS [Catalina-utility-1] org.apache.catalina.startup.HostConfig.undeploy Retrait de l'application web ayant pour chemin de contexte []
20-Apr-2026 19:09:13.988 AVERTISSEMENT [Catalina-utility-1] org.apache.catalina.loader.WebappClassLoaderBase.clearReferencesJdbc L'application web [ROOT] a enregistré un pilote JDBC [org.h2.Driver], mais ne l'a pas désenregistré avant l'arrêt de l'application.  Pour éviter une fuite de mémoire, le pilote JDBC a été désenregistré de force.
20-Apr-2026 19:09:13.991 AVERTISSEMENT [Catalina-utility-1] org.apache.catalina.loader.WebappClassLoaderBase.clearReferencesThreads L'application web [ROOT] semble avoir démarré un thread nommé [MVStore background writer C:/Users/Ahmed Aziz/.gemini/antigravity/scratch/covoiturage/covoiturage_db.mv.db] mais ne l'a pas arrêté, ce qui va probablement créer une fuite de mémoire ; la trace du thread est : 
 java.base/java.lang.Object.wait0(Native Method)
 java.base/java.lang.Object.wait(Object.java:366)
 org.h2.mvstore.FileStore$BackgroundWriterThread.run(FileStore.java:2242)
20-Apr-2026 19:09:13.991 AVERTISSEMENT [Catalina-utility-1] org.apache.catalina.loader.WebappClassLoaderBase.clearReferencesThreads L'application web [ROOT] semble avoir démarré un thread nommé [H2-serialization] mais ne l'a pas arrêté, ce qui va probablement créer une fuite de mémoire ; la trace du thread est : 
 java.base/jdk.internal.misc.Unsafe.park(Native Method)
 java.base/java.util.concurrent.locks.LockSupport.park(LockSupport.java:371)
 java.base/java.util.concurrent.locks.AbstractQueuedSynchronizer$ConditionNode.block(AbstractQueuedSynchronizer.java:519)
 java.base/java.util.concurrent.ForkJoinPool.unmanagedBlock(ForkJoinPool.java:3780)
 java.base/java.util.concurrent.ForkJoinPool.managedBlock(ForkJoinPool.java:3725)
 java.base/java.util.concurrent.locks.AbstractQueuedSynchronizer$ConditionObject.await(AbstractQueuedSynchronizer.java:1746)
 java.base/java.util.concurrent.LinkedBlockingQueue.take(LinkedBlockingQueue.java:435)
 java.base/java.util.concurrent.ThreadPoolExecutor.getTask(ThreadPoolExecutor.java:1070)
 java.base/java.util.concurrent.ThreadPoolExecutor.runWorker(ThreadPoolExecutor.java:1130)
 java.base/java.util.concurrent.ThreadPoolExecutor$Worker.run(ThreadPoolExecutor.java:642)
 java.base/java.lang.Thread.run(Thread.java:1583)
20-Apr-2026 19:09:13.993 AVERTISSEMENT [Catalina-utility-1] org.apache.catalina.loader.WebappClassLoaderBase.clearReferencesThreads L'application web [ROOT] semble avoir démarré un thread nommé [H2-save] mais ne l'a pas arrêté, ce qui va probablement créer une fuite de mémoire ; la trace du thread est : 
 java.base/jdk.internal.misc.Unsafe.park(Native Method)
 java.base/java.util.concurrent.locks.LockSupport.park(LockSupport.java:371)
 java.base/java.util.concurrent.locks.AbstractQueuedSynchronizer$ConditionNode.block(AbstractQueuedSynchronizer.java:519)
 java.base/java.util.concurrent.ForkJoinPool.unmanagedBlock(ForkJoinPool.java:3780)
 java.base/java.util.concurrent.ForkJoinPool.managedBlock(ForkJoinPool.java:3725)
 java.base/java.util.concurrent.locks.AbstractQueuedSynchronizer$ConditionObject.await(AbstractQueuedSynchronizer.java:1746)
 java.base/java.util.concurrent.LinkedBlockingQueue.take(LinkedBlockingQueue.java:435)
 java.base/java.util.concurrent.ThreadPoolExecutor.getTask(ThreadPoolExecutor.java:1070)
 java.base/java.util.concurrent.ThreadPoolExecutor.runWorker(ThreadPoolExecutor.java:1130)
 java.base/java.util.concurrent.ThreadPoolExecutor$Worker.run(ThreadPoolExecutor.java:642)
 java.base/java.lang.Thread.run(Thread.java:1583)
20-Apr-2026 19:09:14.031 INFOS [Catalina-utility-1] org.apache.catalina.startup.HostConfig.deployWAR Déploiement de l'archive [C:\Users\Ahmed Aziz\.gemini\antigravity\scratch\covoiturage\.tools\apache-tomcat-10.1.31\webapps\ROOT.war] de l'application web
20-Apr-2026 19:09:15.079 INFOS [Catalina-utility-1] org.apache.catalina.startup.HostConfig.deployWAR Le déploiement de l'archive de l'application web [C:\Users\Ahmed Aziz\.gemini\antigravity\scratch\covoiturage\.tools\apache-tomcat-10.1.31\webapps\ROOT.war] s'est terminé en [1 048] ms
20-Apr-2026 19:15:22.506 INFOS [main] org.apache.catalina.startup.VersionLoggerListener.log Nom version serveur :              Apache Tomcat/10.1.31
20-Apr-2026 19:15:22.510 INFOS [main] org.apache.catalina.startup.VersionLoggerListener.log Serveur compilé :                  Oct 3 2024 19:02:38 UTC
20-Apr-2026 19:15:22.511 INFOS [main] org.apache.catalina.startup.VersionLoggerListener.log Version du serveur :               10.1.31.0
20-Apr-2026 19:15:22.511 INFOS [main] org.apache.catalina.startup.VersionLoggerListener.log Nom de l'OS :                      Windows 11
20-Apr-2026 19:15:22.511 INFOS [main] org.apache.catalina.startup.VersionLoggerListener.log Version OS :                       10.0
20-Apr-2026 19:15:22.512 INFOS [main] org.apache.catalina.startup.VersionLoggerListener.log Architecture :                     amd64
20-Apr-2026 19:15:22.512 INFOS [main] org.apache.catalina.startup.VersionLoggerListener.log Java Home :                        C:\Program Files\Eclipse Adoptium\jdk-21.0.10.7-hotspot
20-Apr-2026 19:15:22.512 INFOS [main] org.apache.catalina.startup.VersionLoggerListener.log Version JVM :                      21.0.10+7-LTS
20-Apr-2026 19:15:22.512 INFOS [main] org.apache.catalina.startup.VersionLoggerListener.log Fournisseur de la JVM :            Eclipse Adoptium
20-Apr-2026 19:15:22.512 INFOS [main] org.apache.catalina.startup.VersionLoggerListener.log CATALINA_BASE :                    C:\Users\Ahmed Aziz\.gemini\antigravity\scratch\covoiturage\.tools\apache-tomcat-10.1.31
20-Apr-2026 19:15:22.513 INFOS [main] org.apache.catalina.startup.VersionLoggerListener.log CATALINA_HOME :                    C:\Users\Ahmed Aziz\.gemini\antigravity\scratch\covoiturage\.tools\apache-tomcat-10.1.31
20-Apr-2026 19:15:22.521 INFOS [main] org.apache.catalina.startup.VersionLoggerListener.log Argument de la ligne de commande : -Djava.util.logging.config.file=C:\Users\Ahmed Aziz\.gemini\antigravity\scratch\covoiturage\.tools\apache-tomcat-10.1.31\conf\logging.properties
20-Apr-2026 19:15:22.522 INFOS [main] org.apache.catalina.startup.VersionLoggerListener.log Argument de la ligne de commande : -Djava.util.logging.manager=org.apache.juli.ClassLoaderLogManager
20-Apr-2026 19:15:22.522 INFOS [main] org.apache.catalina.startup.VersionLoggerListener.log Argument de la ligne de commande : -Djdk.tls.ephemeralDHKeySize=2048
20-Apr-2026 19:15:22.522 INFOS [main] org.apache.catalina.startup.VersionLoggerListener.log Argument de la ligne de commande : -Djava.protocol.handler.pkgs=org.apache.catalina.webresources
20-Apr-2026 19:15:22.522 INFOS [main] org.apache.catalina.startup.VersionLoggerListener.log Argument de la ligne de commande : --add-opens=java.base/java.lang=ALL-UNNAMED
20-Apr-2026 19:15:22.523 INFOS [main] org.apache.catalina.startup.VersionLoggerListener.log Argument de la ligne de commande : --add-opens=java.base/java.io=ALL-UNNAMED
20-Apr-2026 19:15:22.523 INFOS [main] org.apache.catalina.startup.VersionLoggerListener.log Argument de la ligne de commande : --add-opens=java.base/java.util=ALL-UNNAMED
20-Apr-2026 19:15:22.523 INFOS [main] org.apache.catalina.startup.VersionLoggerListener.log Argument de la ligne de commande : --add-opens=java.base/java.util.concurrent=ALL-UNNAMED
20-Apr-2026 19:15:22.523 INFOS [main] org.apache.catalina.startup.VersionLoggerListener.log Argument de la ligne de commande : --add-opens=java.rmi/sun.rmi.transport=ALL-UNNAMED
20-Apr-2026 19:15:22.523 INFOS [main] org.apache.catalina.startup.VersionLoggerListener.log Argument de la ligne de commande : -Dcatalina.base=C:\Users\Ahmed Aziz\.gemini\antigravity\scratch\covoiturage\.tools\apache-tomcat-10.1.31
20-Apr-2026 19:15:22.524 INFOS [main] org.apache.catalina.startup.VersionLoggerListener.log Argument de la ligne de commande : -Dcatalina.home=C:\Users\Ahmed Aziz\.gemini\antigravity\scratch\covoiturage\.tools\apache-tomcat-10.1.31
20-Apr-2026 19:15:22.524 INFOS [main] org.apache.catalina.startup.VersionLoggerListener.log Argument de la ligne de commande : -Djava.io.tmpdir=C:\Users\Ahmed Aziz\.gemini\antigravity\scratch\covoiturage\.tools\apache-tomcat-10.1.31\temp
20-Apr-2026 19:15:22.526 INFOS [main] org.apache.catalina.core.AprLifecycleListener.lifecycleEvent Chargement de la librairie Apache Tomcat Native [2.0.8] en utilisant APR version [1.7.4]
20-Apr-2026 19:15:22.531 INFOS [main] org.apache.catalina.core.AprLifecycleListener.initializeSSL OpenSSL a été initialisé avec succès [OpenSSL 3.0.14 4 Jun 2024]
20-Apr-2026 19:15:22.744 INFOS [main] org.apache.coyote.AbstractProtocol.init Initialisation du gestionnaire de protocole ["http-nio-8080"]
20-Apr-2026 19:15:22.769 INFOS [main] org.apache.catalina.startup.Catalina.load L'initialisation du serveur a pris [429] millisecondes
20-Apr-2026 19:15:22.831 INFOS [main] org.apache.catalina.core.StandardService.startInternal Démarrage du service [Catalina]
20-Apr-2026 19:15:22.832 INFOS [main] org.apache.catalina.core.StandardEngine.startInternal Démarrage du moteur de Servlets : [Apache Tomcat/10.1.31]
20-Apr-2026 19:15:22.852 INFOS [main] org.apache.catalina.startup.HostConfig.deployWAR Déploiement de l'archive [C:\Users\Ahmed Aziz\.gemini\antigravity\scratch\covoiturage\.tools\apache-tomcat-10.1.31\webapps\ROOT.war] de l'application web
20-Apr-2026 19:15:23.760 INFOS [main] org.apache.catalina.startup.HostConfig.deployWAR Le déploiement de l'archive de l'application web [C:\Users\Ahmed Aziz\.gemini\antigravity\scratch\covoiturage\.tools\apache-tomcat-10.1.31\webapps\ROOT.war] s'est terminé en [904] ms
20-Apr-2026 19:15:23.761 INFOS [main] org.apache.catalina.startup.HostConfig.deployDirectory Déploiement du répertoire d'application web [C:\Users\Ahmed Aziz\.gemini\antigravity\scratch\covoiturage\.tools\apache-tomcat-10.1.31\webapps\docs]
20-Apr-2026 19:15:23.806 INFOS [main] org.apache.catalina.startup.HostConfig.deployDirectory Le déploiement du répertoire [C:\Users\Ahmed Aziz\.gemini\antigravity\scratch\covoiturage\.tools\apache-tomcat-10.1.31\webapps\docs] de l'application web s'est terminé en [45] ms
20-Apr-2026 19:15:23.806 INFOS [main] org.apache.catalina.startup.HostConfig.deployDirectory Déploiement du répertoire d'application web [C:\Users\Ahmed Aziz\.gemini\antigravity\scratch\covoiturage\.tools\apache-tomcat-10.1.31\webapps\examples]
20-Apr-2026 19:15:24.175 INFOS [main] org.apache.catalina.startup.HostConfig.deployDirectory Le déploiement du répertoire [C:\Users\Ahmed Aziz\.gemini\antigravity\scratch\covoiturage\.tools\apache-tomcat-10.1.31\webapps\examples] de l'application web s'est terminé en [369] ms
20-Apr-2026 19:15:24.176 INFOS [main] org.apache.catalina.startup.HostConfig.deployDirectory Déploiement du répertoire d'application web [C:\Users\Ahmed Aziz\.gemini\antigravity\scratch\covoiturage\.tools\apache-tomcat-10.1.31\webapps\host-manager]
20-Apr-2026 19:15:24.221 INFOS [main] org.apache.catalina.startup.HostConfig.deployDirectory Le déploiement du répertoire [C:\Users\Ahmed Aziz\.gemini\antigravity\scratch\covoiturage\.tools\apache-tomcat-10.1.31\webapps\host-manager] de l'application web s'est terminé en [45] ms
20-Apr-2026 19:15:24.222 INFOS [main] org.apache.catalina.startup.HostConfig.deployDirectory Déploiement du répertoire d'application web [C:\Users\Ahmed Aziz\.gemini\antigravity\scratch\covoiturage\.tools\apache-tomcat-10.1.31\webapps\manager]
20-Apr-2026 19:15:24.264 INFOS [main] org.apache.catalina.startup.HostConfig.deployDirectory Le déploiement du répertoire [C:\Users\Ahmed Aziz\.gemini\antigravity\scratch\covoiturage\.tools\apache-tomcat-10.1.31\webapps\manager] de l'application web s'est terminé en [42] ms
20-Apr-2026 19:15:24.270 INFOS [main] org.apache.coyote.AbstractProtocol.start Démarrage du gestionnaire de protocole ["http-nio-8080"]
20-Apr-2026 19:15:24.297 INFOS [main] org.apache.catalina.startup.Catalina.start Le démarrage du serveur a pris [1526] millisecondes
20-Apr-2026 19:15:51.718 INFOS [main] org.apache.catalina.startup.VersionLoggerListener.log Nom version serveur :              Apache Tomcat/10.1.31
20-Apr-2026 19:15:51.723 INFOS [main] org.apache.catalina.startup.VersionLoggerListener.log Serveur compilé :                  Oct 3 2024 19:02:38 UTC
20-Apr-2026 19:15:51.724 INFOS [main] org.apache.catalina.startup.VersionLoggerListener.log Version du serveur :               10.1.31.0
20-Apr-2026 19:15:51.725 INFOS [main] org.apache.catalina.startup.VersionLoggerListener.log Nom de l'OS :                      Windows 11
20-Apr-2026 19:15:51.725 INFOS [main] org.apache.catalina.startup.VersionLoggerListener.log Version OS :                       10.0
20-Apr-2026 19:15:51.725 INFOS [main] org.apache.catalina.startup.VersionLoggerListener.log Architecture :                     amd64
20-Apr-2026 19:15:51.726 INFOS [main] org.apache.catalina.startup.VersionLoggerListener.log Java Home :                        C:\Program Files\Eclipse Adoptium\jdk-21.0.10.7-hotspot
20-Apr-2026 19:15:51.726 INFOS [main] org.apache.catalina.startup.VersionLoggerListener.log Version JVM :                      21.0.10+7-LTS
20-Apr-2026 19:15:51.727 INFOS [main] org.apache.catalina.startup.VersionLoggerListener.log Fournisseur de la JVM :            Eclipse Adoptium
20-Apr-2026 19:15:51.727 INFOS [main] org.apache.catalina.startup.VersionLoggerListener.log CATALINA_BASE :                    C:\Users\Ahmed Aziz\.gemini\antigravity\scratch\covoiturage\.tools\apache-tomcat-10.1.31
20-Apr-2026 19:15:51.728 INFOS [main] org.apache.catalina.startup.VersionLoggerListener.log CATALINA_HOME :                    C:\Users\Ahmed Aziz\.gemini\antigravity\scratch\covoiturage\.tools\apache-tomcat-10.1.31
20-Apr-2026 19:15:51.735 INFOS [main] org.apache.catalina.startup.VersionLoggerListener.log Argument de la ligne de commande : -Djava.util.logging.config.file=C:\Users\Ahmed Aziz\.gemini\antigravity\scratch\covoiturage\.tools\apache-tomcat-10.1.31\conf\logging.properties
20-Apr-2026 19:15:51.736 INFOS [main] org.apache.catalina.startup.VersionLoggerListener.log Argument de la ligne de commande : -Djava.util.logging.manager=org.apache.juli.ClassLoaderLogManager
20-Apr-2026 19:15:51.736 INFOS [main] org.apache.catalina.startup.VersionLoggerListener.log Argument de la ligne de commande : -Djdk.tls.ephemeralDHKeySize=2048
20-Apr-2026 19:15:51.736 INFOS [main] org.apache.catalina.startup.VersionLoggerListener.log Argument de la ligne de commande : -Djava.protocol.handler.pkgs=org.apache.catalina.webresources
20-Apr-2026 19:15:51.736 INFOS [main] org.apache.catalina.startup.VersionLoggerListener.log Argument de la ligne de commande : --add-opens=java.base/java.lang=ALL-UNNAMED
20-Apr-2026 19:15:51.737 INFOS [main] org.apache.catalina.startup.VersionLoggerListener.log Argument de la ligne de commande : --add-opens=java.base/java.io=ALL-UNNAMED
20-Apr-2026 19:15:51.737 INFOS [main] org.apache.catalina.startup.VersionLoggerListener.log Argument de la ligne de commande : --add-opens=java.base/java.util=ALL-UNNAMED
20-Apr-2026 19:15:51.737 INFOS [main] org.apache.catalina.startup.VersionLoggerListener.log Argument de la ligne de commande : --add-opens=java.base/java.util.concurrent=ALL-UNNAMED
20-Apr-2026 19:15:51.737 INFOS [main] org.apache.catalina.startup.VersionLoggerListener.log Argument de la ligne de commande : --add-opens=java.rmi/sun.rmi.transport=ALL-UNNAMED
20-Apr-2026 19:15:51.738 INFOS [main] org.apache.catalina.startup.VersionLoggerListener.log Argument de la ligne de commande : -Dcatalina.base=C:\Users\Ahmed Aziz\.gemini\antigravity\scratch\covoiturage\.tools\apache-tomcat-10.1.31
20-Apr-2026 19:15:51.738 INFOS [main] org.apache.catalina.startup.VersionLoggerListener.log Argument de la ligne de commande : -Dcatalina.home=C:\Users\Ahmed Aziz\.gemini\antigravity\scratch\covoiturage\.tools\apache-tomcat-10.1.31
20-Apr-2026 19:15:51.738 INFOS [main] org.apache.catalina.startup.VersionLoggerListener.log Argument de la ligne de commande : -Djava.io.tmpdir=C:\Users\Ahmed Aziz\.gemini\antigravity\scratch\covoiturage\.tools\apache-tomcat-10.1.31\temp
20-Apr-2026 19:15:51.741 INFOS [main] org.apache.catalina.core.AprLifecycleListener.lifecycleEvent Chargement de la librairie Apache Tomcat Native [2.0.8] en utilisant APR version [1.7.4]
20-Apr-2026 19:15:51.745 INFOS [main] org.apache.catalina.core.AprLifecycleListener.initializeSSL OpenSSL a été initialisé avec succès [OpenSSL 3.0.14 4 Jun 2024]
20-Apr-2026 19:15:51.959 INFOS [main] org.apache.coyote.AbstractProtocol.init Initialisation du gestionnaire de protocole ["http-nio-8080"]
20-Apr-2026 19:15:51.981 INFOS [main] org.apache.catalina.startup.Catalina.load L'initialisation du serveur a pris [420] millisecondes
20-Apr-2026 19:15:52.033 INFOS [main] org.apache.catalina.core.StandardService.startInternal Démarrage du service [Catalina]
20-Apr-2026 19:15:52.033 INFOS [main] org.apache.catalina.core.StandardEngine.startInternal Démarrage du moteur de Servlets : [Apache Tomcat/10.1.31]
20-Apr-2026 19:15:52.051 INFOS [main] org.apache.catalina.startup.HostConfig.deployWAR Déploiement de l'archive [C:\Users\Ahmed Aziz\.gemini\antigravity\scratch\covoiturage\.tools\apache-tomcat-10.1.31\webapps\ROOT.war] de l'application web
20-Apr-2026 19:15:52.994 INFOS [main] org.apache.catalina.startup.HostConfig.deployWAR Le déploiement de l'archive de l'application web [C:\Users\Ahmed Aziz\.gemini\antigravity\scratch\covoiturage\.tools\apache-tomcat-10.1.31\webapps\ROOT.war] s'est terminé en [939] ms
20-Apr-2026 19:15:52.995 INFOS [main] org.apache.catalina.startup.HostConfig.deployDirectory Déploiement du répertoire d'application web [C:\Users\Ahmed Aziz\.gemini\antigravity\scratch\covoiturage\.tools\apache-tomcat-10.1.31\webapps\docs]
20-Apr-2026 19:15:53.047 INFOS [main] org.apache.catalina.startup.HostConfig.deployDirectory Le déploiement du répertoire [C:\Users\Ahmed Aziz\.gemini\antigravity\scratch\covoiturage\.tools\apache-tomcat-10.1.31\webapps\docs] de l'application web s'est terminé en [52] ms
20-Apr-2026 19:15:53.048 INFOS [main] org.apache.catalina.startup.HostConfig.deployDirectory Déploiement du répertoire d'application web [C:\Users\Ahmed Aziz\.gemini\antigravity\scratch\covoiturage\.tools\apache-tomcat-10.1.31\webapps\examples]
20-Apr-2026 19:15:53.430 INFOS [main] org.apache.catalina.startup.HostConfig.deployDirectory Le déploiement du répertoire [C:\Users\Ahmed Aziz\.gemini\antigravity\scratch\covoiturage\.tools\apache-tomcat-10.1.31\webapps\examples] de l'application web s'est terminé en [382] ms
20-Apr-2026 19:15:53.430 INFOS [main] org.apache.catalina.startup.HostConfig.deployDirectory Déploiement du répertoire d'application web [C:\Users\Ahmed Aziz\.gemini\antigravity\scratch\covoiturage\.tools\apache-tomcat-10.1.31\webapps\host-manager]
20-Apr-2026 19:15:53.469 INFOS [main] org.apache.catalina.startup.HostConfig.deployDirectory Le déploiement du répertoire [C:\Users\Ahmed Aziz\.gemini\antigravity\scratch\covoiturage\.tools\apache-tomcat-10.1.31\webapps\host-manager] de l'application web s'est terminé en [39] ms
20-Apr-2026 19:15:53.470 INFOS [main] org.apache.catalina.startup.HostConfig.deployDirectory Déploiement du répertoire d'application web [C:\Users\Ahmed Aziz\.gemini\antigravity\scratch\covoiturage\.tools\apache-tomcat-10.1.31\webapps\manager]
20-Apr-2026 19:15:53.508 INFOS [main] org.apache.catalina.startup.HostConfig.deployDirectory Le déploiement du répertoire [C:\Users\Ahmed Aziz\.gemini\antigravity\scratch\covoiturage\.tools\apache-tomcat-10.1.31\webapps\manager] de l'application web s'est terminé en [38] ms
20-Apr-2026 19:15:53.513 INFOS [main] org.apache.coyote.AbstractProtocol.start Démarrage du gestionnaire de protocole ["http-nio-8080"]
20-Apr-2026 19:15:53.533 INFOS [main] org.apache.catalina.startup.Catalina.start Le démarrage du serveur a pris [1550] millisecondes
20-Apr-2026 19:16:47.510 INFOS [main] org.apache.catalina.startup.VersionLoggerListener.log Nom version serveur :              Apache Tomcat/10.1.31
20-Apr-2026 19:16:47.514 INFOS [main] org.apache.catalina.startup.VersionLoggerListener.log Serveur compilé :                  Oct 3 2024 19:02:38 UTC
20-Apr-2026 19:16:47.515 INFOS [main] org.apache.catalina.startup.VersionLoggerListener.log Version du serveur :               10.1.31.0
20-Apr-2026 19:16:47.515 INFOS [main] org.apache.catalina.startup.VersionLoggerListener.log Nom de l'OS :                      Windows 11
20-Apr-2026 19:16:47.516 INFOS [main] org.apache.catalina.startup.VersionLoggerListener.log Version OS :                       10.0
20-Apr-2026 19:16:47.516 INFOS [main] org.apache.catalina.startup.VersionLoggerListener.log Architecture :                     amd64
20-Apr-2026 19:16:47.516 INFOS [main] org.apache.catalina.startup.VersionLoggerListener.log Java Home :                        C:\Program Files\Eclipse Adoptium\jdk-21.0.10.7-hotspot
20-Apr-2026 19:16:47.517 INFOS [main] org.apache.catalina.startup.VersionLoggerListener.log Version JVM :                      21.0.10+7-LTS
20-Apr-2026 19:16:47.517 INFOS [main] org.apache.catalina.startup.VersionLoggerListener.log Fournisseur de la JVM :            Eclipse Adoptium
20-Apr-2026 19:16:47.517 INFOS [main] org.apache.catalina.startup.VersionLoggerListener.log CATALINA_BASE :                    C:\Users\Ahmed Aziz\.gemini\antigravity\scratch\covoiturage\.tools\apache-tomcat-10.1.31
20-Apr-2026 19:16:47.517 INFOS [main] org.apache.catalina.startup.VersionLoggerListener.log CATALINA_HOME :                    C:\Users\Ahmed Aziz\.gemini\antigravity\scratch\covoiturage\.tools\apache-tomcat-10.1.31
20-Apr-2026 19:16:47.527 INFOS [main] org.apache.catalina.startup.VersionLoggerListener.log Argument de la ligne de commande : -Djava.util.logging.config.file=c:\Users\Ahmed Aziz\.gemini\antigravity\scratch\covoiturage\.tools\apache-tomcat-10.1.31\conf\logging.properties
20-Apr-2026 19:16:47.527 INFOS [main] org.apache.catalina.startup.VersionLoggerListener.log Argument de la ligne de commande : -Djava.util.logging.manager=org.apache.juli.ClassLoaderLogManager
20-Apr-2026 19:16:47.528 INFOS [main] org.apache.catalina.startup.VersionLoggerListener.log Argument de la ligne de commande : -Djdk.tls.ephemeralDHKeySize=2048
20-Apr-2026 19:16:47.528 INFOS [main] org.apache.catalina.startup.VersionLoggerListener.log Argument de la ligne de commande : -Djava.protocol.handler.pkgs=org.apache.catalina.webresources
20-Apr-2026 19:16:47.528 INFOS [main] org.apache.catalina.startup.VersionLoggerListener.log Argument de la ligne de commande : --add-opens=java.base/java.lang=ALL-UNNAMED
20-Apr-2026 19:16:47.528 INFOS [main] org.apache.catalina.startup.VersionLoggerListener.log Argument de la ligne de commande : --add-opens=java.base/java.io=ALL-UNNAMED
20-Apr-2026 19:16:47.528 INFOS [main] org.apache.catalina.startup.VersionLoggerListener.log Argument de la ligne de commande : --add-opens=java.base/java.util=ALL-UNNAMED
20-Apr-2026 19:16:47.528 INFOS [main] org.apache.catalina.startup.VersionLoggerListener.log Argument de la ligne de commande : --add-opens=java.base/java.util.concurrent=ALL-UNNAMED
20-Apr-2026 19:16:47.528 INFOS [main] org.apache.catalina.startup.VersionLoggerListener.log Argument de la ligne de commande : --add-opens=java.rmi/sun.rmi.transport=ALL-UNNAMED
20-Apr-2026 19:16:47.529 INFOS [main] org.apache.catalina.startup.VersionLoggerListener.log Argument de la ligne de commande : -Dcatalina.base=c:\Users\Ahmed Aziz\.gemini\antigravity\scratch\covoiturage\.tools\apache-tomcat-10.1.31
20-Apr-2026 19:16:47.529 INFOS [main] org.apache.catalina.startup.VersionLoggerListener.log Argument de la ligne de commande : -Dcatalina.home=c:\Users\Ahmed Aziz\.gemini\antigravity\scratch\covoiturage\.tools\apache-tomcat-10.1.31
20-Apr-2026 19:16:47.529 INFOS [main] org.apache.catalina.startup.VersionLoggerListener.log Argument de la ligne de commande : -Djava.io.tmpdir=c:\Users\Ahmed Aziz\.gemini\antigravity\scratch\covoiturage\.tools\apache-tomcat-10.1.31\temp
20-Apr-2026 19:16:47.532 INFOS [main] org.apache.catalina.core.AprLifecycleListener.lifecycleEvent Chargement de la librairie Apache Tomcat Native [2.0.8] en utilisant APR version [1.7.4]
20-Apr-2026 19:16:47.543 INFOS [main] org.apache.catalina.core.AprLifecycleListener.initializeSSL OpenSSL a été initialisé avec succès [OpenSSL 3.0.14 4 Jun 2024]
20-Apr-2026 19:16:47.780 INFOS [main] org.apache.coyote.AbstractProtocol.init Initialisation du gestionnaire de protocole ["http-nio-8080"]
20-Apr-2026 19:16:47.806 INFOS [main] org.apache.catalina.startup.Catalina.load L'initialisation du serveur a pris [491] millisecondes
20-Apr-2026 19:16:47.869 INFOS [main] org.apache.catalina.core.StandardService.startInternal Démarrage du service [Catalina]
20-Apr-2026 19:16:47.870 INFOS [main] org.apache.catalina.core.StandardEngine.startInternal Démarrage du moteur de Servlets : [Apache Tomcat/10.1.31]
20-Apr-2026 19:16:47.890 INFOS [main] org.apache.catalina.startup.HostConfig.deployWAR Déploiement de l'archive [C:\Users\Ahmed Aziz\.gemini\antigravity\scratch\covoiturage\.tools\apache-tomcat-10.1.31\webapps\ROOT.war] de l'application web
20-Apr-2026 19:16:48.813 INFOS [main] org.apache.catalina.startup.HostConfig.deployWAR Le déploiement de l'archive de l'application web [C:\Users\Ahmed Aziz\.gemini\antigravity\scratch\covoiturage\.tools\apache-tomcat-10.1.31\webapps\ROOT.war] s'est terminé en [920] ms
20-Apr-2026 19:16:48.813 INFOS [main] org.apache.catalina.startup.HostConfig.deployDirectory Déploiement du répertoire d'application web [C:\Users\Ahmed Aziz\.gemini\antigravity\scratch\covoiturage\.tools\apache-tomcat-10.1.31\webapps\docs]
20-Apr-2026 19:16:48.853 INFOS [main] org.apache.catalina.startup.HostConfig.deployDirectory Le déploiement du répertoire [C:\Users\Ahmed Aziz\.gemini\antigravity\scratch\covoiturage\.tools\apache-tomcat-10.1.31\webapps\docs] de l'application web s'est terminé en [40] ms
20-Apr-2026 19:16:48.854 INFOS [main] org.apache.catalina.startup.HostConfig.deployDirectory Déploiement du répertoire d'application web [C:\Users\Ahmed Aziz\.gemini\antigravity\scratch\covoiturage\.tools\apache-tomcat-10.1.31\webapps\examples]
20-Apr-2026 19:16:49.239 INFOS [main] org.apache.catalina.startup.HostConfig.deployDirectory Le déploiement du répertoire [C:\Users\Ahmed Aziz\.gemini\antigravity\scratch\covoiturage\.tools\apache-tomcat-10.1.31\webapps\examples] de l'application web s'est terminé en [385] ms
20-Apr-2026 19:16:49.239 INFOS [main] org.apache.catalina.startup.HostConfig.deployDirectory Déploiement du répertoire d'application web [C:\Users\Ahmed Aziz\.gemini\antigravity\scratch\covoiturage\.tools\apache-tomcat-10.1.31\webapps\host-manager]
20-Apr-2026 19:16:49.280 INFOS [main] org.apache.catalina.startup.HostConfig.deployDirectory Le déploiement du répertoire [C:\Users\Ahmed Aziz\.gemini\antigravity\scratch\covoiturage\.tools\apache-tomcat-10.1.31\webapps\host-manager] de l'application web s'est terminé en [41] ms
20-Apr-2026 19:16:49.281 INFOS [main] org.apache.catalina.startup.HostConfig.deployDirectory Déploiement du répertoire d'application web [C:\Users\Ahmed Aziz\.gemini\antigravity\scratch\covoiturage\.tools\apache-tomcat-10.1.31\webapps\manager]
20-Apr-2026 19:16:49.319 INFOS [main] org.apache.catalina.startup.HostConfig.deployDirectory Le déploiement du répertoire [C:\Users\Ahmed Aziz\.gemini\antigravity\scratch\covoiturage\.tools\apache-tomcat-10.1.31\webapps\manager] de l'application web s'est terminé en [38] ms
20-Apr-2026 19:16:49.324 INFOS [main] org.apache.coyote.AbstractProtocol.start Démarrage du gestionnaire de protocole ["http-nio-8080"]
20-Apr-2026 19:16:49.347 INFOS [main] org.apache.catalina.startup.Catalina.start Le démarrage du serveur a pris [1539] millisecondes
20-Apr-2026 20:05:37.730 INFOS [main] org.apache.catalina.startup.VersionLoggerListener.log Nom version serveur :              Apache Tomcat/10.1.31
20-Apr-2026 20:05:37.736 INFOS [main] org.apache.catalina.startup.VersionLoggerListener.log Serveur compilé :                  Oct 3 2024 19:02:38 UTC
20-Apr-2026 20:05:37.737 INFOS [main] org.apache.catalina.startup.VersionLoggerListener.log Version du serveur :               10.1.31.0
20-Apr-2026 20:05:37.737 INFOS [main] org.apache.catalina.startup.VersionLoggerListener.log Nom de l'OS :                      Windows 11
20-Apr-2026 20:05:37.739 INFOS [main] org.apache.catalina.startup.VersionLoggerListener.log Version OS :                       10.0
20-Apr-2026 20:05:37.739 INFOS [main] org.apache.catalina.startup.VersionLoggerListener.log Architecture :                     amd64
20-Apr-2026 20:05:37.739 INFOS [main] org.apache.catalina.startup.VersionLoggerListener.log Java Home :                        C:\Program Files\Eclipse Adoptium\jdk-21.0.10.7-hotspot
20-Apr-2026 20:05:37.740 INFOS [main] org.apache.catalina.startup.VersionLoggerListener.log Version JVM :                      21.0.10+7-LTS
20-Apr-2026 20:05:37.740 INFOS [main] org.apache.catalina.startup.VersionLoggerListener.log Fournisseur de la JVM :            Eclipse Adoptium
20-Apr-2026 20:05:37.740 INFOS [main] org.apache.catalina.startup.VersionLoggerListener.log CATALINA_BASE :                    C:\Users\Ahmed Aziz\.gemini\antigravity\scratch\covoiturage\.tools\apache-tomcat-10.1.31
20-Apr-2026 20:05:37.740 INFOS [main] org.apache.catalina.startup.VersionLoggerListener.log CATALINA_HOME :                    C:\Users\Ahmed Aziz\.gemini\antigravity\scratch\covoiturage\.tools\apache-tomcat-10.1.31
20-Apr-2026 20:05:37.760 INFOS [main] org.apache.catalina.startup.VersionLoggerListener.log Argument de la ligne de commande : -Djava.util.logging.config.file=C:\Users\Ahmed Aziz\.gemini\antigravity\scratch\covoiturage\.tools\apache-tomcat-10.1.31\conf\logging.properties
20-Apr-2026 20:05:37.761 INFOS [main] org.apache.catalina.startup.VersionLoggerListener.log Argument de la ligne de commande : -Djava.util.logging.manager=org.apache.juli.ClassLoaderLogManager
20-Apr-2026 20:05:37.761 INFOS [main] org.apache.catalina.startup.VersionLoggerListener.log Argument de la ligne de commande : -Djdk.tls.ephemeralDHKeySize=2048
20-Apr-2026 20:05:37.761 INFOS [main] org.apache.catalina.startup.VersionLoggerListener.log Argument de la ligne de commande : -Djava.protocol.handler.pkgs=org.apache.catalina.webresources
20-Apr-2026 20:05:37.761 INFOS [main] org.apache.catalina.startup.VersionLoggerListener.log Argument de la ligne de commande : --add-opens=java.base/java.lang=ALL-UNNAMED
20-Apr-2026 20:05:37.762 INFOS [main] org.apache.catalina.startup.VersionLoggerListener.log Argument de la ligne de commande : --add-opens=java.base/java.io=ALL-UNNAMED
20-Apr-2026 20:05:37.762 INFOS [main] org.apache.catalina.startup.VersionLoggerListener.log Argument de la ligne de commande : --add-opens=java.base/java.util=ALL-UNNAMED
20-Apr-2026 20:05:37.762 INFOS [main] org.apache.catalina.startup.VersionLoggerListener.log Argument de la ligne de commande : --add-opens=java.base/java.util.concurrent=ALL-UNNAMED
20-Apr-2026 20:05:37.762 INFOS [main] org.apache.catalina.startup.VersionLoggerListener.log Argument de la ligne de commande : --add-opens=java.rmi/sun.rmi.transport=ALL-UNNAMED
20-Apr-2026 20:05:37.764 INFOS [main] org.apache.catalina.startup.VersionLoggerListener.log Argument de la ligne de commande : -Dcatalina.base=C:\Users\Ahmed Aziz\.gemini\antigravity\scratch\covoiturage\.tools\apache-tomcat-10.1.31
20-Apr-2026 20:05:37.764 INFOS [main] org.apache.catalina.startup.VersionLoggerListener.log Argument de la ligne de commande : -Dcatalina.home=C:\Users\Ahmed Aziz\.gemini\antigravity\scratch\covoiturage\.tools\apache-tomcat-10.1.31
20-Apr-2026 20:05:37.764 INFOS [main] org.apache.catalina.startup.VersionLoggerListener.log Argument de la ligne de commande : -Djava.io.tmpdir=C:\Users\Ahmed Aziz\.gemini\antigravity\scratch\covoiturage\.tools\apache-tomcat-10.1.31\temp
20-Apr-2026 20:05:37.771 INFOS [main] org.apache.catalina.core.AprLifecycleListener.lifecycleEvent Chargement de la librairie Apache Tomcat Native [2.0.8] en utilisant APR version [1.7.4]
20-Apr-2026 20:05:37.796 INFOS [main] org.apache.catalina.core.AprLifecycleListener.initializeSSL OpenSSL a été initialisé avec succès [OpenSSL 3.0.14 4 Jun 2024]
20-Apr-2026 20:05:38.143 INFOS [main] org.apache.coyote.AbstractProtocol.init Initialisation du gestionnaire de protocole ["http-nio-8080"]
20-Apr-2026 20:05:38.186 INFOS [main] org.apache.catalina.startup.Catalina.load L'initialisation du serveur a pris [757] millisecondes
20-Apr-2026 20:05:38.297 INFOS [main] org.apache.catalina.core.StandardService.startInternal Démarrage du service [Catalina]
20-Apr-2026 20:05:38.298 INFOS [main] org.apache.catalina.core.StandardEngine.startInternal Démarrage du moteur de Servlets : [Apache Tomcat/10.1.31]
20-Apr-2026 20:05:38.327 INFOS [main] org.apache.catalina.startup.HostConfig.deployWAR Déploiement de l'archive [C:\Users\Ahmed Aziz\.gemini\antigravity\scratch\covoiturage\.tools\apache-tomcat-10.1.31\webapps\ROOT.war] de l'application web
20-Apr-2026 20:05:39.593 INFOS [main] org.apache.catalina.startup.HostConfig.deployWAR Le déploiement de l'archive de l'application web [C:\Users\Ahmed Aziz\.gemini\antigravity\scratch\covoiturage\.tools\apache-tomcat-10.1.31\webapps\ROOT.war] s'est terminé en [1 263] ms
20-Apr-2026 20:05:39.595 INFOS [main] org.apache.catalina.startup.HostConfig.deployDirectory Déploiement du répertoire d'application web [C:\Users\Ahmed Aziz\.gemini\antigravity\scratch\covoiturage\.tools\apache-tomcat-10.1.31\webapps\docs]
20-Apr-2026 20:05:39.650 INFOS [main] org.apache.catalina.startup.HostConfig.deployDirectory Le déploiement du répertoire [C:\Users\Ahmed Aziz\.gemini\antigravity\scratch\covoiturage\.tools\apache-tomcat-10.1.31\webapps\docs] de l'application web s'est terminé en [53] ms
20-Apr-2026 20:05:39.650 INFOS [main] org.apache.catalina.startup.HostConfig.deployDirectory Déploiement du répertoire d'application web [C:\Users\Ahmed Aziz\.gemini\antigravity\scratch\covoiturage\.tools\apache-tomcat-10.1.31\webapps\examples]
20-Apr-2026 20:05:40.179 INFOS [main] org.apache.catalina.startup.HostConfig.deployDirectory Le déploiement du répertoire [C:\Users\Ahmed Aziz\.gemini\antigravity\scratch\covoiturage\.tools\apache-tomcat-10.1.31\webapps\examples] de l'application web s'est terminé en [529] ms
20-Apr-2026 20:05:40.180 INFOS [main] org.apache.catalina.startup.HostConfig.deployDirectory Déploiement du répertoire d'application web [C:\Users\Ahmed Aziz\.gemini\antigravity\scratch\covoiturage\.tools\apache-tomcat-10.1.31\webapps\host-manager]
20-Apr-2026 20:05:40.250 INFOS [main] org.apache.catalina.startup.HostConfig.deployDirectory Le déploiement du répertoire [C:\Users\Ahmed Aziz\.gemini\antigravity\scratch\covoiturage\.tools\apache-tomcat-10.1.31\webapps\host-manager] de l'application web s'est terminé en [68] ms
20-Apr-2026 20:05:40.251 INFOS [main] org.apache.catalina.startup.HostConfig.deployDirectory Déploiement du répertoire d'application web [C:\Users\Ahmed Aziz\.gemini\antigravity\scratch\covoiturage\.tools\apache-tomcat-10.1.31\webapps\manager]
20-Apr-2026 20:05:40.298 INFOS [main] org.apache.catalina.startup.HostConfig.deployDirectory Le déploiement du répertoire [C:\Users\Ahmed Aziz\.gemini\antigravity\scratch\covoiturage\.tools\apache-tomcat-10.1.31\webapps\manager] de l'application web s'est terminé en [48] ms
20-Apr-2026 20:05:40.308 INFOS [main] org.apache.coyote.AbstractProtocol.start Démarrage du gestionnaire de protocole ["http-nio-8080"]
20-Apr-2026 20:05:40.360 INFOS [main] org.apache.catalina.startup.Catalina.start Le démarrage du serveur a pris [2170] millisecondes
