05-May-2026 12:36:08.931 INFOS [main] org.apache.catalina.startup.VersionLoggerListener.log Nom version serveur :              Apache Tomcat/10.1.31
05-May-2026 12:36:08.935 INFOS [main] org.apache.catalina.startup.VersionLoggerListener.log Serveur compilé :                  Oct 3 2024 19:02:38 UTC
05-May-2026 12:36:08.936 INFOS [main] org.apache.catalina.startup.VersionLoggerListener.log Version du serveur :               10.1.31.0
05-May-2026 12:36:08.936 INFOS [main] org.apache.catalina.startup.VersionLoggerListener.log Nom de l'OS :                      Windows 11
05-May-2026 12:36:08.936 INFOS [main] org.apache.catalina.startup.VersionLoggerListener.log Version OS :                       10.0
05-May-2026 12:36:08.936 INFOS [main] org.apache.catalina.startup.VersionLoggerListener.log Architecture :                     amd64
05-May-2026 12:36:08.936 INFOS [main] org.apache.catalina.startup.VersionLoggerListener.log Java Home :                        C:\Program Files\Eclipse Adoptium\jdk-21.0.10.7-hotspot
05-May-2026 12:36:08.936 INFOS [main] org.apache.catalina.startup.VersionLoggerListener.log Version JVM :                      21.0.10+7-LTS
05-May-2026 12:36:08.937 INFOS [main] org.apache.catalina.startup.VersionLoggerListener.log Fournisseur de la JVM :            Eclipse Adoptium
05-May-2026 12:36:08.937 INFOS [main] org.apache.catalina.startup.VersionLoggerListener.log CATALINA_BASE :                    C:\Users\Ahmed Aziz\.gemini\antigravity\scratch\covoiturage\.tools\apache-tomcat-10.1.31
05-May-2026 12:36:08.937 INFOS [main] org.apache.catalina.startup.VersionLoggerListener.log CATALINA_HOME :                    C:\Users\Ahmed Aziz\.gemini\antigravity\scratch\covoiturage\.tools\apache-tomcat-10.1.31
05-May-2026 12:36:08.946 INFOS [main] org.apache.catalina.startup.VersionLoggerListener.log Argument de la ligne de commande : -Djava.util.logging.config.file=c:\Users\Ahmed Aziz\.gemini\antigravity\scratch\covoiturage\.tools\apache-tomcat-10.1.31\conf\logging.properties
05-May-2026 12:36:08.946 INFOS [main] org.apache.catalina.startup.VersionLoggerListener.log Argument de la ligne de commande : -Djava.util.logging.manager=org.apache.juli.ClassLoaderLogManager
05-May-2026 12:36:08.946 INFOS [main] org.apache.catalina.startup.VersionLoggerListener.log Argument de la ligne de commande : -Djdk.tls.ephemeralDHKeySize=2048
05-May-2026 12:36:08.946 INFOS [main] org.apache.catalina.startup.VersionLoggerListener.log Argument de la ligne de commande : -Djava.protocol.handler.pkgs=org.apache.catalina.webresources
05-May-2026 12:36:08.946 INFOS [main] org.apache.catalina.startup.VersionLoggerListener.log Argument de la ligne de commande : --add-opens=java.base/java.lang=ALL-UNNAMED
05-May-2026 12:36:08.947 INFOS [main] org.apache.catalina.startup.VersionLoggerListener.log Argument de la ligne de commande : --add-opens=java.base/java.io=ALL-UNNAMED
05-May-2026 12:36:08.947 INFOS [main] org.apache.catalina.startup.VersionLoggerListener.log Argument de la ligne de commande : --add-opens=java.base/java.util=ALL-UNNAMED
05-May-2026 12:36:08.947 INFOS [main] org.apache.catalina.startup.VersionLoggerListener.log Argument de la ligne de commande : --add-opens=java.base/java.util.concurrent=ALL-UNNAMED
05-May-2026 12:36:08.947 INFOS [main] org.apache.catalina.startup.VersionLoggerListener.log Argument de la ligne de commande : --add-opens=java.rmi/sun.rmi.transport=ALL-UNNAMED
05-May-2026 12:36:08.947 INFOS [main] org.apache.catalina.startup.VersionLoggerListener.log Argument de la ligne de commande : -Dcatalina.base=c:\Users\Ahmed Aziz\.gemini\antigravity\scratch\covoiturage\.tools\apache-tomcat-10.1.31
05-May-2026 12:36:08.948 INFOS [main] org.apache.catalina.startup.VersionLoggerListener.log Argument de la ligne de commande : -Dcatalina.home=c:\Users\Ahmed Aziz\.gemini\antigravity\scratch\covoiturage\.tools\apache-tomcat-10.1.31
05-May-2026 12:36:08.948 INFOS [main] org.apache.catalina.startup.VersionLoggerListener.log Argument de la ligne de commande : -Djava.io.tmpdir=c:\Users\Ahmed Aziz\.gemini\antigravity\scratch\covoiturage\.tools\apache-tomcat-10.1.31\temp
05-May-2026 12:36:08.953 INFOS [main] org.apache.catalina.core.AprLifecycleListener.lifecycleEvent Chargement de la librairie Apache Tomcat Native [2.0.8] en utilisant APR version [1.7.4]
05-May-2026 12:36:08.975 INFOS [main] org.apache.catalina.core.AprLifecycleListener.initializeSSL OpenSSL a été initialisé avec succès [OpenSSL 3.0.14 4 Jun 2024]
05-May-2026 12:36:09.177 INFOS [main] org.apache.coyote.AbstractProtocol.init Initialisation du gestionnaire de protocole ["http-nio-8080"]
05-May-2026 12:36:09.204 INFOS [main] org.apache.catalina.startup.Catalina.load L'initialisation du serveur a pris [444] millisecondes
05-May-2026 12:36:09.264 INFOS [main] org.apache.catalina.core.StandardService.startInternal Démarrage du service [Catalina]
05-May-2026 12:36:09.265 INFOS [main] org.apache.catalina.core.StandardEngine.startInternal Démarrage du moteur de Servlets : [Apache Tomcat/10.1.31]
05-May-2026 12:36:09.282 INFOS [main] org.apache.catalina.startup.HostConfig.deployWAR Déploiement de l'archive [C:\Users\Ahmed Aziz\.gemini\antigravity\scratch\covoiturage\.tools\apache-tomcat-10.1.31\webapps\ROOT.war] de l'application web
05-May-2026 12:36:10.418 INFOS [main] org.apache.catalina.startup.HostConfig.deployWAR Le déploiement de l'archive de l'application web [C:\Users\Ahmed Aziz\.gemini\antigravity\scratch\covoiturage\.tools\apache-tomcat-10.1.31\webapps\ROOT.war] s'est terminé en [1 134] ms
05-May-2026 12:36:10.418 INFOS [main] org.apache.catalina.startup.HostConfig.deployDirectory Déploiement du répertoire d'application web [C:\Users\Ahmed Aziz\.gemini\antigravity\scratch\covoiturage\.tools\apache-tomcat-10.1.31\webapps\docs]
05-May-2026 12:36:10.462 INFOS [main] org.apache.catalina.startup.HostConfig.deployDirectory Le déploiement du répertoire [C:\Users\Ahmed Aziz\.gemini\antigravity\scratch\covoiturage\.tools\apache-tomcat-10.1.31\webapps\docs] de l'application web s'est terminé en [44] ms
05-May-2026 12:36:10.463 INFOS [main] org.apache.catalina.startup.HostConfig.deployDirectory Déploiement du répertoire d'application web [C:\Users\Ahmed Aziz\.gemini\antigravity\scratch\covoiturage\.tools\apache-tomcat-10.1.31\webapps\examples]
05-May-2026 12:36:10.832 INFOS [main] org.apache.catalina.startup.HostConfig.deployDirectory Le déploiement du répertoire [C:\Users\Ahmed Aziz\.gemini\antigravity\scratch\covoiturage\.tools\apache-tomcat-10.1.31\webapps\examples] de l'application web s'est terminé en [368] ms
05-May-2026 12:36:10.832 INFOS [main] org.apache.catalina.startup.HostConfig.deployDirectory Déploiement du répertoire d'application web [C:\Users\Ahmed Aziz\.gemini\antigravity\scratch\covoiturage\.tools\apache-tomcat-10.1.31\webapps\host-manager]
05-May-2026 12:36:10.872 INFOS [main] org.apache.catalina.startup.HostConfig.deployDirectory Le déploiement du répertoire [C:\Users\Ahmed Aziz\.gemini\antigravity\scratch\covoiturage\.tools\apache-tomcat-10.1.31\webapps\host-manager] de l'application web s'est terminé en [40] ms
05-May-2026 12:36:10.873 INFOS [main] org.apache.catalina.startup.HostConfig.deployDirectory Déploiement du répertoire d'application web [C:\Users\Ahmed Aziz\.gemini\antigravity\scratch\covoiturage\.tools\apache-tomcat-10.1.31\webapps\manager]
05-May-2026 12:36:10.907 INFOS [main] org.apache.catalina.startup.HostConfig.deployDirectory Le déploiement du répertoire [C:\Users\Ahmed Aziz\.gemini\antigravity\scratch\covoiturage\.tools\apache-tomcat-10.1.31\webapps\manager] de l'application web s'est terminé en [34] ms
05-May-2026 12:36:10.913 INFOS [main] org.apache.coyote.AbstractProtocol.start Démarrage du gestionnaire de protocole ["http-nio-8080"]
05-May-2026 12:36:10.934 INFOS [main] org.apache.catalina.startup.Catalina.start Le démarrage du serveur a pris [1729] millisecondes
05-May-2026 12:41:27.186 INFOS [Thread-2] org.apache.coyote.AbstractProtocol.pause Le gestionnaire de protocole ["http-nio-8080"] est mis en pause
05-May-2026 12:41:27.201 INFOS [Thread-2] org.apache.catalina.core.StandardService.stopInternal Arrêt du service [Catalina]
05-May-2026 12:41:27.206 AVERTISSEMENT [Thread-2] org.apache.catalina.loader.WebappClassLoaderBase.clearReferencesJdbc L'application web [ROOT] a enregistré un pilote JDBC [org.h2.Driver], mais ne l'a pas désenregistré avant l'arrêt de l'application.  Pour éviter une fuite de mémoire, le pilote JDBC a été désenregistré de force.
05-May-2026 12:41:27.234 INFOS [Thread-2] org.apache.coyote.AbstractProtocol.stop Arrêt du gestionnaire de protocole ["http-nio-8080"]
05-May-2026 12:41:27.248 INFOS [Thread-2] org.apache.coyote.AbstractProtocol.destroy Destruction du gestionnaire de protocole ["http-nio-8080"]
05-May-2026 12:41:39.008 INFOS [main] org.apache.catalina.startup.VersionLoggerListener.log Nom version serveur :              Apache Tomcat/10.1.31
05-May-2026 12:41:39.010 INFOS [main] org.apache.catalina.startup.VersionLoggerListener.log Serveur compilé :                  Oct 3 2024 19:02:38 UTC
05-May-2026 12:41:39.010 INFOS [main] org.apache.catalina.startup.VersionLoggerListener.log Version du serveur :               10.1.31.0
05-May-2026 12:41:39.010 INFOS [main] org.apache.catalina.startup.VersionLoggerListener.log Nom de l'OS :                      Windows 11
05-May-2026 12:41:39.010 INFOS [main] org.apache.catalina.startup.VersionLoggerListener.log Version OS :                       10.0
05-May-2026 12:41:39.011 INFOS [main] org.apache.catalina.startup.VersionLoggerListener.log Architecture :                     amd64
05-May-2026 12:41:39.011 INFOS [main] org.apache.catalina.startup.VersionLoggerListener.log Java Home :                        C:\Program Files\Eclipse Adoptium\jdk-21.0.10.7-hotspot
05-May-2026 12:41:39.011 INFOS [main] org.apache.catalina.startup.VersionLoggerListener.log Version JVM :                      21.0.10+7-LTS
05-May-2026 12:41:39.012 INFOS [main] org.apache.catalina.startup.VersionLoggerListener.log Fournisseur de la JVM :            Eclipse Adoptium
05-May-2026 12:41:39.012 INFOS [main] org.apache.catalina.startup.VersionLoggerListener.log CATALINA_BASE :                    C:\Users\Ahmed Aziz\.gemini\antigravity\scratch\covoiturage\.tools\apache-tomcat-10.1.31
05-May-2026 12:41:39.012 INFOS [main] org.apache.catalina.startup.VersionLoggerListener.log CATALINA_HOME :                    C:\Users\Ahmed Aziz\.gemini\antigravity\scratch\covoiturage\.tools\apache-tomcat-10.1.31
05-May-2026 12:41:39.020 INFOS [main] org.apache.catalina.startup.VersionLoggerListener.log Argument de la ligne de commande : -Djava.util.logging.config.file=c:\Users\Ahmed Aziz\.gemini\antigravity\scratch\covoiturage\.tools\apache-tomcat-10.1.31\conf\logging.properties
05-May-2026 12:41:39.020 INFOS [main] org.apache.catalina.startup.VersionLoggerListener.log Argument de la ligne de commande : -Djava.util.logging.manager=org.apache.juli.ClassLoaderLogManager
05-May-2026 12:41:39.020 INFOS [main] org.apache.catalina.startup.VersionLoggerListener.log Argument de la ligne de commande : -Djdk.tls.ephemeralDHKeySize=2048
05-May-2026 12:41:39.020 INFOS [main] org.apache.catalina.startup.VersionLoggerListener.log Argument de la ligne de commande : -Djava.protocol.handler.pkgs=org.apache.catalina.webresources
05-May-2026 12:41:39.021 INFOS [main] org.apache.catalina.startup.VersionLoggerListener.log Argument de la ligne de commande : --add-opens=java.base/java.lang=ALL-UNNAMED
05-May-2026 12:41:39.021 INFOS [main] org.apache.catalina.startup.VersionLoggerListener.log Argument de la ligne de commande : --add-opens=java.base/java.io=ALL-UNNAMED
05-May-2026 12:41:39.021 INFOS [main] org.apache.catalina.startup.VersionLoggerListener.log Argument de la ligne de commande : --add-opens=java.base/java.util=ALL-UNNAMED
05-May-2026 12:41:39.021 INFOS [main] org.apache.catalina.startup.VersionLoggerListener.log Argument de la ligne de commande : --add-opens=java.base/java.util.concurrent=ALL-UNNAMED
05-May-2026 12:41:39.021 INFOS [main] org.apache.catalina.startup.VersionLoggerListener.log Argument de la ligne de commande : --add-opens=java.rmi/sun.rmi.transport=ALL-UNNAMED
05-May-2026 12:41:39.022 INFOS [main] org.apache.catalina.startup.VersionLoggerListener.log Argument de la ligne de commande : -Dcatalina.base=c:\Users\Ahmed Aziz\.gemini\antigravity\scratch\covoiturage\.tools\apache-tomcat-10.1.31
05-May-2026 12:41:39.022 INFOS [main] org.apache.catalina.startup.VersionLoggerListener.log Argument de la ligne de commande : -Dcatalina.home=c:\Users\Ahmed Aziz\.gemini\antigravity\scratch\covoiturage\.tools\apache-tomcat-10.1.31
05-May-2026 12:41:39.022 INFOS [main] org.apache.catalina.startup.VersionLoggerListener.log Argument de la ligne de commande : -Djava.io.tmpdir=c:\Users\Ahmed Aziz\.gemini\antigravity\scratch\covoiturage\.tools\apache-tomcat-10.1.31\temp
05-May-2026 12:41:39.024 INFOS [main] org.apache.catalina.core.AprLifecycleListener.lifecycleEvent Chargement de la librairie Apache Tomcat Native [2.0.8] en utilisant APR version [1.7.4]
05-May-2026 12:41:39.029 INFOS [main] org.apache.catalina.core.AprLifecycleListener.initializeSSL OpenSSL a été initialisé avec succès [OpenSSL 3.0.14 4 Jun 2024]
05-May-2026 12:41:39.219 INFOS [main] org.apache.coyote.AbstractProtocol.init Initialisation du gestionnaire de protocole ["http-nio-8080"]
05-May-2026 12:41:39.244 INFOS [main] org.apache.catalina.startup.Catalina.load L'initialisation du serveur a pris [387] millisecondes
05-May-2026 12:41:39.302 INFOS [main] org.apache.catalina.core.StandardService.startInternal Démarrage du service [Catalina]
05-May-2026 12:41:39.302 INFOS [main] org.apache.catalina.core.StandardEngine.startInternal Démarrage du moteur de Servlets : [Apache Tomcat/10.1.31]
05-May-2026 12:41:39.317 INFOS [main] org.apache.catalina.startup.HostConfig.deployWAR Déploiement de l'archive [C:\Users\Ahmed Aziz\.gemini\antigravity\scratch\covoiturage\.tools\apache-tomcat-10.1.31\webapps\ROOT.war] de l'application web
05-May-2026 12:41:40.428 INFOS [main] org.apache.catalina.startup.HostConfig.deployWAR Le déploiement de l'archive de l'application web [C:\Users\Ahmed Aziz\.gemini\antigravity\scratch\covoiturage\.tools\apache-tomcat-10.1.31\webapps\ROOT.war] s'est terminé en [1 109] ms
05-May-2026 12:41:40.429 INFOS [main] org.apache.catalina.startup.HostConfig.deployDirectory Déploiement du répertoire d'application web [C:\Users\Ahmed Aziz\.gemini\antigravity\scratch\covoiturage\.tools\apache-tomcat-10.1.31\webapps\docs]
05-May-2026 12:41:40.474 INFOS [main] org.apache.catalina.startup.HostConfig.deployDirectory Le déploiement du répertoire [C:\Users\Ahmed Aziz\.gemini\antigravity\scratch\covoiturage\.tools\apache-tomcat-10.1.31\webapps\docs] de l'application web s'est terminé en [45] ms
05-May-2026 12:41:40.476 INFOS [main] org.apache.catalina.startup.HostConfig.deployDirectory Déploiement du répertoire d'application web [C:\Users\Ahmed Aziz\.gemini\antigravity\scratch\covoiturage\.tools\apache-tomcat-10.1.31\webapps\examples]
05-May-2026 12:41:40.835 INFOS [main] org.apache.catalina.startup.HostConfig.deployDirectory Le déploiement du répertoire [C:\Users\Ahmed Aziz\.gemini\antigravity\scratch\covoiturage\.tools\apache-tomcat-10.1.31\webapps\examples] de l'application web s'est terminé en [359] ms
05-May-2026 12:41:40.837 INFOS [main] org.apache.catalina.startup.HostConfig.deployDirectory Déploiement du répertoire d'application web [C:\Users\Ahmed Aziz\.gemini\antigravity\scratch\covoiturage\.tools\apache-tomcat-10.1.31\webapps\host-manager]
05-May-2026 12:41:40.881 INFOS [main] org.apache.catalina.startup.HostConfig.deployDirectory Le déploiement du répertoire [C:\Users\Ahmed Aziz\.gemini\antigravity\scratch\covoiturage\.tools\apache-tomcat-10.1.31\webapps\host-manager] de l'application web s'est terminé en [44] ms
05-May-2026 12:41:40.881 INFOS [main] org.apache.catalina.startup.HostConfig.deployDirectory Déploiement du répertoire d'application web [C:\Users\Ahmed Aziz\.gemini\antigravity\scratch\covoiturage\.tools\apache-tomcat-10.1.31\webapps\manager]
05-May-2026 12:41:40.920 INFOS [main] org.apache.catalina.startup.HostConfig.deployDirectory Le déploiement du répertoire [C:\Users\Ahmed Aziz\.gemini\antigravity\scratch\covoiturage\.tools\apache-tomcat-10.1.31\webapps\manager] de l'application web s'est terminé en [39] ms
05-May-2026 12:41:40.925 INFOS [main] org.apache.coyote.AbstractProtocol.start Démarrage du gestionnaire de protocole ["http-nio-8080"]
05-May-2026 12:41:40.947 INFOS [main] org.apache.catalina.startup.Catalina.start Le démarrage du serveur a pris [1702] millisecondes
05-May-2026 12:48:10.777 INFOS [Thread-2] org.apache.coyote.AbstractProtocol.pause Le gestionnaire de protocole ["http-nio-8080"] est mis en pause
05-May-2026 12:48:10.784 INFOS [Thread-2] org.apache.catalina.core.StandardService.stopInternal Arrêt du service [Catalina]
05-May-2026 12:48:10.791 AVERTISSEMENT [Thread-2] org.apache.catalina.loader.WebappClassLoaderBase.clearReferencesJdbc L'application web [ROOT] a enregistré un pilote JDBC [org.h2.Driver], mais ne l'a pas désenregistré avant l'arrêt de l'application.  Pour éviter une fuite de mémoire, le pilote JDBC a été désenregistré de force.
05-May-2026 12:48:10.815 INFOS [Thread-2] org.apache.coyote.AbstractProtocol.stop Arrêt du gestionnaire de protocole ["http-nio-8080"]
05-May-2026 12:48:10.821 INFOS [Thread-2] org.apache.coyote.AbstractProtocol.destroy Destruction du gestionnaire de protocole ["http-nio-8080"]
05-May-2026 12:48:21.417 INFOS [main] org.apache.catalina.startup.VersionLoggerListener.log Nom version serveur :              Apache Tomcat/10.1.31
05-May-2026 12:48:21.421 INFOS [main] org.apache.catalina.startup.VersionLoggerListener.log Serveur compilé :                  Oct 3 2024 19:02:38 UTC
05-May-2026 12:48:21.422 INFOS [main] org.apache.catalina.startup.VersionLoggerListener.log Version du serveur :               10.1.31.0
05-May-2026 12:48:21.422 INFOS [main] org.apache.catalina.startup.VersionLoggerListener.log Nom de l'OS :                      Windows 11
05-May-2026 12:48:21.423 INFOS [main] org.apache.catalina.startup.VersionLoggerListener.log Version OS :                       10.0
05-May-2026 12:48:21.423 INFOS [main] org.apache.catalina.startup.VersionLoggerListener.log Architecture :                     amd64
05-May-2026 12:48:21.423 INFOS [main] org.apache.catalina.startup.VersionLoggerListener.log Java Home :                        C:\Program Files\Eclipse Adoptium\jdk-21.0.10.7-hotspot
05-May-2026 12:48:21.423 INFOS [main] org.apache.catalina.startup.VersionLoggerListener.log Version JVM :                      21.0.10+7-LTS
05-May-2026 12:48:21.423 INFOS [main] org.apache.catalina.startup.VersionLoggerListener.log Fournisseur de la JVM :            Eclipse Adoptium
05-May-2026 12:48:21.424 INFOS [main] org.apache.catalina.startup.VersionLoggerListener.log CATALINA_BASE :                    C:\Users\Ahmed Aziz\.gemini\antigravity\scratch\covoiturage\.tools\apache-tomcat-10.1.31
05-May-2026 12:48:21.424 INFOS [main] org.apache.catalina.startup.VersionLoggerListener.log CATALINA_HOME :                    C:\Users\Ahmed Aziz\.gemini\antigravity\scratch\covoiturage\.tools\apache-tomcat-10.1.31
05-May-2026 12:48:21.433 INFOS [main] org.apache.catalina.startup.VersionLoggerListener.log Argument de la ligne de commande : -Djava.util.logging.config.file=c:\Users\Ahmed Aziz\.gemini\antigravity\scratch\covoiturage\.tools\apache-tomcat-10.1.31\conf\logging.properties
05-May-2026 12:48:21.434 INFOS [main] org.apache.catalina.startup.VersionLoggerListener.log Argument de la ligne de commande : -Djava.util.logging.manager=org.apache.juli.ClassLoaderLogManager
05-May-2026 12:48:21.434 INFOS [main] org.apache.catalina.startup.VersionLoggerListener.log Argument de la ligne de commande : -Djdk.tls.ephemeralDHKeySize=2048
05-May-2026 12:48:21.434 INFOS [main] org.apache.catalina.startup.VersionLoggerListener.log Argument de la ligne de commande : -Djava.protocol.handler.pkgs=org.apache.catalina.webresources
05-May-2026 12:48:21.434 INFOS [main] org.apache.catalina.startup.VersionLoggerListener.log Argument de la ligne de commande : --add-opens=java.base/java.lang=ALL-UNNAMED
05-May-2026 12:48:21.435 INFOS [main] org.apache.catalina.startup.VersionLoggerListener.log Argument de la ligne de commande : --add-opens=java.base/java.io=ALL-UNNAMED
05-May-2026 12:48:21.435 INFOS [main] org.apache.catalina.startup.VersionLoggerListener.log Argument de la ligne de commande : --add-opens=java.base/java.util=ALL-UNNAMED
05-May-2026 12:48:21.435 INFOS [main] org.apache.catalina.startup.VersionLoggerListener.log Argument de la ligne de commande : --add-opens=java.base/java.util.concurrent=ALL-UNNAMED
05-May-2026 12:48:21.435 INFOS [main] org.apache.catalina.startup.VersionLoggerListener.log Argument de la ligne de commande : --add-opens=java.rmi/sun.rmi.transport=ALL-UNNAMED
05-May-2026 12:48:21.435 INFOS [main] org.apache.catalina.startup.VersionLoggerListener.log Argument de la ligne de commande : -Dcatalina.base=c:\Users\Ahmed Aziz\.gemini\antigravity\scratch\covoiturage\.tools\apache-tomcat-10.1.31
05-May-2026 12:48:21.435 INFOS [main] org.apache.catalina.startup.VersionLoggerListener.log Argument de la ligne de commande : -Dcatalina.home=c:\Users\Ahmed Aziz\.gemini\antigravity\scratch\covoiturage\.tools\apache-tomcat-10.1.31
05-May-2026 12:48:21.436 INFOS [main] org.apache.catalina.startup.VersionLoggerListener.log Argument de la ligne de commande : -Djava.io.tmpdir=c:\Users\Ahmed Aziz\.gemini\antigravity\scratch\covoiturage\.tools\apache-tomcat-10.1.31\temp
05-May-2026 12:48:21.437 INFOS [main] org.apache.catalina.core.AprLifecycleListener.lifecycleEvent Chargement de la librairie Apache Tomcat Native [2.0.8] en utilisant APR version [1.7.4]
05-May-2026 12:48:21.441 INFOS [main] org.apache.catalina.core.AprLifecycleListener.initializeSSL OpenSSL a été initialisé avec succès [OpenSSL 3.0.14 4 Jun 2024]
05-May-2026 12:48:21.657 INFOS [main] org.apache.coyote.AbstractProtocol.init Initialisation du gestionnaire de protocole ["http-nio-8080"]
05-May-2026 12:48:21.688 INFOS [main] org.apache.catalina.startup.Catalina.load L'initialisation du serveur a pris [429] millisecondes
05-May-2026 12:48:21.743 INFOS [main] org.apache.catalina.core.StandardService.startInternal Démarrage du service [Catalina]
05-May-2026 12:48:21.744 INFOS [main] org.apache.catalina.core.StandardEngine.startInternal Démarrage du moteur de Servlets : [Apache Tomcat/10.1.31]
05-May-2026 12:48:21.761 INFOS [main] org.apache.catalina.startup.HostConfig.deployWAR Déploiement de l'archive [C:\Users\Ahmed Aziz\.gemini\antigravity\scratch\covoiturage\.tools\apache-tomcat-10.1.31\webapps\ROOT.war] de l'application web
05-May-2026 12:48:24.651 INFOS [main] org.apache.catalina.startup.HostConfig.deployWAR Le déploiement de l'archive de l'application web [C:\Users\Ahmed Aziz\.gemini\antigravity\scratch\covoiturage\.tools\apache-tomcat-10.1.31\webapps\ROOT.war] s'est terminé en [2 886] ms
05-May-2026 12:48:24.655 INFOS [main] org.apache.catalina.startup.HostConfig.deployDirectory Déploiement du répertoire d'application web [C:\Users\Ahmed Aziz\.gemini\antigravity\scratch\covoiturage\.tools\apache-tomcat-10.1.31\webapps\docs]
05-May-2026 12:48:24.954 INFOS [main] org.apache.catalina.startup.HostConfig.deployDirectory Le déploiement du répertoire [C:\Users\Ahmed Aziz\.gemini\antigravity\scratch\covoiturage\.tools\apache-tomcat-10.1.31\webapps\docs] de l'application web s'est terminé en [298] ms
05-May-2026 12:48:24.955 INFOS [main] org.apache.catalina.startup.HostConfig.deployDirectory Déploiement du répertoire d'application web [C:\Users\Ahmed Aziz\.gemini\antigravity\scratch\covoiturage\.tools\apache-tomcat-10.1.31\webapps\examples]
05-May-2026 12:48:26.181 INFOS [main] org.apache.catalina.startup.HostConfig.deployDirectory Le déploiement du répertoire [C:\Users\Ahmed Aziz\.gemini\antigravity\scratch\covoiturage\.tools\apache-tomcat-10.1.31\webapps\examples] de l'application web s'est terminé en [1 217] ms
05-May-2026 12:48:26.183 INFOS [main] org.apache.catalina.startup.HostConfig.deployDirectory Déploiement du répertoire d'application web [C:\Users\Ahmed Aziz\.gemini\antigravity\scratch\covoiturage\.tools\apache-tomcat-10.1.31\webapps\host-manager]
05-May-2026 12:48:26.313 INFOS [main] org.apache.catalina.startup.HostConfig.deployDirectory Le déploiement du répertoire [C:\Users\Ahmed Aziz\.gemini\antigravity\scratch\covoiturage\.tools\apache-tomcat-10.1.31\webapps\host-manager] de l'application web s'est terminé en [129] ms
05-May-2026 12:48:26.313 INFOS [main] org.apache.catalina.startup.HostConfig.deployDirectory Déploiement du répertoire d'application web [C:\Users\Ahmed Aziz\.gemini\antigravity\scratch\covoiturage\.tools\apache-tomcat-10.1.31\webapps\manager]
05-May-2026 12:48:26.464 INFOS [main] org.apache.catalina.startup.HostConfig.deployDirectory Le déploiement du répertoire [C:\Users\Ahmed Aziz\.gemini\antigravity\scratch\covoiturage\.tools\apache-tomcat-10.1.31\webapps\manager] de l'application web s'est terminé en [151] ms
05-May-2026 12:48:26.477 INFOS [main] org.apache.coyote.AbstractProtocol.start Démarrage du gestionnaire de protocole ["http-nio-8080"]
05-May-2026 12:48:26.547 INFOS [main] org.apache.catalina.startup.Catalina.start Le démarrage du serveur a pris [4858] millisecondes
05-May-2026 12:54:47.611 INFOS [Thread-2] org.apache.coyote.AbstractProtocol.pause Le gestionnaire de protocole ["http-nio-8080"] est mis en pause
05-May-2026 12:54:47.618 INFOS [Thread-2] org.apache.catalina.core.StandardService.stopInternal Arrêt du service [Catalina]
05-May-2026 12:54:47.623 AVERTISSEMENT [Thread-2] org.apache.catalina.loader.WebappClassLoaderBase.clearReferencesJdbc L'application web [ROOT] a enregistré un pilote JDBC [org.h2.Driver], mais ne l'a pas désenregistré avant l'arrêt de l'application.  Pour éviter une fuite de mémoire, le pilote JDBC a été désenregistré de force.
05-May-2026 12:54:47.635 INFOS [Thread-2] org.apache.coyote.AbstractProtocol.stop Arrêt du gestionnaire de protocole ["http-nio-8080"]
05-May-2026 12:54:47.644 INFOS [Thread-2] org.apache.coyote.AbstractProtocol.destroy Destruction du gestionnaire de protocole ["http-nio-8080"]
05-May-2026 12:54:56.049 INFOS [main] org.apache.catalina.startup.VersionLoggerListener.log Nom version serveur :              Apache Tomcat/10.1.31
05-May-2026 12:54:56.054 INFOS [main] org.apache.catalina.startup.VersionLoggerListener.log Serveur compilé :                  Oct 3 2024 19:02:38 UTC
05-May-2026 12:54:56.054 INFOS [main] org.apache.catalina.startup.VersionLoggerListener.log Version du serveur :               10.1.31.0
05-May-2026 12:54:56.054 INFOS [main] org.apache.catalina.startup.VersionLoggerListener.log Nom de l'OS :                      Windows 11
05-May-2026 12:54:56.055 INFOS [main] org.apache.catalina.startup.VersionLoggerListener.log Version OS :                       10.0
05-May-2026 12:54:56.055 INFOS [main] org.apache.catalina.startup.VersionLoggerListener.log Architecture :                     amd64
05-May-2026 12:54:56.055 INFOS [main] org.apache.catalina.startup.VersionLoggerListener.log Java Home :                        C:\Program Files\Eclipse Adoptium\jdk-21.0.10.7-hotspot
05-May-2026 12:54:56.056 INFOS [main] org.apache.catalina.startup.VersionLoggerListener.log Version JVM :                      21.0.10+7-LTS
05-May-2026 12:54:56.056 INFOS [main] org.apache.catalina.startup.VersionLoggerListener.log Fournisseur de la JVM :            Eclipse Adoptium
05-May-2026 12:54:56.056 INFOS [main] org.apache.catalina.startup.VersionLoggerListener.log CATALINA_BASE :                    C:\Users\Ahmed Aziz\.gemini\antigravity\scratch\covoiturage\.tools\apache-tomcat-10.1.31
05-May-2026 12:54:56.056 INFOS [main] org.apache.catalina.startup.VersionLoggerListener.log CATALINA_HOME :                    C:\Users\Ahmed Aziz\.gemini\antigravity\scratch\covoiturage\.tools\apache-tomcat-10.1.31
05-May-2026 12:54:56.065 INFOS [main] org.apache.catalina.startup.VersionLoggerListener.log Argument de la ligne de commande : -Djava.util.logging.config.file=c:\Users\Ahmed Aziz\.gemini\antigravity\scratch\covoiturage\.tools\apache-tomcat-10.1.31\conf\logging.properties
05-May-2026 12:54:56.066 INFOS [main] org.apache.catalina.startup.VersionLoggerListener.log Argument de la ligne de commande : -Djava.util.logging.manager=org.apache.juli.ClassLoaderLogManager
05-May-2026 12:54:56.066 INFOS [main] org.apache.catalina.startup.VersionLoggerListener.log Argument de la ligne de commande : -Djdk.tls.ephemeralDHKeySize=2048
05-May-2026 12:54:56.066 INFOS [main] org.apache.catalina.startup.VersionLoggerListener.log Argument de la ligne de commande : -Djava.protocol.handler.pkgs=org.apache.catalina.webresources
05-May-2026 12:54:56.066 INFOS [main] org.apache.catalina.startup.VersionLoggerListener.log Argument de la ligne de commande : --add-opens=java.base/java.lang=ALL-UNNAMED
05-May-2026 12:54:56.066 INFOS [main] org.apache.catalina.startup.VersionLoggerListener.log Argument de la ligne de commande : --add-opens=java.base/java.io=ALL-UNNAMED
05-May-2026 12:54:56.067 INFOS [main] org.apache.catalina.startup.VersionLoggerListener.log Argument de la ligne de commande : --add-opens=java.base/java.util=ALL-UNNAMED
05-May-2026 12:54:56.067 INFOS [main] org.apache.catalina.startup.VersionLoggerListener.log Argument de la ligne de commande : --add-opens=java.base/java.util.concurrent=ALL-UNNAMED
05-May-2026 12:54:56.067 INFOS [main] org.apache.catalina.startup.VersionLoggerListener.log Argument de la ligne de commande : --add-opens=java.rmi/sun.rmi.transport=ALL-UNNAMED
05-May-2026 12:54:56.067 INFOS [main] org.apache.catalina.startup.VersionLoggerListener.log Argument de la ligne de commande : -Dcatalina.base=c:\Users\Ahmed Aziz\.gemini\antigravity\scratch\covoiturage\.tools\apache-tomcat-10.1.31
05-May-2026 12:54:56.067 INFOS [main] org.apache.catalina.startup.VersionLoggerListener.log Argument de la ligne de commande : -Dcatalina.home=c:\Users\Ahmed Aziz\.gemini\antigravity\scratch\covoiturage\.tools\apache-tomcat-10.1.31
05-May-2026 12:54:56.067 INFOS [main] org.apache.catalina.startup.VersionLoggerListener.log Argument de la ligne de commande : -Djava.io.tmpdir=c:\Users\Ahmed Aziz\.gemini\antigravity\scratch\covoiturage\.tools\apache-tomcat-10.1.31\temp
05-May-2026 12:54:56.069 INFOS [main] org.apache.catalina.core.AprLifecycleListener.lifecycleEvent Chargement de la librairie Apache Tomcat Native [2.0.8] en utilisant APR version [1.7.4]
05-May-2026 12:54:56.073 INFOS [main] org.apache.catalina.core.AprLifecycleListener.initializeSSL OpenSSL a été initialisé avec succès [OpenSSL 3.0.14 4 Jun 2024]
05-May-2026 12:54:56.269 INFOS [main] org.apache.coyote.AbstractProtocol.init Initialisation du gestionnaire de protocole ["http-nio-8080"]
05-May-2026 12:54:56.293 INFOS [main] org.apache.catalina.startup.Catalina.load L'initialisation du serveur a pris [393] millisecondes
05-May-2026 12:54:56.340 INFOS [main] org.apache.catalina.core.StandardService.startInternal Démarrage du service [Catalina]
05-May-2026 12:54:56.341 INFOS [main] org.apache.catalina.core.StandardEngine.startInternal Démarrage du moteur de Servlets : [Apache Tomcat/10.1.31]
05-May-2026 12:54:56.360 INFOS [main] org.apache.catalina.startup.HostConfig.deployWAR Déploiement de l'archive [C:\Users\Ahmed Aziz\.gemini\antigravity\scratch\covoiturage\.tools\apache-tomcat-10.1.31\webapps\ROOT.war] de l'application web
05-May-2026 12:54:57.450 INFOS [main] org.apache.catalina.startup.HostConfig.deployWAR Le déploiement de l'archive de l'application web [C:\Users\Ahmed Aziz\.gemini\antigravity\scratch\covoiturage\.tools\apache-tomcat-10.1.31\webapps\ROOT.war] s'est terminé en [1 088] ms
05-May-2026 12:54:57.454 INFOS [main] org.apache.catalina.startup.HostConfig.deployDirectory Déploiement du répertoire d'application web [C:\Users\Ahmed Aziz\.gemini\antigravity\scratch\covoiturage\.tools\apache-tomcat-10.1.31\webapps\docs]
05-May-2026 12:54:57.506 INFOS [main] org.apache.catalina.startup.HostConfig.deployDirectory Le déploiement du répertoire [C:\Users\Ahmed Aziz\.gemini\antigravity\scratch\covoiturage\.tools\apache-tomcat-10.1.31\webapps\docs] de l'application web s'est terminé en [52] ms
05-May-2026 12:54:57.507 INFOS [main] org.apache.catalina.startup.HostConfig.deployDirectory Déploiement du répertoire d'application web [C:\Users\Ahmed Aziz\.gemini\antigravity\scratch\covoiturage\.tools\apache-tomcat-10.1.31\webapps\examples]
05-May-2026 12:54:57.835 INFOS [main] org.apache.catalina.startup.HostConfig.deployDirectory Le déploiement du répertoire [C:\Users\Ahmed Aziz\.gemini\antigravity\scratch\covoiturage\.tools\apache-tomcat-10.1.31\webapps\examples] de l'application web s'est terminé en [328] ms
05-May-2026 12:54:57.835 INFOS [main] org.apache.catalina.startup.HostConfig.deployDirectory Déploiement du répertoire d'application web [C:\Users\Ahmed Aziz\.gemini\antigravity\scratch\covoiturage\.tools\apache-tomcat-10.1.31\webapps\host-manager]
05-May-2026 12:54:57.872 INFOS [main] org.apache.catalina.startup.HostConfig.deployDirectory Le déploiement du répertoire [C:\Users\Ahmed Aziz\.gemini\antigravity\scratch\covoiturage\.tools\apache-tomcat-10.1.31\webapps\host-manager] de l'application web s'est terminé en [37] ms
05-May-2026 12:54:57.873 INFOS [main] org.apache.catalina.startup.HostConfig.deployDirectory Déploiement du répertoire d'application web [C:\Users\Ahmed Aziz\.gemini\antigravity\scratch\covoiturage\.tools\apache-tomcat-10.1.31\webapps\manager]
05-May-2026 12:54:57.908 INFOS [main] org.apache.catalina.startup.HostConfig.deployDirectory Le déploiement du répertoire [C:\Users\Ahmed Aziz\.gemini\antigravity\scratch\covoiturage\.tools\apache-tomcat-10.1.31\webapps\manager] de l'application web s'est terminé en [35] ms
05-May-2026 12:54:57.916 INFOS [main] org.apache.coyote.AbstractProtocol.start Démarrage du gestionnaire de protocole ["http-nio-8080"]
05-May-2026 12:54:57.942 INFOS [main] org.apache.catalina.startup.Catalina.start Le démarrage du serveur a pris [1648] millisecondes
05-May-2026 13:04:00.337 INFOS [Thread-2] org.apache.coyote.AbstractProtocol.pause Le gestionnaire de protocole ["http-nio-8080"] est mis en pause
05-May-2026 13:04:00.348 INFOS [Thread-2] org.apache.catalina.core.StandardService.stopInternal Arrêt du service [Catalina]
05-May-2026 13:04:00.356 AVERTISSEMENT [Thread-2] org.apache.catalina.loader.WebappClassLoaderBase.clearReferencesJdbc L'application web [ROOT] a enregistré un pilote JDBC [org.h2.Driver], mais ne l'a pas désenregistré avant l'arrêt de l'application.  Pour éviter une fuite de mémoire, le pilote JDBC a été désenregistré de force.
05-May-2026 13:04:00.374 INFOS [Thread-2] org.apache.coyote.AbstractProtocol.stop Arrêt du gestionnaire de protocole ["http-nio-8080"]
05-May-2026 13:04:00.384 INFOS [Thread-2] org.apache.coyote.AbstractProtocol.destroy Destruction du gestionnaire de protocole ["http-nio-8080"]
05-May-2026 13:04:09.661 INFOS [main] org.apache.catalina.startup.VersionLoggerListener.log Nom version serveur :              Apache Tomcat/10.1.31
05-May-2026 13:04:09.666 INFOS [main] org.apache.catalina.startup.VersionLoggerListener.log Serveur compilé :                  Oct 3 2024 19:02:38 UTC
05-May-2026 13:04:09.667 INFOS [main] org.apache.catalina.startup.VersionLoggerListener.log Version du serveur :               10.1.31.0
05-May-2026 13:04:09.668 INFOS [main] org.apache.catalina.startup.VersionLoggerListener.log Nom de l'OS :                      Windows 11
05-May-2026 13:04:09.669 INFOS [main] org.apache.catalina.startup.VersionLoggerListener.log Version OS :                       10.0
05-May-2026 13:04:09.669 INFOS [main] org.apache.catalina.startup.VersionLoggerListener.log Architecture :                     amd64
05-May-2026 13:04:09.670 INFOS [main] org.apache.catalina.startup.VersionLoggerListener.log Java Home :                        C:\Program Files\Eclipse Adoptium\jdk-21.0.10.7-hotspot
05-May-2026 13:04:09.670 INFOS [main] org.apache.catalina.startup.VersionLoggerListener.log Version JVM :                      21.0.10+7-LTS
05-May-2026 13:04:09.670 INFOS [main] org.apache.catalina.startup.VersionLoggerListener.log Fournisseur de la JVM :            Eclipse Adoptium
05-May-2026 13:04:09.670 INFOS [main] org.apache.catalina.startup.VersionLoggerListener.log CATALINA_BASE :                    C:\Users\Ahmed Aziz\.gemini\antigravity\scratch\covoiturage\.tools\apache-tomcat-10.1.31
05-May-2026 13:04:09.671 INFOS [main] org.apache.catalina.startup.VersionLoggerListener.log CATALINA_HOME :                    C:\Users\Ahmed Aziz\.gemini\antigravity\scratch\covoiturage\.tools\apache-tomcat-10.1.31
05-May-2026 13:04:09.679 INFOS [main] org.apache.catalina.startup.VersionLoggerListener.log Argument de la ligne de commande : -Djava.util.logging.config.file=c:\Users\Ahmed Aziz\.gemini\antigravity\scratch\covoiturage\.tools\apache-tomcat-10.1.31\conf\logging.properties
05-May-2026 13:04:09.679 INFOS [main] org.apache.catalina.startup.VersionLoggerListener.log Argument de la ligne de commande : -Djava.util.logging.manager=org.apache.juli.ClassLoaderLogManager
05-May-2026 13:04:09.679 INFOS [main] org.apache.catalina.startup.VersionLoggerListener.log Argument de la ligne de commande : -Djdk.tls.ephemeralDHKeySize=2048
05-May-2026 13:04:09.680 INFOS [main] org.apache.catalina.startup.VersionLoggerListener.log Argument de la ligne de commande : -Djava.protocol.handler.pkgs=org.apache.catalina.webresources
05-May-2026 13:04:09.680 INFOS [main] org.apache.catalina.startup.VersionLoggerListener.log Argument de la ligne de commande : --add-opens=java.base/java.lang=ALL-UNNAMED
05-May-2026 13:04:09.680 INFOS [main] org.apache.catalina.startup.VersionLoggerListener.log Argument de la ligne de commande : --add-opens=java.base/java.io=ALL-UNNAMED
05-May-2026 13:04:09.680 INFOS [main] org.apache.catalina.startup.VersionLoggerListener.log Argument de la ligne de commande : --add-opens=java.base/java.util=ALL-UNNAMED
05-May-2026 13:04:09.680 INFOS [main] org.apache.catalina.startup.VersionLoggerListener.log Argument de la ligne de commande : --add-opens=java.base/java.util.concurrent=ALL-UNNAMED
05-May-2026 13:04:09.680 INFOS [main] org.apache.catalina.startup.VersionLoggerListener.log Argument de la ligne de commande : --add-opens=java.rmi/sun.rmi.transport=ALL-UNNAMED
05-May-2026 13:04:09.681 INFOS [main] org.apache.catalina.startup.VersionLoggerListener.log Argument de la ligne de commande : -Dcatalina.base=c:\Users\Ahmed Aziz\.gemini\antigravity\scratch\covoiturage\.tools\apache-tomcat-10.1.31
05-May-2026 13:04:09.681 INFOS [main] org.apache.catalina.startup.VersionLoggerListener.log Argument de la ligne de commande : -Dcatalina.home=c:\Users\Ahmed Aziz\.gemini\antigravity\scratch\covoiturage\.tools\apache-tomcat-10.1.31
05-May-2026 13:04:09.681 INFOS [main] org.apache.catalina.startup.VersionLoggerListener.log Argument de la ligne de commande : -Djava.io.tmpdir=c:\Users\Ahmed Aziz\.gemini\antigravity\scratch\covoiturage\.tools\apache-tomcat-10.1.31\temp
05-May-2026 13:04:09.683 INFOS [main] org.apache.catalina.core.AprLifecycleListener.lifecycleEvent Chargement de la librairie Apache Tomcat Native [2.0.8] en utilisant APR version [1.7.4]
05-May-2026 13:04:09.687 INFOS [main] org.apache.catalina.core.AprLifecycleListener.initializeSSL OpenSSL a été initialisé avec succès [OpenSSL 3.0.14 4 Jun 2024]
05-May-2026 13:04:09.890 INFOS [main] org.apache.coyote.AbstractProtocol.init Initialisation du gestionnaire de protocole ["http-nio-8080"]
05-May-2026 13:04:09.921 INFOS [main] org.apache.catalina.startup.Catalina.load L'initialisation du serveur a pris [410] millisecondes
05-May-2026 13:04:09.999 INFOS [main] org.apache.catalina.core.StandardService.startInternal Démarrage du service [Catalina]
05-May-2026 13:04:09.999 INFOS [main] org.apache.catalina.core.StandardEngine.startInternal Démarrage du moteur de Servlets : [Apache Tomcat/10.1.31]
05-May-2026 13:04:10.018 INFOS [main] org.apache.catalina.startup.HostConfig.deployWAR Déploiement de l'archive [C:\Users\Ahmed Aziz\.gemini\antigravity\scratch\covoiturage\.tools\apache-tomcat-10.1.31\webapps\ROOT.war] de l'application web
05-May-2026 13:04:11.151 INFOS [main] org.apache.catalina.startup.HostConfig.deployWAR Le déploiement de l'archive de l'application web [C:\Users\Ahmed Aziz\.gemini\antigravity\scratch\covoiturage\.tools\apache-tomcat-10.1.31\webapps\ROOT.war] s'est terminé en [1 131] ms
05-May-2026 13:04:11.152 INFOS [main] org.apache.catalina.startup.HostConfig.deployDirectory Déploiement du répertoire d'application web [C:\Users\Ahmed Aziz\.gemini\antigravity\scratch\covoiturage\.tools\apache-tomcat-10.1.31\webapps\docs]
05-May-2026 13:04:11.196 INFOS [main] org.apache.catalina.startup.HostConfig.deployDirectory Le déploiement du répertoire [C:\Users\Ahmed Aziz\.gemini\antigravity\scratch\covoiturage\.tools\apache-tomcat-10.1.31\webapps\docs] de l'application web s'est terminé en [44] ms
05-May-2026 13:04:11.197 INFOS [main] org.apache.catalina.startup.HostConfig.deployDirectory Déploiement du répertoire d'application web [C:\Users\Ahmed Aziz\.gemini\antigravity\scratch\covoiturage\.tools\apache-tomcat-10.1.31\webapps\examples]
05-May-2026 13:04:11.539 INFOS [main] org.apache.catalina.startup.HostConfig.deployDirectory Le déploiement du répertoire [C:\Users\Ahmed Aziz\.gemini\antigravity\scratch\covoiturage\.tools\apache-tomcat-10.1.31\webapps\examples] de l'application web s'est terminé en [343] ms
05-May-2026 13:04:11.541 INFOS [main] org.apache.catalina.startup.HostConfig.deployDirectory Déploiement du répertoire d'application web [C:\Users\Ahmed Aziz\.gemini\antigravity\scratch\covoiturage\.tools\apache-tomcat-10.1.31\webapps\host-manager]
05-May-2026 13:04:11.583 INFOS [main] org.apache.catalina.startup.HostConfig.deployDirectory Le déploiement du répertoire [C:\Users\Ahmed Aziz\.gemini\antigravity\scratch\covoiturage\.tools\apache-tomcat-10.1.31\webapps\host-manager] de l'application web s'est terminé en [43] ms
05-May-2026 13:04:11.584 INFOS [main] org.apache.catalina.startup.HostConfig.deployDirectory Déploiement du répertoire d'application web [C:\Users\Ahmed Aziz\.gemini\antigravity\scratch\covoiturage\.tools\apache-tomcat-10.1.31\webapps\manager]
05-May-2026 13:04:11.619 INFOS [main] org.apache.catalina.startup.HostConfig.deployDirectory Le déploiement du répertoire [C:\Users\Ahmed Aziz\.gemini\antigravity\scratch\covoiturage\.tools\apache-tomcat-10.1.31\webapps\manager] de l'application web s'est terminé en [35] ms
05-May-2026 13:04:11.628 INFOS [main] org.apache.coyote.AbstractProtocol.start Démarrage du gestionnaire de protocole ["http-nio-8080"]
05-May-2026 13:04:11.655 INFOS [main] org.apache.catalina.startup.Catalina.start Le démarrage du serveur a pris [1732] millisecondes
05-May-2026 13:17:23.041 INFOS [Thread-2] org.apache.coyote.AbstractProtocol.pause Le gestionnaire de protocole ["http-nio-8080"] est mis en pause
05-May-2026 13:17:23.053 INFOS [Thread-2] org.apache.catalina.core.StandardService.stopInternal Arrêt du service [Catalina]
05-May-2026 13:17:23.059 AVERTISSEMENT [Thread-2] org.apache.catalina.loader.WebappClassLoaderBase.clearReferencesJdbc L'application web [ROOT] a enregistré un pilote JDBC [org.h2.Driver], mais ne l'a pas désenregistré avant l'arrêt de l'application.  Pour éviter une fuite de mémoire, le pilote JDBC a été désenregistré de force.
05-May-2026 13:17:23.076 INFOS [Thread-2] org.apache.coyote.AbstractProtocol.stop Arrêt du gestionnaire de protocole ["http-nio-8080"]
05-May-2026 13:17:23.089 INFOS [Thread-2] org.apache.coyote.AbstractProtocol.destroy Destruction du gestionnaire de protocole ["http-nio-8080"]
05-May-2026 13:17:33.626 INFOS [main] org.apache.catalina.startup.VersionLoggerListener.log Nom version serveur :              Apache Tomcat/10.1.31
05-May-2026 13:17:33.630 INFOS [main] org.apache.catalina.startup.VersionLoggerListener.log Serveur compilé :                  Oct 3 2024 19:02:38 UTC
05-May-2026 13:17:33.631 INFOS [main] org.apache.catalina.startup.VersionLoggerListener.log Version du serveur :               10.1.31.0
05-May-2026 13:17:33.631 INFOS [main] org.apache.catalina.startup.VersionLoggerListener.log Nom de l'OS :                      Windows 11
05-May-2026 13:17:33.631 INFOS [main] org.apache.catalina.startup.VersionLoggerListener.log Version OS :                       10.0
05-May-2026 13:17:33.631 INFOS [main] org.apache.catalina.startup.VersionLoggerListener.log Architecture :                     amd64
05-May-2026 13:17:33.632 INFOS [main] org.apache.catalina.startup.VersionLoggerListener.log Java Home :                        C:\Program Files\Eclipse Adoptium\jdk-21.0.10.7-hotspot
05-May-2026 13:17:33.632 INFOS [main] org.apache.catalina.startup.VersionLoggerListener.log Version JVM :                      21.0.10+7-LTS
05-May-2026 13:17:33.632 INFOS [main] org.apache.catalina.startup.VersionLoggerListener.log Fournisseur de la JVM :            Eclipse Adoptium
05-May-2026 13:17:33.632 INFOS [main] org.apache.catalina.startup.VersionLoggerListener.log CATALINA_BASE :                    C:\Users\Ahmed Aziz\.gemini\antigravity\scratch\covoiturage\.tools\apache-tomcat-10.1.31
05-May-2026 13:17:33.632 INFOS [main] org.apache.catalina.startup.VersionLoggerListener.log CATALINA_HOME :                    C:\Users\Ahmed Aziz\.gemini\antigravity\scratch\covoiturage\.tools\apache-tomcat-10.1.31
05-May-2026 13:17:33.641 INFOS [main] org.apache.catalina.startup.VersionLoggerListener.log Argument de la ligne de commande : -Djava.util.logging.config.file=c:\Users\Ahmed Aziz\.gemini\antigravity\scratch\covoiturage\.tools\apache-tomcat-10.1.31\conf\logging.properties
05-May-2026 13:17:33.643 INFOS [main] org.apache.catalina.startup.VersionLoggerListener.log Argument de la ligne de commande : -Djava.util.logging.manager=org.apache.juli.ClassLoaderLogManager
05-May-2026 13:17:33.643 INFOS [main] org.apache.catalina.startup.VersionLoggerListener.log Argument de la ligne de commande : -Djdk.tls.ephemeralDHKeySize=2048
05-May-2026 13:17:33.643 INFOS [main] org.apache.catalina.startup.VersionLoggerListener.log Argument de la ligne de commande : -Djava.protocol.handler.pkgs=org.apache.catalina.webresources
05-May-2026 13:17:33.643 INFOS [main] org.apache.catalina.startup.VersionLoggerListener.log Argument de la ligne de commande : --add-opens=java.base/java.lang=ALL-UNNAMED
05-May-2026 13:17:33.643 INFOS [main] org.apache.catalina.startup.VersionLoggerListener.log Argument de la ligne de commande : --add-opens=java.base/java.io=ALL-UNNAMED
05-May-2026 13:17:33.643 INFOS [main] org.apache.catalina.startup.VersionLoggerListener.log Argument de la ligne de commande : --add-opens=java.base/java.util=ALL-UNNAMED
05-May-2026 13:17:33.643 INFOS [main] org.apache.catalina.startup.VersionLoggerListener.log Argument de la ligne de commande : --add-opens=java.base/java.util.concurrent=ALL-UNNAMED
05-May-2026 13:17:33.643 INFOS [main] org.apache.catalina.startup.VersionLoggerListener.log Argument de la ligne de commande : --add-opens=java.rmi/sun.rmi.transport=ALL-UNNAMED
05-May-2026 13:17:33.644 INFOS [main] org.apache.catalina.startup.VersionLoggerListener.log Argument de la ligne de commande : -Dcatalina.base=c:\Users\Ahmed Aziz\.gemini\antigravity\scratch\covoiturage\.tools\apache-tomcat-10.1.31
05-May-2026 13:17:33.644 INFOS [main] org.apache.catalina.startup.VersionLoggerListener.log Argument de la ligne de commande : -Dcatalina.home=c:\Users\Ahmed Aziz\.gemini\antigravity\scratch\covoiturage\.tools\apache-tomcat-10.1.31
05-May-2026 13:17:33.644 INFOS [main] org.apache.catalina.startup.VersionLoggerListener.log Argument de la ligne de commande : -Djava.io.tmpdir=c:\Users\Ahmed Aziz\.gemini\antigravity\scratch\covoiturage\.tools\apache-tomcat-10.1.31\temp
05-May-2026 13:17:33.647 INFOS [main] org.apache.catalina.core.AprLifecycleListener.lifecycleEvent Chargement de la librairie Apache Tomcat Native [2.0.8] en utilisant APR version [1.7.4]
05-May-2026 13:17:33.650 INFOS [main] org.apache.catalina.core.AprLifecycleListener.initializeSSL OpenSSL a été initialisé avec succès [OpenSSL 3.0.14 4 Jun 2024]
05-May-2026 13:17:33.880 INFOS [main] org.apache.coyote.AbstractProtocol.init Initialisation du gestionnaire de protocole ["http-nio-8080"]
05-May-2026 13:17:33.908 INFOS [main] org.apache.catalina.startup.Catalina.load L'initialisation du serveur a pris [455] millisecondes
05-May-2026 13:17:33.967 INFOS [main] org.apache.catalina.core.StandardService.startInternal Démarrage du service [Catalina]
05-May-2026 13:17:33.968 INFOS [main] org.apache.catalina.core.StandardEngine.startInternal Démarrage du moteur de Servlets : [Apache Tomcat/10.1.31]
05-May-2026 13:17:33.989 INFOS [main] org.apache.catalina.startup.HostConfig.deployWAR Déploiement de l'archive [C:\Users\Ahmed Aziz\.gemini\antigravity\scratch\covoiturage\.tools\apache-tomcat-10.1.31\webapps\ROOT.war] de l'application web
05-May-2026 13:17:34.910 INFOS [main] org.apache.catalina.startup.HostConfig.deployWAR Le déploiement de l'archive de l'application web [C:\Users\Ahmed Aziz\.gemini\antigravity\scratch\covoiturage\.tools\apache-tomcat-10.1.31\webapps\ROOT.war] s'est terminé en [919] ms
05-May-2026 13:17:34.911 INFOS [main] org.apache.catalina.startup.HostConfig.deployDirectory Déploiement du répertoire d'application web [C:\Users\Ahmed Aziz\.gemini\antigravity\scratch\covoiturage\.tools\apache-tomcat-10.1.31\webapps\docs]
05-May-2026 13:17:34.945 INFOS [main] org.apache.catalina.startup.HostConfig.deployDirectory Le déploiement du répertoire [C:\Users\Ahmed Aziz\.gemini\antigravity\scratch\covoiturage\.tools\apache-tomcat-10.1.31\webapps\docs] de l'application web s'est terminé en [34] ms
05-May-2026 13:17:34.946 INFOS [main] org.apache.catalina.startup.HostConfig.deployDirectory Déploiement du répertoire d'application web [C:\Users\Ahmed Aziz\.gemini\antigravity\scratch\covoiturage\.tools\apache-tomcat-10.1.31\webapps\examples]
05-May-2026 13:17:35.283 INFOS [main] org.apache.catalina.startup.HostConfig.deployDirectory Le déploiement du répertoire [C:\Users\Ahmed Aziz\.gemini\antigravity\scratch\covoiturage\.tools\apache-tomcat-10.1.31\webapps\examples] de l'application web s'est terminé en [336] ms
05-May-2026 13:17:35.283 INFOS [main] org.apache.catalina.startup.HostConfig.deployDirectory Déploiement du répertoire d'application web [C:\Users\Ahmed Aziz\.gemini\antigravity\scratch\covoiturage\.tools\apache-tomcat-10.1.31\webapps\host-manager]
05-May-2026 13:17:35.321 INFOS [main] org.apache.catalina.startup.HostConfig.deployDirectory Le déploiement du répertoire [C:\Users\Ahmed Aziz\.gemini\antigravity\scratch\covoiturage\.tools\apache-tomcat-10.1.31\webapps\host-manager] de l'application web s'est terminé en [38] ms
05-May-2026 13:17:35.321 INFOS [main] org.apache.catalina.startup.HostConfig.deployDirectory Déploiement du répertoire d'application web [C:\Users\Ahmed Aziz\.gemini\antigravity\scratch\covoiturage\.tools\apache-tomcat-10.1.31\webapps\manager]
05-May-2026 13:17:35.353 INFOS [main] org.apache.catalina.startup.HostConfig.deployDirectory Le déploiement du répertoire [C:\Users\Ahmed Aziz\.gemini\antigravity\scratch\covoiturage\.tools\apache-tomcat-10.1.31\webapps\manager] de l'application web s'est terminé en [31] ms
05-May-2026 13:17:35.357 INFOS [main] org.apache.coyote.AbstractProtocol.start Démarrage du gestionnaire de protocole ["http-nio-8080"]
05-May-2026 13:17:35.377 INFOS [main] org.apache.catalina.startup.Catalina.start Le démarrage du serveur a pris [1467] millisecondes
05-May-2026 13:20:21.027 INFOS [Thread-2] org.apache.coyote.AbstractProtocol.pause Le gestionnaire de protocole ["http-nio-8080"] est mis en pause
05-May-2026 13:20:21.049 INFOS [Thread-2] org.apache.catalina.core.StandardService.stopInternal Arrêt du service [Catalina]
05-May-2026 13:20:21.054 AVERTISSEMENT [Thread-2] org.apache.catalina.loader.WebappClassLoaderBase.clearReferencesJdbc L'application web [ROOT] a enregistré un pilote JDBC [org.h2.Driver], mais ne l'a pas désenregistré avant l'arrêt de l'application.  Pour éviter une fuite de mémoire, le pilote JDBC a été désenregistré de force.
05-May-2026 13:20:21.066 INFOS [Thread-2] org.apache.coyote.AbstractProtocol.stop Arrêt du gestionnaire de protocole ["http-nio-8080"]
05-May-2026 13:20:21.074 INFOS [Thread-2] org.apache.coyote.AbstractProtocol.destroy Destruction du gestionnaire de protocole ["http-nio-8080"]
05-May-2026 13:20:30.009 INFOS [main] org.apache.catalina.startup.VersionLoggerListener.log Nom version serveur :              Apache Tomcat/10.1.31
05-May-2026 13:20:30.014 INFOS [main] org.apache.catalina.startup.VersionLoggerListener.log Serveur compilé :                  Oct 3 2024 19:02:38 UTC
05-May-2026 13:20:30.015 INFOS [main] org.apache.catalina.startup.VersionLoggerListener.log Version du serveur :               10.1.31.0
05-May-2026 13:20:30.015 INFOS [main] org.apache.catalina.startup.VersionLoggerListener.log Nom de l'OS :                      Windows 11
05-May-2026 13:20:30.015 INFOS [main] org.apache.catalina.startup.VersionLoggerListener.log Version OS :                       10.0
05-May-2026 13:20:30.016 INFOS [main] org.apache.catalina.startup.VersionLoggerListener.log Architecture :                     amd64
05-May-2026 13:20:30.016 INFOS [main] org.apache.catalina.startup.VersionLoggerListener.log Java Home :                        C:\Program Files\Eclipse Adoptium\jdk-21.0.10.7-hotspot
05-May-2026 13:20:30.016 INFOS [main] org.apache.catalina.startup.VersionLoggerListener.log Version JVM :                      21.0.10+7-LTS
05-May-2026 13:20:30.016 INFOS [main] org.apache.catalina.startup.VersionLoggerListener.log Fournisseur de la JVM :            Eclipse Adoptium
05-May-2026 13:20:30.016 INFOS [main] org.apache.catalina.startup.VersionLoggerListener.log CATALINA_BASE :                    C:\Users\Ahmed Aziz\.gemini\antigravity\scratch\covoiturage\.tools\apache-tomcat-10.1.31
05-May-2026 13:20:30.017 INFOS [main] org.apache.catalina.startup.VersionLoggerListener.log CATALINA_HOME :                    C:\Users\Ahmed Aziz\.gemini\antigravity\scratch\covoiturage\.tools\apache-tomcat-10.1.31
05-May-2026 13:20:30.026 INFOS [main] org.apache.catalina.startup.VersionLoggerListener.log Argument de la ligne de commande : -Djava.util.logging.config.file=c:\Users\Ahmed Aziz\.gemini\antigravity\scratch\covoiturage\.tools\apache-tomcat-10.1.31\conf\logging.properties
05-May-2026 13:20:30.027 INFOS [main] org.apache.catalina.startup.VersionLoggerListener.log Argument de la ligne de commande : -Djava.util.logging.manager=org.apache.juli.ClassLoaderLogManager
05-May-2026 13:20:30.027 INFOS [main] org.apache.catalina.startup.VersionLoggerListener.log Argument de la ligne de commande : -Djdk.tls.ephemeralDHKeySize=2048
05-May-2026 13:20:30.028 INFOS [main] org.apache.catalina.startup.VersionLoggerListener.log Argument de la ligne de commande : -Djava.protocol.handler.pkgs=org.apache.catalina.webresources
05-May-2026 13:20:30.028 INFOS [main] org.apache.catalina.startup.VersionLoggerListener.log Argument de la ligne de commande : --add-opens=java.base/java.lang=ALL-UNNAMED
05-May-2026 13:20:30.028 INFOS [main] org.apache.catalina.startup.VersionLoggerListener.log Argument de la ligne de commande : --add-opens=java.base/java.io=ALL-UNNAMED
05-May-2026 13:20:30.028 INFOS [main] org.apache.catalina.startup.VersionLoggerListener.log Argument de la ligne de commande : --add-opens=java.base/java.util=ALL-UNNAMED
05-May-2026 13:20:30.028 INFOS [main] org.apache.catalina.startup.VersionLoggerListener.log Argument de la ligne de commande : --add-opens=java.base/java.util.concurrent=ALL-UNNAMED
05-May-2026 13:20:30.029 INFOS [main] org.apache.catalina.startup.VersionLoggerListener.log Argument de la ligne de commande : --add-opens=java.rmi/sun.rmi.transport=ALL-UNNAMED
05-May-2026 13:20:30.029 INFOS [main] org.apache.catalina.startup.VersionLoggerListener.log Argument de la ligne de commande : -Dcatalina.base=c:\Users\Ahmed Aziz\.gemini\antigravity\scratch\covoiturage\.tools\apache-tomcat-10.1.31
05-May-2026 13:20:30.029 INFOS [main] org.apache.catalina.startup.VersionLoggerListener.log Argument de la ligne de commande : -Dcatalina.home=c:\Users\Ahmed Aziz\.gemini\antigravity\scratch\covoiturage\.tools\apache-tomcat-10.1.31
05-May-2026 13:20:30.029 INFOS [main] org.apache.catalina.startup.VersionLoggerListener.log Argument de la ligne de commande : -Djava.io.tmpdir=c:\Users\Ahmed Aziz\.gemini\antigravity\scratch\covoiturage\.tools\apache-tomcat-10.1.31\temp
05-May-2026 13:20:30.031 INFOS [main] org.apache.catalina.core.AprLifecycleListener.lifecycleEvent Chargement de la librairie Apache Tomcat Native [2.0.8] en utilisant APR version [1.7.4]
05-May-2026 13:20:30.036 INFOS [main] org.apache.catalina.core.AprLifecycleListener.initializeSSL OpenSSL a été initialisé avec succès [OpenSSL 3.0.14 4 Jun 2024]
05-May-2026 13:20:30.233 INFOS [main] org.apache.coyote.AbstractProtocol.init Initialisation du gestionnaire de protocole ["http-nio-8080"]
05-May-2026 13:20:30.255 INFOS [main] org.apache.catalina.startup.Catalina.load L'initialisation du serveur a pris [416] millisecondes
05-May-2026 13:20:30.309 INFOS [main] org.apache.catalina.core.StandardService.startInternal Démarrage du service [Catalina]
05-May-2026 13:20:30.309 INFOS [main] org.apache.catalina.core.StandardEngine.startInternal Démarrage du moteur de Servlets : [Apache Tomcat/10.1.31]
05-May-2026 13:20:30.326 INFOS [main] org.apache.catalina.startup.HostConfig.deployWAR Déploiement de l'archive [C:\Users\Ahmed Aziz\.gemini\antigravity\scratch\covoiturage\.tools\apache-tomcat-10.1.31\webapps\ROOT.war] de l'application web
05-May-2026 13:20:31.221 INFOS [main] org.apache.catalina.startup.HostConfig.deployWAR Le déploiement de l'archive de l'application web [C:\Users\Ahmed Aziz\.gemini\antigravity\scratch\covoiturage\.tools\apache-tomcat-10.1.31\webapps\ROOT.war] s'est terminé en [893] ms
05-May-2026 13:20:31.222 INFOS [main] org.apache.catalina.startup.HostConfig.deployDirectory Déploiement du répertoire d'application web [C:\Users\Ahmed Aziz\.gemini\antigravity\scratch\covoiturage\.tools\apache-tomcat-10.1.31\webapps\docs]
05-May-2026 13:20:31.261 INFOS [main] org.apache.catalina.startup.HostConfig.deployDirectory Le déploiement du répertoire [C:\Users\Ahmed Aziz\.gemini\antigravity\scratch\covoiturage\.tools\apache-tomcat-10.1.31\webapps\docs] de l'application web s'est terminé en [39] ms
05-May-2026 13:20:31.261 INFOS [main] org.apache.catalina.startup.HostConfig.deployDirectory Déploiement du répertoire d'application web [C:\Users\Ahmed Aziz\.gemini\antigravity\scratch\covoiturage\.tools\apache-tomcat-10.1.31\webapps\examples]
05-May-2026 13:20:31.574 INFOS [main] org.apache.catalina.startup.HostConfig.deployDirectory Le déploiement du répertoire [C:\Users\Ahmed Aziz\.gemini\antigravity\scratch\covoiturage\.tools\apache-tomcat-10.1.31\webapps\examples] de l'application web s'est terminé en [313] ms
05-May-2026 13:20:31.575 INFOS [main] org.apache.catalina.startup.HostConfig.deployDirectory Déploiement du répertoire d'application web [C:\Users\Ahmed Aziz\.gemini\antigravity\scratch\covoiturage\.tools\apache-tomcat-10.1.31\webapps\host-manager]
05-May-2026 13:20:31.612 INFOS [main] org.apache.catalina.startup.HostConfig.deployDirectory Le déploiement du répertoire [C:\Users\Ahmed Aziz\.gemini\antigravity\scratch\covoiturage\.tools\apache-tomcat-10.1.31\webapps\host-manager] de l'application web s'est terminé en [36] ms
05-May-2026 13:20:31.612 INFOS [main] org.apache.catalina.startup.HostConfig.deployDirectory Déploiement du répertoire d'application web [C:\Users\Ahmed Aziz\.gemini\antigravity\scratch\covoiturage\.tools\apache-tomcat-10.1.31\webapps\manager]
05-May-2026 13:20:31.645 INFOS [main] org.apache.catalina.startup.HostConfig.deployDirectory Le déploiement du répertoire [C:\Users\Ahmed Aziz\.gemini\antigravity\scratch\covoiturage\.tools\apache-tomcat-10.1.31\webapps\manager] de l'application web s'est terminé en [33] ms
05-May-2026 13:20:31.650 INFOS [main] org.apache.coyote.AbstractProtocol.start Démarrage du gestionnaire de protocole ["http-nio-8080"]
05-May-2026 13:20:31.671 INFOS [main] org.apache.catalina.startup.Catalina.start Le démarrage du serveur a pris [1413] millisecondes
05-May-2026 13:22:04.732 INFOS [main] org.apache.catalina.startup.VersionLoggerListener.log Nom version serveur :              Apache Tomcat/10.1.31
05-May-2026 13:22:04.736 INFOS [main] org.apache.catalina.startup.VersionLoggerListener.log Serveur compilé :                  Oct 3 2024 19:02:38 UTC
05-May-2026 13:22:04.738 INFOS [main] org.apache.catalina.startup.VersionLoggerListener.log Version du serveur :               10.1.31.0
05-May-2026 13:22:04.738 INFOS [main] org.apache.catalina.startup.VersionLoggerListener.log Nom de l'OS :                      Windows 11
05-May-2026 13:22:04.739 INFOS [main] org.apache.catalina.startup.VersionLoggerListener.log Version OS :                       10.0
05-May-2026 13:22:04.739 INFOS [main] org.apache.catalina.startup.VersionLoggerListener.log Architecture :                     amd64
05-May-2026 13:22:04.739 INFOS [main] org.apache.catalina.startup.VersionLoggerListener.log Java Home :                        C:\Program Files\Eclipse Adoptium\jdk-21.0.10.7-hotspot
05-May-2026 13:22:04.739 INFOS [main] org.apache.catalina.startup.VersionLoggerListener.log Version JVM :                      21.0.10+7-LTS
05-May-2026 13:22:04.740 INFOS [main] org.apache.catalina.startup.VersionLoggerListener.log Fournisseur de la JVM :            Eclipse Adoptium
05-May-2026 13:22:04.740 INFOS [main] org.apache.catalina.startup.VersionLoggerListener.log CATALINA_BASE :                    C:\Users\Ahmed Aziz\.gemini\antigravity\scratch\covoiturage\.tools\apache-tomcat-10.1.31
05-May-2026 13:22:04.740 INFOS [main] org.apache.catalina.startup.VersionLoggerListener.log CATALINA_HOME :                    C:\Users\Ahmed Aziz\.gemini\antigravity\scratch\covoiturage\.tools\apache-tomcat-10.1.31
05-May-2026 13:22:04.749 INFOS [main] org.apache.catalina.startup.VersionLoggerListener.log Argument de la ligne de commande : -Djava.util.logging.config.file=C:\Users\Ahmed Aziz\.gemini\antigravity\scratch\covoiturage\.tools\apache-tomcat-10.1.31\conf\logging.properties
05-May-2026 13:22:04.749 INFOS [main] org.apache.catalina.startup.VersionLoggerListener.log Argument de la ligne de commande : -Djava.util.logging.manager=org.apache.juli.ClassLoaderLogManager
05-May-2026 13:22:04.749 INFOS [main] org.apache.catalina.startup.VersionLoggerListener.log Argument de la ligne de commande : -Djdk.tls.ephemeralDHKeySize=2048
05-May-2026 13:22:04.749 INFOS [main] org.apache.catalina.startup.VersionLoggerListener.log Argument de la ligne de commande : -Djava.protocol.handler.pkgs=org.apache.catalina.webresources
05-May-2026 13:22:04.750 INFOS [main] org.apache.catalina.startup.VersionLoggerListener.log Argument de la ligne de commande : --add-opens=java.base/java.lang=ALL-UNNAMED
05-May-2026 13:22:04.750 INFOS [main] org.apache.catalina.startup.VersionLoggerListener.log Argument de la ligne de commande : --add-opens=java.base/java.io=ALL-UNNAMED
05-May-2026 13:22:04.750 INFOS [main] org.apache.catalina.startup.VersionLoggerListener.log Argument de la ligne de commande : --add-opens=java.base/java.util=ALL-UNNAMED
05-May-2026 13:22:04.751 INFOS [main] org.apache.catalina.startup.VersionLoggerListener.log Argument de la ligne de commande : --add-opens=java.base/java.util.concurrent=ALL-UNNAMED
05-May-2026 13:22:04.751 INFOS [main] org.apache.catalina.startup.VersionLoggerListener.log Argument de la ligne de commande : --add-opens=java.rmi/sun.rmi.transport=ALL-UNNAMED
05-May-2026 13:22:04.751 INFOS [main] org.apache.catalina.startup.VersionLoggerListener.log Argument de la ligne de commande : -Dcatalina.base=C:\Users\Ahmed Aziz\.gemini\antigravity\scratch\covoiturage\.tools\apache-tomcat-10.1.31
05-May-2026 13:22:04.752 INFOS [main] org.apache.catalina.startup.VersionLoggerListener.log Argument de la ligne de commande : -Dcatalina.home=C:\Users\Ahmed Aziz\.gemini\antigravity\scratch\covoiturage\.tools\apache-tomcat-10.1.31
05-May-2026 13:22:04.752 INFOS [main] org.apache.catalina.startup.VersionLoggerListener.log Argument de la ligne de commande : -Djava.io.tmpdir=C:\Users\Ahmed Aziz\.gemini\antigravity\scratch\covoiturage\.tools\apache-tomcat-10.1.31\temp
05-May-2026 13:22:04.754 INFOS [main] org.apache.catalina.core.AprLifecycleListener.lifecycleEvent Chargement de la librairie Apache Tomcat Native [2.0.8] en utilisant APR version [1.7.4]
05-May-2026 13:22:04.758 INFOS [main] org.apache.catalina.core.AprLifecycleListener.initializeSSL OpenSSL a été initialisé avec succès [OpenSSL 3.0.14 4 Jun 2024]
05-May-2026 13:22:04.963 INFOS [main] org.apache.coyote.AbstractProtocol.init Initialisation du gestionnaire de protocole ["http-nio-8080"]
05-May-2026 13:22:04.989 INFOS [main] org.apache.catalina.startup.Catalina.load L'initialisation du serveur a pris [415] millisecondes
05-May-2026 13:22:05.053 INFOS [main] org.apache.catalina.core.StandardService.startInternal Démarrage du service [Catalina]
05-May-2026 13:22:05.053 INFOS [main] org.apache.catalina.core.StandardEngine.startInternal Démarrage du moteur de Servlets : [Apache Tomcat/10.1.31]
05-May-2026 13:22:05.070 INFOS [main] org.apache.catalina.startup.HostConfig.deployWAR Déploiement de l'archive [C:\Users\Ahmed Aziz\.gemini\antigravity\scratch\covoiturage\.tools\apache-tomcat-10.1.31\webapps\ROOT.war] de l'application web
05-May-2026 13:22:06.069 INFOS [main] org.apache.catalina.startup.HostConfig.deployWAR Le déploiement de l'archive de l'application web [C:\Users\Ahmed Aziz\.gemini\antigravity\scratch\covoiturage\.tools\apache-tomcat-10.1.31\webapps\ROOT.war] s'est terminé en [997] ms
05-May-2026 13:22:06.074 INFOS [main] org.apache.catalina.startup.HostConfig.deployDirectory Déploiement du répertoire d'application web [C:\Users\Ahmed Aziz\.gemini\antigravity\scratch\covoiturage\.tools\apache-tomcat-10.1.31\webapps\docs]
05-May-2026 13:22:06.112 INFOS [main] org.apache.catalina.startup.HostConfig.deployDirectory Le déploiement du répertoire [C:\Users\Ahmed Aziz\.gemini\antigravity\scratch\covoiturage\.tools\apache-tomcat-10.1.31\webapps\docs] de l'application web s'est terminé en [38] ms
05-May-2026 13:22:06.113 INFOS [main] org.apache.catalina.startup.HostConfig.deployDirectory Déploiement du répertoire d'application web [C:\Users\Ahmed Aziz\.gemini\antigravity\scratch\covoiturage\.tools\apache-tomcat-10.1.31\webapps\examples]
05-May-2026 13:22:06.478 INFOS [main] org.apache.catalina.startup.HostConfig.deployDirectory Le déploiement du répertoire [C:\Users\Ahmed Aziz\.gemini\antigravity\scratch\covoiturage\.tools\apache-tomcat-10.1.31\webapps\examples] de l'application web s'est terminé en [365] ms
05-May-2026 13:22:06.479 INFOS [main] org.apache.catalina.startup.HostConfig.deployDirectory Déploiement du répertoire d'application web [C:\Users\Ahmed Aziz\.gemini\antigravity\scratch\covoiturage\.tools\apache-tomcat-10.1.31\webapps\host-manager]
05-May-2026 13:22:06.515 INFOS [main] org.apache.catalina.startup.HostConfig.deployDirectory Le déploiement du répertoire [C:\Users\Ahmed Aziz\.gemini\antigravity\scratch\covoiturage\.tools\apache-tomcat-10.1.31\webapps\host-manager] de l'application web s'est terminé en [36] ms
05-May-2026 13:22:06.516 INFOS [main] org.apache.catalina.startup.HostConfig.deployDirectory Déploiement du répertoire d'application web [C:\Users\Ahmed Aziz\.gemini\antigravity\scratch\covoiturage\.tools\apache-tomcat-10.1.31\webapps\manager]
05-May-2026 13:22:06.553 INFOS [main] org.apache.catalina.startup.HostConfig.deployDirectory Le déploiement du répertoire [C:\Users\Ahmed Aziz\.gemini\antigravity\scratch\covoiturage\.tools\apache-tomcat-10.1.31\webapps\manager] de l'application web s'est terminé en [37] ms
05-May-2026 13:22:06.558 INFOS [main] org.apache.coyote.AbstractProtocol.start Démarrage du gestionnaire de protocole ["http-nio-8080"]
05-May-2026 13:22:06.582 INFOS [main] org.apache.catalina.startup.Catalina.start Le démarrage du serveur a pris [1592] millisecondes
05-May-2026 13:26:14.423 INFOS [main] org.apache.catalina.startup.VersionLoggerListener.log Nom version serveur :              Apache Tomcat/10.1.31
05-May-2026 13:26:14.428 INFOS [main] org.apache.catalina.startup.VersionLoggerListener.log Serveur compilé :                  Oct 3 2024 19:02:38 UTC
05-May-2026 13:26:14.429 INFOS [main] org.apache.catalina.startup.VersionLoggerListener.log Version du serveur :               10.1.31.0
05-May-2026 13:26:14.429 INFOS [main] org.apache.catalina.startup.VersionLoggerListener.log Nom de l'OS :                      Windows 11
05-May-2026 13:26:14.429 INFOS [main] org.apache.catalina.startup.VersionLoggerListener.log Version OS :                       10.0
05-May-2026 13:26:14.429 INFOS [main] org.apache.catalina.startup.VersionLoggerListener.log Architecture :                     amd64
05-May-2026 13:26:14.429 INFOS [main] org.apache.catalina.startup.VersionLoggerListener.log Java Home :                        C:\Program Files\Eclipse Adoptium\jdk-21.0.10.7-hotspot
05-May-2026 13:26:14.430 INFOS [main] org.apache.catalina.startup.VersionLoggerListener.log Version JVM :                      21.0.10+7-LTS
05-May-2026 13:26:14.430 INFOS [main] org.apache.catalina.startup.VersionLoggerListener.log Fournisseur de la JVM :            Eclipse Adoptium
05-May-2026 13:26:14.430 INFOS [main] org.apache.catalina.startup.VersionLoggerListener.log CATALINA_BASE :                    C:\Users\Ahmed Aziz\.gemini\antigravity\scratch\covoiturage\.tools\apache-tomcat-10.1.31
05-May-2026 13:26:14.430 INFOS [main] org.apache.catalina.startup.VersionLoggerListener.log CATALINA_HOME :                    C:\Users\Ahmed Aziz\.gemini\antigravity\scratch\covoiturage\.tools\apache-tomcat-10.1.31
05-May-2026 13:26:14.438 INFOS [main] org.apache.catalina.startup.VersionLoggerListener.log Argument de la ligne de commande : -Djava.util.logging.config.file=C:\Users\Ahmed Aziz\.gemini\antigravity\scratch\covoiturage\.tools\apache-tomcat-10.1.31\conf\logging.properties
05-May-2026 13:26:14.438 INFOS [main] org.apache.catalina.startup.VersionLoggerListener.log Argument de la ligne de commande : -Djava.util.logging.manager=org.apache.juli.ClassLoaderLogManager
05-May-2026 13:26:14.438 INFOS [main] org.apache.catalina.startup.VersionLoggerListener.log Argument de la ligne de commande : -Djdk.tls.ephemeralDHKeySize=2048
05-May-2026 13:26:14.438 INFOS [main] org.apache.catalina.startup.VersionLoggerListener.log Argument de la ligne de commande : -Djava.protocol.handler.pkgs=org.apache.catalina.webresources
05-May-2026 13:26:14.438 INFOS [main] org.apache.catalina.startup.VersionLoggerListener.log Argument de la ligne de commande : --add-opens=java.base/java.lang=ALL-UNNAMED
05-May-2026 13:26:14.439 INFOS [main] org.apache.catalina.startup.VersionLoggerListener.log Argument de la ligne de commande : --add-opens=java.base/java.io=ALL-UNNAMED
05-May-2026 13:26:14.439 INFOS [main] org.apache.catalina.startup.VersionLoggerListener.log Argument de la ligne de commande : --add-opens=java.base/java.util=ALL-UNNAMED
05-May-2026 13:26:14.439 INFOS [main] org.apache.catalina.startup.VersionLoggerListener.log Argument de la ligne de commande : --add-opens=java.base/java.util.concurrent=ALL-UNNAMED
05-May-2026 13:26:14.439 INFOS [main] org.apache.catalina.startup.VersionLoggerListener.log Argument de la ligne de commande : --add-opens=java.rmi/sun.rmi.transport=ALL-UNNAMED
05-May-2026 13:26:14.439 INFOS [main] org.apache.catalina.startup.VersionLoggerListener.log Argument de la ligne de commande : -Dcatalina.base=C:\Users\Ahmed Aziz\.gemini\antigravity\scratch\covoiturage\.tools\apache-tomcat-10.1.31
05-May-2026 13:26:14.439 INFOS [main] org.apache.catalina.startup.VersionLoggerListener.log Argument de la ligne de commande : -Dcatalina.home=C:\Users\Ahmed Aziz\.gemini\antigravity\scratch\covoiturage\.tools\apache-tomcat-10.1.31
05-May-2026 13:26:14.440 INFOS [main] org.apache.catalina.startup.VersionLoggerListener.log Argument de la ligne de commande : -Djava.io.tmpdir=C:\Users\Ahmed Aziz\.gemini\antigravity\scratch\covoiturage\.tools\apache-tomcat-10.1.31\temp
05-May-2026 13:26:14.442 INFOS [main] org.apache.catalina.core.AprLifecycleListener.lifecycleEvent Chargement de la librairie Apache Tomcat Native [2.0.8] en utilisant APR version [1.7.4]
05-May-2026 13:26:14.446 INFOS [main] org.apache.catalina.core.AprLifecycleListener.initializeSSL OpenSSL a été initialisé avec succès [OpenSSL 3.0.14 4 Jun 2024]
05-May-2026 13:26:14.646 INFOS [main] org.apache.coyote.AbstractProtocol.init Initialisation du gestionnaire de protocole ["http-nio-8080"]
05-May-2026 13:26:14.669 INFOS [main] org.apache.catalina.startup.Catalina.load L'initialisation du serveur a pris [403] millisecondes
05-May-2026 13:26:14.722 INFOS [main] org.apache.catalina.core.StandardService.startInternal Démarrage du service [Catalina]
05-May-2026 13:26:14.723 INFOS [main] org.apache.catalina.core.StandardEngine.startInternal Démarrage du moteur de Servlets : [Apache Tomcat/10.1.31]
05-May-2026 13:26:14.739 INFOS [main] org.apache.catalina.startup.HostConfig.deployWAR Déploiement de l'archive [C:\Users\Ahmed Aziz\.gemini\antigravity\scratch\covoiturage\.tools\apache-tomcat-10.1.31\webapps\ROOT.war] de l'application web
05-May-2026 13:26:15.840 INFOS [main] org.apache.catalina.startup.HostConfig.deployWAR Le déploiement de l'archive de l'application web [C:\Users\Ahmed Aziz\.gemini\antigravity\scratch\covoiturage\.tools\apache-tomcat-10.1.31\webapps\ROOT.war] s'est terminé en [1 099] ms
05-May-2026 13:26:15.841 INFOS [main] org.apache.catalina.startup.HostConfig.deployDirectory Déploiement du répertoire d'application web [C:\Users\Ahmed Aziz\.gemini\antigravity\scratch\covoiturage\.tools\apache-tomcat-10.1.31\webapps\docs]
05-May-2026 13:26:15.877 INFOS [main] org.apache.catalina.startup.HostConfig.deployDirectory Le déploiement du répertoire [C:\Users\Ahmed Aziz\.gemini\antigravity\scratch\covoiturage\.tools\apache-tomcat-10.1.31\webapps\docs] de l'application web s'est terminé en [36] ms
05-May-2026 13:26:15.878 INFOS [main] org.apache.catalina.startup.HostConfig.deployDirectory Déploiement du répertoire d'application web [C:\Users\Ahmed Aziz\.gemini\antigravity\scratch\covoiturage\.tools\apache-tomcat-10.1.31\webapps\examples]
05-May-2026 13:26:16.240 INFOS [main] org.apache.catalina.startup.HostConfig.deployDirectory Le déploiement du répertoire [C:\Users\Ahmed Aziz\.gemini\antigravity\scratch\covoiturage\.tools\apache-tomcat-10.1.31\webapps\examples] de l'application web s'est terminé en [361] ms
05-May-2026 13:26:16.240 INFOS [main] org.apache.catalina.startup.HostConfig.deployDirectory Déploiement du répertoire d'application web [C:\Users\Ahmed Aziz\.gemini\antigravity\scratch\covoiturage\.tools\apache-tomcat-10.1.31\webapps\host-manager]
05-May-2026 13:26:16.275 INFOS [main] org.apache.catalina.startup.HostConfig.deployDirectory Le déploiement du répertoire [C:\Users\Ahmed Aziz\.gemini\antigravity\scratch\covoiturage\.tools\apache-tomcat-10.1.31\webapps\host-manager] de l'application web s'est terminé en [35] ms
05-May-2026 13:26:16.276 INFOS [main] org.apache.catalina.startup.HostConfig.deployDirectory Déploiement du répertoire d'application web [C:\Users\Ahmed Aziz\.gemini\antigravity\scratch\covoiturage\.tools\apache-tomcat-10.1.31\webapps\manager]
05-May-2026 13:26:16.310 INFOS [main] org.apache.catalina.startup.HostConfig.deployDirectory Le déploiement du répertoire [C:\Users\Ahmed Aziz\.gemini\antigravity\scratch\covoiturage\.tools\apache-tomcat-10.1.31\webapps\manager] de l'application web s'est terminé en [34] ms
05-May-2026 13:26:16.315 INFOS [main] org.apache.coyote.AbstractProtocol.start Démarrage du gestionnaire de protocole ["http-nio-8080"]
05-May-2026 13:26:16.342 INFOS [main] org.apache.catalina.startup.Catalina.start Le démarrage du serveur a pris [1671] millisecondes
05-May-2026 13:29:51.457 INFOS [main] org.apache.catalina.startup.VersionLoggerListener.log Nom version serveur :              Apache Tomcat/10.1.31
05-May-2026 13:29:51.463 INFOS [main] org.apache.catalina.startup.VersionLoggerListener.log Serveur compilé :                  Oct 3 2024 19:02:38 UTC
05-May-2026 13:29:51.464 INFOS [main] org.apache.catalina.startup.VersionLoggerListener.log Version du serveur :               10.1.31.0
05-May-2026 13:29:51.465 INFOS [main] org.apache.catalina.startup.VersionLoggerListener.log Nom de l'OS :                      Windows 11
05-May-2026 13:29:51.465 INFOS [main] org.apache.catalina.startup.VersionLoggerListener.log Version OS :                       10.0
05-May-2026 13:29:51.466 INFOS [main] org.apache.catalina.startup.VersionLoggerListener.log Architecture :                     amd64
05-May-2026 13:29:51.466 INFOS [main] org.apache.catalina.startup.VersionLoggerListener.log Java Home :                        C:\Program Files\Eclipse Adoptium\jdk-21.0.10.7-hotspot
05-May-2026 13:29:51.466 INFOS [main] org.apache.catalina.startup.VersionLoggerListener.log Version JVM :                      21.0.10+7-LTS
05-May-2026 13:29:51.467 INFOS [main] org.apache.catalina.startup.VersionLoggerListener.log Fournisseur de la JVM :            Eclipse Adoptium
05-May-2026 13:29:51.467 INFOS [main] org.apache.catalina.startup.VersionLoggerListener.log CATALINA_BASE :                    C:\Users\Ahmed Aziz\.gemini\antigravity\scratch\covoiturage\.tools\apache-tomcat-10.1.31
05-May-2026 13:29:51.467 INFOS [main] org.apache.catalina.startup.VersionLoggerListener.log CATALINA_HOME :                    C:\Users\Ahmed Aziz\.gemini\antigravity\scratch\covoiturage\.tools\apache-tomcat-10.1.31
05-May-2026 13:29:51.475 INFOS [main] org.apache.catalina.startup.VersionLoggerListener.log Argument de la ligne de commande : -Djava.util.logging.config.file=C:\Users\Ahmed Aziz\.gemini\antigravity\scratch\covoiturage\.tools\apache-tomcat-10.1.31\conf\logging.properties
05-May-2026 13:29:51.475 INFOS [main] org.apache.catalina.startup.VersionLoggerListener.log Argument de la ligne de commande : -Djava.util.logging.manager=org.apache.juli.ClassLoaderLogManager
05-May-2026 13:29:51.475 INFOS [main] org.apache.catalina.startup.VersionLoggerListener.log Argument de la ligne de commande : -Djdk.tls.ephemeralDHKeySize=2048
05-May-2026 13:29:51.476 INFOS [main] org.apache.catalina.startup.VersionLoggerListener.log Argument de la ligne de commande : -Djava.protocol.handler.pkgs=org.apache.catalina.webresources
05-May-2026 13:29:51.476 INFOS [main] org.apache.catalina.startup.VersionLoggerListener.log Argument de la ligne de commande : --add-opens=java.base/java.lang=ALL-UNNAMED
05-May-2026 13:29:51.476 INFOS [main] org.apache.catalina.startup.VersionLoggerListener.log Argument de la ligne de commande : --add-opens=java.base/java.io=ALL-UNNAMED
05-May-2026 13:29:51.476 INFOS [main] org.apache.catalina.startup.VersionLoggerListener.log Argument de la ligne de commande : --add-opens=java.base/java.util=ALL-UNNAMED
05-May-2026 13:29:51.476 INFOS [main] org.apache.catalina.startup.VersionLoggerListener.log Argument de la ligne de commande : --add-opens=java.base/java.util.concurrent=ALL-UNNAMED
05-May-2026 13:29:51.477 INFOS [main] org.apache.catalina.startup.VersionLoggerListener.log Argument de la ligne de commande : --add-opens=java.rmi/sun.rmi.transport=ALL-UNNAMED
05-May-2026 13:29:51.477 INFOS [main] org.apache.catalina.startup.VersionLoggerListener.log Argument de la ligne de commande : -Dcatalina.base=C:\Users\Ahmed Aziz\.gemini\antigravity\scratch\covoiturage\.tools\apache-tomcat-10.1.31
05-May-2026 13:29:51.477 INFOS [main] org.apache.catalina.startup.VersionLoggerListener.log Argument de la ligne de commande : -Dcatalina.home=C:\Users\Ahmed Aziz\.gemini\antigravity\scratch\covoiturage\.tools\apache-tomcat-10.1.31
05-May-2026 13:29:51.477 INFOS [main] org.apache.catalina.startup.VersionLoggerListener.log Argument de la ligne de commande : -Djava.io.tmpdir=C:\Users\Ahmed Aziz\.gemini\antigravity\scratch\covoiturage\.tools\apache-tomcat-10.1.31\temp
05-May-2026 13:29:51.479 INFOS [main] org.apache.catalina.core.AprLifecycleListener.lifecycleEvent Chargement de la librairie Apache Tomcat Native [2.0.8] en utilisant APR version [1.7.4]
05-May-2026 13:29:51.483 INFOS [main] org.apache.catalina.core.AprLifecycleListener.initializeSSL OpenSSL a été initialisé avec succès [OpenSSL 3.0.14 4 Jun 2024]
05-May-2026 13:29:51.665 INFOS [main] org.apache.coyote.AbstractProtocol.init Initialisation du gestionnaire de protocole ["http-nio-8080"]
05-May-2026 13:29:51.687 INFOS [main] org.apache.catalina.startup.Catalina.load L'initialisation du serveur a pris [389] millisecondes
05-May-2026 13:29:51.739 INFOS [main] org.apache.catalina.core.StandardService.startInternal Démarrage du service [Catalina]
05-May-2026 13:29:51.739 INFOS [main] org.apache.catalina.core.StandardEngine.startInternal Démarrage du moteur de Servlets : [Apache Tomcat/10.1.31]
05-May-2026 13:29:51.756 INFOS [main] org.apache.catalina.startup.HostConfig.deployWAR Déploiement de l'archive [C:\Users\Ahmed Aziz\.gemini\antigravity\scratch\covoiturage\.tools\apache-tomcat-10.1.31\webapps\ROOT.war] de l'application web
05-May-2026 13:29:52.726 INFOS [main] org.apache.catalina.startup.HostConfig.deployWAR Le déploiement de l'archive de l'application web [C:\Users\Ahmed Aziz\.gemini\antigravity\scratch\covoiturage\.tools\apache-tomcat-10.1.31\webapps\ROOT.war] s'est terminé en [966] ms
05-May-2026 13:29:52.726 INFOS [main] org.apache.catalina.startup.HostConfig.deployDirectory Déploiement du répertoire d'application web [C:\Users\Ahmed Aziz\.gemini\antigravity\scratch\covoiturage\.tools\apache-tomcat-10.1.31\webapps\docs]
05-May-2026 13:29:52.762 INFOS [main] org.apache.catalina.startup.HostConfig.deployDirectory Le déploiement du répertoire [C:\Users\Ahmed Aziz\.gemini\antigravity\scratch\covoiturage\.tools\apache-tomcat-10.1.31\webapps\docs] de l'application web s'est terminé en [36] ms
05-May-2026 13:29:52.763 INFOS [main] org.apache.catalina.startup.HostConfig.deployDirectory Déploiement du répertoire d'application web [C:\Users\Ahmed Aziz\.gemini\antigravity\scratch\covoiturage\.tools\apache-tomcat-10.1.31\webapps\examples]
05-May-2026 13:29:53.104 INFOS [main] org.apache.catalina.startup.HostConfig.deployDirectory Le déploiement du répertoire [C:\Users\Ahmed Aziz\.gemini\antigravity\scratch\covoiturage\.tools\apache-tomcat-10.1.31\webapps\examples] de l'application web s'est terminé en [341] ms
05-May-2026 13:29:53.105 INFOS [main] org.apache.catalina.startup.HostConfig.deployDirectory Déploiement du répertoire d'application web [C:\Users\Ahmed Aziz\.gemini\antigravity\scratch\covoiturage\.tools\apache-tomcat-10.1.31\webapps\host-manager]
05-May-2026 13:29:53.144 INFOS [main] org.apache.catalina.startup.HostConfig.deployDirectory Le déploiement du répertoire [C:\Users\Ahmed Aziz\.gemini\antigravity\scratch\covoiturage\.tools\apache-tomcat-10.1.31\webapps\host-manager] de l'application web s'est terminé en [39] ms
05-May-2026 13:29:53.145 INFOS [main] org.apache.catalina.startup.HostConfig.deployDirectory Déploiement du répertoire d'application web [C:\Users\Ahmed Aziz\.gemini\antigravity\scratch\covoiturage\.tools\apache-tomcat-10.1.31\webapps\manager]
05-May-2026 13:29:53.179 INFOS [main] org.apache.catalina.startup.HostConfig.deployDirectory Le déploiement du répertoire [C:\Users\Ahmed Aziz\.gemini\antigravity\scratch\covoiturage\.tools\apache-tomcat-10.1.31\webapps\manager] de l'application web s'est terminé en [34] ms
05-May-2026 13:29:53.184 INFOS [main] org.apache.coyote.AbstractProtocol.start Démarrage du gestionnaire de protocole ["http-nio-8080"]
05-May-2026 13:29:53.204 INFOS [main] org.apache.catalina.startup.Catalina.start Le démarrage du serveur a pris [1515] millisecondes
05-May-2026 13:35:00.758 INFOS [Thread-2] org.apache.coyote.AbstractProtocol.pause Le gestionnaire de protocole ["http-nio-8080"] est mis en pause
05-May-2026 13:35:00.765 INFOS [Thread-2] org.apache.catalina.core.StandardService.stopInternal Arrêt du service [Catalina]
05-May-2026 13:35:00.773 AVERTISSEMENT [Thread-2] org.apache.catalina.loader.WebappClassLoaderBase.clearReferencesJdbc L'application web [ROOT] a enregistré un pilote JDBC [org.h2.Driver], mais ne l'a pas désenregistré avant l'arrêt de l'application.  Pour éviter une fuite de mémoire, le pilote JDBC a été désenregistré de force.
05-May-2026 13:35:00.785 INFOS [Thread-2] org.apache.coyote.AbstractProtocol.stop Arrêt du gestionnaire de protocole ["http-nio-8080"]
05-May-2026 13:35:00.789 INFOS [Thread-2] org.apache.coyote.AbstractProtocol.destroy Destruction du gestionnaire de protocole ["http-nio-8080"]
05-May-2026 13:35:14.056 INFOS [main] org.apache.catalina.startup.VersionLoggerListener.log Nom version serveur :              Apache Tomcat/10.1.31
05-May-2026 13:35:14.060 INFOS [main] org.apache.catalina.startup.VersionLoggerListener.log Serveur compilé :                  Oct 3 2024 19:02:38 UTC
05-May-2026 13:35:14.060 INFOS [main] org.apache.catalina.startup.VersionLoggerListener.log Version du serveur :               10.1.31.0
05-May-2026 13:35:14.060 INFOS [main] org.apache.catalina.startup.VersionLoggerListener.log Nom de l'OS :                      Windows 11
05-May-2026 13:35:14.060 INFOS [main] org.apache.catalina.startup.VersionLoggerListener.log Version OS :                       10.0
05-May-2026 13:35:14.060 INFOS [main] org.apache.catalina.startup.VersionLoggerListener.log Architecture :                     amd64
05-May-2026 13:35:14.061 INFOS [main] org.apache.catalina.startup.VersionLoggerListener.log Java Home :                        C:\Program Files\Eclipse Adoptium\jdk-21.0.10.7-hotspot
05-May-2026 13:35:14.061 INFOS [main] org.apache.catalina.startup.VersionLoggerListener.log Version JVM :                      21.0.10+7-LTS
05-May-2026 13:35:14.061 INFOS [main] org.apache.catalina.startup.VersionLoggerListener.log Fournisseur de la JVM :            Eclipse Adoptium
05-May-2026 13:35:14.061 INFOS [main] org.apache.catalina.startup.VersionLoggerListener.log CATALINA_BASE :                    C:\Users\Ahmed Aziz\.gemini\antigravity\scratch\covoiturage\.tools\apache-tomcat-10.1.31
05-May-2026 13:35:14.061 INFOS [main] org.apache.catalina.startup.VersionLoggerListener.log CATALINA_HOME :                    C:\Users\Ahmed Aziz\.gemini\antigravity\scratch\covoiturage\.tools\apache-tomcat-10.1.31
05-May-2026 13:35:14.068 INFOS [main] org.apache.catalina.startup.VersionLoggerListener.log Argument de la ligne de commande : -Djava.util.logging.config.file=c:\Users\Ahmed Aziz\.gemini\antigravity\scratch\covoiturage\.tools\apache-tomcat-10.1.31\conf\logging.properties
05-May-2026 13:35:14.069 INFOS [main] org.apache.catalina.startup.VersionLoggerListener.log Argument de la ligne de commande : -Djava.util.logging.manager=org.apache.juli.ClassLoaderLogManager
05-May-2026 13:35:14.069 INFOS [main] org.apache.catalina.startup.VersionLoggerListener.log Argument de la ligne de commande : -Djdk.tls.ephemeralDHKeySize=2048
05-May-2026 13:35:14.069 INFOS [main] org.apache.catalina.startup.VersionLoggerListener.log Argument de la ligne de commande : -Djava.protocol.handler.pkgs=org.apache.catalina.webresources
05-May-2026 13:35:14.069 INFOS [main] org.apache.catalina.startup.VersionLoggerListener.log Argument de la ligne de commande : --add-opens=java.base/java.lang=ALL-UNNAMED
05-May-2026 13:35:14.069 INFOS [main] org.apache.catalina.startup.VersionLoggerListener.log Argument de la ligne de commande : --add-opens=java.base/java.io=ALL-UNNAMED
05-May-2026 13:35:14.069 INFOS [main] org.apache.catalina.startup.VersionLoggerListener.log Argument de la ligne de commande : --add-opens=java.base/java.util=ALL-UNNAMED
05-May-2026 13:35:14.070 INFOS [main] org.apache.catalina.startup.VersionLoggerListener.log Argument de la ligne de commande : --add-opens=java.base/java.util.concurrent=ALL-UNNAMED
05-May-2026 13:35:14.070 INFOS [main] org.apache.catalina.startup.VersionLoggerListener.log Argument de la ligne de commande : --add-opens=java.rmi/sun.rmi.transport=ALL-UNNAMED
05-May-2026 13:35:14.070 INFOS [main] org.apache.catalina.startup.VersionLoggerListener.log Argument de la ligne de commande : -Dcatalina.base=c:\Users\Ahmed Aziz\.gemini\antigravity\scratch\covoiturage\.tools\apache-tomcat-10.1.31
05-May-2026 13:35:14.070 INFOS [main] org.apache.catalina.startup.VersionLoggerListener.log Argument de la ligne de commande : -Dcatalina.home=c:\Users\Ahmed Aziz\.gemini\antigravity\scratch\covoiturage\.tools\apache-tomcat-10.1.31
05-May-2026 13:35:14.070 INFOS [main] org.apache.catalina.startup.VersionLoggerListener.log Argument de la ligne de commande : -Djava.io.tmpdir=c:\Users\Ahmed Aziz\.gemini\antigravity\scratch\covoiturage\.tools\apache-tomcat-10.1.31\temp
05-May-2026 13:35:14.072 INFOS [main] org.apache.catalina.core.AprLifecycleListener.lifecycleEvent Chargement de la librairie Apache Tomcat Native [2.0.8] en utilisant APR version [1.7.4]
05-May-2026 13:35:14.076 INFOS [main] org.apache.catalina.core.AprLifecycleListener.initializeSSL OpenSSL a été initialisé avec succès [OpenSSL 3.0.14 4 Jun 2024]
05-May-2026 13:35:14.265 INFOS [main] org.apache.coyote.AbstractProtocol.init Initialisation du gestionnaire de protocole ["http-nio-8080"]
05-May-2026 13:35:14.288 INFOS [main] org.apache.catalina.startup.Catalina.load L'initialisation du serveur a pris [377] millisecondes
05-May-2026 13:35:14.345 INFOS [main] org.apache.catalina.core.StandardService.startInternal Démarrage du service [Catalina]
05-May-2026 13:35:14.346 INFOS [main] org.apache.catalina.core.StandardEngine.startInternal Démarrage du moteur de Servlets : [Apache Tomcat/10.1.31]
05-May-2026 13:35:14.364 INFOS [main] org.apache.catalina.startup.HostConfig.deployWAR Déploiement de l'archive [C:\Users\Ahmed Aziz\.gemini\antigravity\scratch\covoiturage\.tools\apache-tomcat-10.1.31\webapps\ROOT.war] de l'application web
05-May-2026 13:35:15.456 INFOS [main] org.apache.catalina.startup.HostConfig.deployWAR Le déploiement de l'archive de l'application web [C:\Users\Ahmed Aziz\.gemini\antigravity\scratch\covoiturage\.tools\apache-tomcat-10.1.31\webapps\ROOT.war] s'est terminé en [1 090] ms
05-May-2026 13:35:15.457 INFOS [main] org.apache.catalina.startup.HostConfig.deployDirectory Déploiement du répertoire d'application web [C:\Users\Ahmed Aziz\.gemini\antigravity\scratch\covoiturage\.tools\apache-tomcat-10.1.31\webapps\docs]
05-May-2026 13:35:15.496 INFOS [main] org.apache.catalina.startup.HostConfig.deployDirectory Le déploiement du répertoire [C:\Users\Ahmed Aziz\.gemini\antigravity\scratch\covoiturage\.tools\apache-tomcat-10.1.31\webapps\docs] de l'application web s'est terminé en [40] ms
05-May-2026 13:35:15.496 INFOS [main] org.apache.catalina.startup.HostConfig.deployDirectory Déploiement du répertoire d'application web [C:\Users\Ahmed Aziz\.gemini\antigravity\scratch\covoiturage\.tools\apache-tomcat-10.1.31\webapps\examples]
05-May-2026 13:35:15.836 INFOS [main] org.apache.catalina.startup.HostConfig.deployDirectory Le déploiement du répertoire [C:\Users\Ahmed Aziz\.gemini\antigravity\scratch\covoiturage\.tools\apache-tomcat-10.1.31\webapps\examples] de l'application web s'est terminé en [340] ms
05-May-2026 13:35:15.837 INFOS [main] org.apache.catalina.startup.HostConfig.deployDirectory Déploiement du répertoire d'application web [C:\Users\Ahmed Aziz\.gemini\antigravity\scratch\covoiturage\.tools\apache-tomcat-10.1.31\webapps\host-manager]
05-May-2026 13:35:15.874 INFOS [main] org.apache.catalina.startup.HostConfig.deployDirectory Le déploiement du répertoire [C:\Users\Ahmed Aziz\.gemini\antigravity\scratch\covoiturage\.tools\apache-tomcat-10.1.31\webapps\host-manager] de l'application web s'est terminé en [37] ms
05-May-2026 13:35:15.875 INFOS [main] org.apache.catalina.startup.HostConfig.deployDirectory Déploiement du répertoire d'application web [C:\Users\Ahmed Aziz\.gemini\antigravity\scratch\covoiturage\.tools\apache-tomcat-10.1.31\webapps\manager]
05-May-2026 13:35:15.909 INFOS [main] org.apache.catalina.startup.HostConfig.deployDirectory Le déploiement du répertoire [C:\Users\Ahmed Aziz\.gemini\antigravity\scratch\covoiturage\.tools\apache-tomcat-10.1.31\webapps\manager] de l'application web s'est terminé en [34] ms
05-May-2026 13:35:15.913 INFOS [main] org.apache.coyote.AbstractProtocol.start Démarrage du gestionnaire de protocole ["http-nio-8080"]
05-May-2026 13:35:15.932 INFOS [main] org.apache.catalina.startup.Catalina.start Le démarrage du serveur a pris [1641] millisecondes
05-May-2026 13:37:26.619 INFOS [Thread-2] org.apache.coyote.AbstractProtocol.pause Le gestionnaire de protocole ["http-nio-8080"] est mis en pause
05-May-2026 13:37:26.624 INFOS [Thread-2] org.apache.catalina.core.StandardService.stopInternal Arrêt du service [Catalina]
05-May-2026 13:37:26.629 AVERTISSEMENT [Thread-2] org.apache.catalina.loader.WebappClassLoaderBase.clearReferencesJdbc L'application web [ROOT] a enregistré un pilote JDBC [org.h2.Driver], mais ne l'a pas désenregistré avant l'arrêt de l'application.  Pour éviter une fuite de mémoire, le pilote JDBC a été désenregistré de force.
05-May-2026 13:37:26.645 INFOS [Thread-2] org.apache.coyote.AbstractProtocol.stop Arrêt du gestionnaire de protocole ["http-nio-8080"]
05-May-2026 13:37:26.649 INFOS [Thread-2] org.apache.coyote.AbstractProtocol.destroy Destruction du gestionnaire de protocole ["http-nio-8080"]
05-May-2026 15:11:26.141 INFOS [main] org.apache.catalina.startup.VersionLoggerListener.log Nom version serveur :              Apache Tomcat/10.1.31
05-May-2026 15:11:26.150 INFOS [main] org.apache.catalina.startup.VersionLoggerListener.log Serveur compilé :                  Oct 3 2024 19:02:38 UTC
05-May-2026 15:11:26.151 INFOS [main] org.apache.catalina.startup.VersionLoggerListener.log Version du serveur :               10.1.31.0
05-May-2026 15:11:26.151 INFOS [main] org.apache.catalina.startup.VersionLoggerListener.log Nom de l'OS :                      Windows 11
05-May-2026 15:11:26.153 INFOS [main] org.apache.catalina.startup.VersionLoggerListener.log Version OS :                       10.0
05-May-2026 15:11:26.153 INFOS [main] org.apache.catalina.startup.VersionLoggerListener.log Architecture :                     amd64
05-May-2026 15:11:26.153 INFOS [main] org.apache.catalina.startup.VersionLoggerListener.log Java Home :                        C:\Program Files\Eclipse Adoptium\jdk-21.0.10.7-hotspot
05-May-2026 15:11:26.153 INFOS [main] org.apache.catalina.startup.VersionLoggerListener.log Version JVM :                      21.0.10+7-LTS
05-May-2026 15:11:26.154 INFOS [main] org.apache.catalina.startup.VersionLoggerListener.log Fournisseur de la JVM :            Eclipse Adoptium
05-May-2026 15:11:26.154 INFOS [main] org.apache.catalina.startup.VersionLoggerListener.log CATALINA_BASE :                    C:\Users\Ahmed Aziz\.gemini\antigravity\scratch\covoiturage\.tools\apache-tomcat-10.1.31
05-May-2026 15:11:26.155 INFOS [main] org.apache.catalina.startup.VersionLoggerListener.log CATALINA_HOME :                    C:\Users\Ahmed Aziz\.gemini\antigravity\scratch\covoiturage\.tools\apache-tomcat-10.1.31
05-May-2026 15:11:26.177 INFOS [main] org.apache.catalina.startup.VersionLoggerListener.log Argument de la ligne de commande : -Djava.util.logging.config.file=c:\Users\Ahmed Aziz\.gemini\antigravity\scratch\covoiturage\.tools\apache-tomcat-10.1.31\conf\logging.properties
05-May-2026 15:11:26.177 INFOS [main] org.apache.catalina.startup.VersionLoggerListener.log Argument de la ligne de commande : -Djava.util.logging.manager=org.apache.juli.ClassLoaderLogManager
05-May-2026 15:11:26.178 INFOS [main] org.apache.catalina.startup.VersionLoggerListener.log Argument de la ligne de commande : -Djdk.tls.ephemeralDHKeySize=2048
05-May-2026 15:11:26.178 INFOS [main] org.apache.catalina.startup.VersionLoggerListener.log Argument de la ligne de commande : -Djava.protocol.handler.pkgs=org.apache.catalina.webresources
05-May-2026 15:11:26.178 INFOS [main] org.apache.catalina.startup.VersionLoggerListener.log Argument de la ligne de commande : --add-opens=java.base/java.lang=ALL-UNNAMED
05-May-2026 15:11:26.179 INFOS [main] org.apache.catalina.startup.VersionLoggerListener.log Argument de la ligne de commande : --add-opens=java.base/java.io=ALL-UNNAMED
05-May-2026 15:11:26.179 INFOS [main] org.apache.catalina.startup.VersionLoggerListener.log Argument de la ligne de commande : --add-opens=java.base/java.util=ALL-UNNAMED
05-May-2026 15:11:26.179 INFOS [main] org.apache.catalina.startup.VersionLoggerListener.log Argument de la ligne de commande : --add-opens=java.base/java.util.concurrent=ALL-UNNAMED
05-May-2026 15:11:26.180 INFOS [main] org.apache.catalina.startup.VersionLoggerListener.log Argument de la ligne de commande : --add-opens=java.rmi/sun.rmi.transport=ALL-UNNAMED
05-May-2026 15:11:26.180 INFOS [main] org.apache.catalina.startup.VersionLoggerListener.log Argument de la ligne de commande : -Dcatalina.base=c:\Users\Ahmed Aziz\.gemini\antigravity\scratch\covoiturage\.tools\apache-tomcat-10.1.31
05-May-2026 15:11:26.180 INFOS [main] org.apache.catalina.startup.VersionLoggerListener.log Argument de la ligne de commande : -Dcatalina.home=c:\Users\Ahmed Aziz\.gemini\antigravity\scratch\covoiturage\.tools\apache-tomcat-10.1.31
05-May-2026 15:11:26.180 INFOS [main] org.apache.catalina.startup.VersionLoggerListener.log Argument de la ligne de commande : -Djava.io.tmpdir=c:\Users\Ahmed Aziz\.gemini\antigravity\scratch\covoiturage\.tools\apache-tomcat-10.1.31\temp
05-May-2026 15:11:26.188 INFOS [main] org.apache.catalina.core.AprLifecycleListener.lifecycleEvent Chargement de la librairie Apache Tomcat Native [2.0.8] en utilisant APR version [1.7.4]
05-May-2026 15:11:26.214 INFOS [main] org.apache.catalina.core.AprLifecycleListener.initializeSSL OpenSSL a été initialisé avec succès [OpenSSL 3.0.14 4 Jun 2024]
05-May-2026 15:11:26.591 INFOS [main] org.apache.coyote.AbstractProtocol.init Initialisation du gestionnaire de protocole ["http-nio-8080"]
05-May-2026 15:11:26.636 INFOS [main] org.apache.catalina.startup.Catalina.load L'initialisation du serveur a pris [834] millisecondes
05-May-2026 15:11:26.745 INFOS [main] org.apache.catalina.core.StandardService.startInternal Démarrage du service [Catalina]
05-May-2026 15:11:26.745 INFOS [main] org.apache.catalina.core.StandardEngine.startInternal Démarrage du moteur de Servlets : [Apache Tomcat/10.1.31]
05-May-2026 15:11:26.783 INFOS [main] org.apache.catalina.startup.HostConfig.deployWAR Déploiement de l'archive [C:\Users\Ahmed Aziz\.gemini\antigravity\scratch\covoiturage\.tools\apache-tomcat-10.1.31\webapps\ROOT.war] de l'application web
05-May-2026 15:11:28.500 INFOS [main] org.apache.catalina.startup.HostConfig.deployWAR Le déploiement de l'archive de l'application web [C:\Users\Ahmed Aziz\.gemini\antigravity\scratch\covoiturage\.tools\apache-tomcat-10.1.31\webapps\ROOT.war] s'est terminé en [1 714] ms
05-May-2026 15:11:28.502 INFOS [main] org.apache.catalina.startup.HostConfig.deployDirectory Déploiement du répertoire d'application web [C:\Users\Ahmed Aziz\.gemini\antigravity\scratch\covoiturage\.tools\apache-tomcat-10.1.31\webapps\docs]
05-May-2026 15:11:28.557 INFOS [main] org.apache.catalina.startup.HostConfig.deployDirectory Le déploiement du répertoire [C:\Users\Ahmed Aziz\.gemini\antigravity\scratch\covoiturage\.tools\apache-tomcat-10.1.31\webapps\docs] de l'application web s'est terminé en [55] ms
05-May-2026 15:11:28.558 INFOS [main] org.apache.catalina.startup.HostConfig.deployDirectory Déploiement du répertoire d'application web [C:\Users\Ahmed Aziz\.gemini\antigravity\scratch\covoiturage\.tools\apache-tomcat-10.1.31\webapps\examples]
05-May-2026 15:11:29.140 INFOS [main] org.apache.catalina.startup.HostConfig.deployDirectory Le déploiement du répertoire [C:\Users\Ahmed Aziz\.gemini\antigravity\scratch\covoiturage\.tools\apache-tomcat-10.1.31\webapps\examples] de l'application web s'est terminé en [581] ms
05-May-2026 15:11:29.142 INFOS [main] org.apache.catalina.startup.HostConfig.deployDirectory Déploiement du répertoire d'application web [C:\Users\Ahmed Aziz\.gemini\antigravity\scratch\covoiturage\.tools\apache-tomcat-10.1.31\webapps\host-manager]
05-May-2026 15:11:29.205 INFOS [main] org.apache.catalina.startup.HostConfig.deployDirectory Le déploiement du répertoire [C:\Users\Ahmed Aziz\.gemini\antigravity\scratch\covoiturage\.tools\apache-tomcat-10.1.31\webapps\host-manager] de l'application web s'est terminé en [63] ms
05-May-2026 15:11:29.206 INFOS [main] org.apache.catalina.startup.HostConfig.deployDirectory Déploiement du répertoire d'application web [C:\Users\Ahmed Aziz\.gemini\antigravity\scratch\covoiturage\.tools\apache-tomcat-10.1.31\webapps\manager]
05-May-2026 15:11:29.272 INFOS [main] org.apache.catalina.startup.HostConfig.deployDirectory Le déploiement du répertoire [C:\Users\Ahmed Aziz\.gemini\antigravity\scratch\covoiturage\.tools\apache-tomcat-10.1.31\webapps\manager] de l'application web s'est terminé en [66] ms
05-May-2026 15:11:29.284 INFOS [main] org.apache.coyote.AbstractProtocol.start Démarrage du gestionnaire de protocole ["http-nio-8080"]
05-May-2026 15:11:29.321 INFOS [main] org.apache.catalina.startup.Catalina.start Le démarrage du serveur a pris [2683] millisecondes
05-May-2026 16:24:02.963 INFOS [main] org.apache.catalina.startup.VersionLoggerListener.log Nom version serveur :              Apache Tomcat/10.1.31
05-May-2026 16:24:02.970 INFOS [main] org.apache.catalina.startup.VersionLoggerListener.log Serveur compilé :                  Oct 3 2024 19:02:38 UTC
05-May-2026 16:24:02.970 INFOS [main] org.apache.catalina.startup.VersionLoggerListener.log Version du serveur :               10.1.31.0
05-May-2026 16:24:02.971 INFOS [main] org.apache.catalina.startup.VersionLoggerListener.log Nom de l'OS :                      Windows 11
05-May-2026 16:24:02.971 INFOS [main] org.apache.catalina.startup.VersionLoggerListener.log Version OS :                       10.0
05-May-2026 16:24:02.971 INFOS [main] org.apache.catalina.startup.VersionLoggerListener.log Architecture :                     amd64
05-May-2026 16:24:02.971 INFOS [main] org.apache.catalina.startup.VersionLoggerListener.log Java Home :                        C:\Program Files\Eclipse Adoptium\jdk-21.0.10.7-hotspot
05-May-2026 16:24:02.972 INFOS [main] org.apache.catalina.startup.VersionLoggerListener.log Version JVM :                      21.0.10+7-LTS
05-May-2026 16:24:02.972 INFOS [main] org.apache.catalina.startup.VersionLoggerListener.log Fournisseur de la JVM :            Eclipse Adoptium
05-May-2026 16:24:02.972 INFOS [main] org.apache.catalina.startup.VersionLoggerListener.log CATALINA_BASE :                    C:\Users\Ahmed Aziz\.gemini\antigravity\scratch\covoiturage\.tools\apache-tomcat-10.1.31
05-May-2026 16:24:02.972 INFOS [main] org.apache.catalina.startup.VersionLoggerListener.log CATALINA_HOME :                    C:\Users\Ahmed Aziz\.gemini\antigravity\scratch\covoiturage\.tools\apache-tomcat-10.1.31
05-May-2026 16:24:02.987 INFOS [main] org.apache.catalina.startup.VersionLoggerListener.log Argument de la ligne de commande : -Djava.util.logging.config.file=c:\Users\Ahmed Aziz\.gemini\antigravity\scratch\covoiturage\.tools\apache-tomcat-10.1.31\conf\logging.properties
05-May-2026 16:24:02.987 INFOS [main] org.apache.catalina.startup.VersionLoggerListener.log Argument de la ligne de commande : -Djava.util.logging.manager=org.apache.juli.ClassLoaderLogManager
05-May-2026 16:24:02.988 INFOS [main] org.apache.catalina.startup.VersionLoggerListener.log Argument de la ligne de commande : -Djdk.tls.ephemeralDHKeySize=2048
05-May-2026 16:24:02.988 INFOS [main] org.apache.catalina.startup.VersionLoggerListener.log Argument de la ligne de commande : -Djava.protocol.handler.pkgs=org.apache.catalina.webresources
05-May-2026 16:24:02.988 INFOS [main] org.apache.catalina.startup.VersionLoggerListener.log Argument de la ligne de commande : --add-opens=java.base/java.lang=ALL-UNNAMED
05-May-2026 16:24:02.988 INFOS [main] org.apache.catalina.startup.VersionLoggerListener.log Argument de la ligne de commande : --add-opens=java.base/java.io=ALL-UNNAMED
05-May-2026 16:24:02.989 INFOS [main] org.apache.catalina.startup.VersionLoggerListener.log Argument de la ligne de commande : --add-opens=java.base/java.util=ALL-UNNAMED
05-May-2026 16:24:02.989 INFOS [main] org.apache.catalina.startup.VersionLoggerListener.log Argument de la ligne de commande : --add-opens=java.base/java.util.concurrent=ALL-UNNAMED
05-May-2026 16:24:02.989 INFOS [main] org.apache.catalina.startup.VersionLoggerListener.log Argument de la ligne de commande : --add-opens=java.rmi/sun.rmi.transport=ALL-UNNAMED
05-May-2026 16:24:02.989 INFOS [main] org.apache.catalina.startup.VersionLoggerListener.log Argument de la ligne de commande : -Dcatalina.base=c:\Users\Ahmed Aziz\.gemini\antigravity\scratch\covoiturage\.tools\apache-tomcat-10.1.31
05-May-2026 16:24:02.989 INFOS [main] org.apache.catalina.startup.VersionLoggerListener.log Argument de la ligne de commande : -Dcatalina.home=c:\Users\Ahmed Aziz\.gemini\antigravity\scratch\covoiturage\.tools\apache-tomcat-10.1.31
05-May-2026 16:24:02.989 INFOS [main] org.apache.catalina.startup.VersionLoggerListener.log Argument de la ligne de commande : -Djava.io.tmpdir=c:\Users\Ahmed Aziz\.gemini\antigravity\scratch\covoiturage\.tools\apache-tomcat-10.1.31\temp
05-May-2026 16:24:02.993 INFOS [main] org.apache.catalina.core.AprLifecycleListener.lifecycleEvent Chargement de la librairie Apache Tomcat Native [2.0.8] en utilisant APR version [1.7.4]
05-May-2026 16:24:03.000 INFOS [main] org.apache.catalina.core.AprLifecycleListener.initializeSSL OpenSSL a été initialisé avec succès [OpenSSL 3.0.14 4 Jun 2024]
05-May-2026 16:24:03.327 INFOS [main] org.apache.coyote.AbstractProtocol.init Initialisation du gestionnaire de protocole ["http-nio-8080"]
05-May-2026 16:24:03.357 INFOS [main] org.apache.catalina.startup.Catalina.load L'initialisation du serveur a pris [660] millisecondes
05-May-2026 16:24:03.429 INFOS [main] org.apache.catalina.core.StandardService.startInternal Démarrage du service [Catalina]
05-May-2026 16:24:03.429 INFOS [main] org.apache.catalina.core.StandardEngine.startInternal Démarrage du moteur de Servlets : [Apache Tomcat/10.1.31]
05-May-2026 16:24:03.448 INFOS [main] org.apache.catalina.startup.HostConfig.deployWAR Déploiement de l'archive [C:\Users\Ahmed Aziz\.gemini\antigravity\scratch\covoiturage\.tools\apache-tomcat-10.1.31\webapps\ROOT.war] de l'application web
05-May-2026 16:24:04.681 INFOS [main] org.apache.catalina.startup.HostConfig.deployWAR Le déploiement de l'archive de l'application web [C:\Users\Ahmed Aziz\.gemini\antigravity\scratch\covoiturage\.tools\apache-tomcat-10.1.31\webapps\ROOT.war] s'est terminé en [1 226] ms
05-May-2026 16:24:04.684 INFOS [main] org.apache.catalina.startup.HostConfig.deployDirectory Déploiement du répertoire d'application web [C:\Users\Ahmed Aziz\.gemini\antigravity\scratch\covoiturage\.tools\apache-tomcat-10.1.31\webapps\docs]
05-May-2026 16:24:04.732 INFOS [main] org.apache.catalina.startup.HostConfig.deployDirectory Le déploiement du répertoire [C:\Users\Ahmed Aziz\.gemini\antigravity\scratch\covoiturage\.tools\apache-tomcat-10.1.31\webapps\docs] de l'application web s'est terminé en [48] ms
05-May-2026 16:24:04.733 INFOS [main] org.apache.catalina.startup.HostConfig.deployDirectory Déploiement du répertoire d'application web [C:\Users\Ahmed Aziz\.gemini\antigravity\scratch\covoiturage\.tools\apache-tomcat-10.1.31\webapps\examples]
05-May-2026 16:24:05.254 INFOS [main] org.apache.catalina.startup.HostConfig.deployDirectory Le déploiement du répertoire [C:\Users\Ahmed Aziz\.gemini\antigravity\scratch\covoiturage\.tools\apache-tomcat-10.1.31\webapps\examples] de l'application web s'est terminé en [521] ms
05-May-2026 16:24:05.255 INFOS [main] org.apache.catalina.startup.HostConfig.deployDirectory Déploiement du répertoire d'application web [C:\Users\Ahmed Aziz\.gemini\antigravity\scratch\covoiturage\.tools\apache-tomcat-10.1.31\webapps\host-manager]
05-May-2026 16:24:05.303 INFOS [main] org.apache.catalina.startup.HostConfig.deployDirectory Le déploiement du répertoire [C:\Users\Ahmed Aziz\.gemini\antigravity\scratch\covoiturage\.tools\apache-tomcat-10.1.31\webapps\host-manager] de l'application web s'est terminé en [47] ms
05-May-2026 16:24:05.305 INFOS [main] org.apache.catalina.startup.HostConfig.deployDirectory Déploiement du répertoire d'application web [C:\Users\Ahmed Aziz\.gemini\antigravity\scratch\covoiturage\.tools\apache-tomcat-10.1.31\webapps\manager]
05-May-2026 16:24:05.348 INFOS [main] org.apache.catalina.startup.HostConfig.deployDirectory Le déploiement du répertoire [C:\Users\Ahmed Aziz\.gemini\antigravity\scratch\covoiturage\.tools\apache-tomcat-10.1.31\webapps\manager] de l'application web s'est terminé en [43] ms
05-May-2026 16:24:05.354 INFOS [main] org.apache.coyote.AbstractProtocol.start Démarrage du gestionnaire de protocole ["http-nio-8080"]
05-May-2026 16:24:05.387 INFOS [main] org.apache.catalina.startup.Catalina.start Le démarrage du serveur a pris [2025] millisecondes
05-May-2026 16:50:57.759 INFOS [Thread-2] org.apache.coyote.AbstractProtocol.pause Le gestionnaire de protocole ["http-nio-8080"] est mis en pause
05-May-2026 16:50:57.766 INFOS [Thread-2] org.apache.catalina.core.StandardService.stopInternal Arrêt du service [Catalina]
05-May-2026 16:50:57.771 AVERTISSEMENT [Thread-2] org.apache.catalina.loader.WebappClassLoaderBase.clearReferencesJdbc L'application web [ROOT] a enregistré un pilote JDBC [org.h2.Driver], mais ne l'a pas désenregistré avant l'arrêt de l'application.  Pour éviter une fuite de mémoire, le pilote JDBC a été désenregistré de force.
05-May-2026 16:50:57.793 INFOS [Thread-2] org.apache.coyote.AbstractProtocol.stop Arrêt du gestionnaire de protocole ["http-nio-8080"]
05-May-2026 16:50:57.803 INFOS [Thread-2] org.apache.coyote.AbstractProtocol.destroy Destruction du gestionnaire de protocole ["http-nio-8080"]
05-May-2026 16:51:23.328 INFOS [main] org.apache.catalina.startup.VersionLoggerListener.log Nom version serveur :              Apache Tomcat/10.1.31
05-May-2026 16:51:23.335 INFOS [main] org.apache.catalina.startup.VersionLoggerListener.log Serveur compilé :                  Oct 3 2024 19:02:38 UTC
05-May-2026 16:51:23.336 INFOS [main] org.apache.catalina.startup.VersionLoggerListener.log Version du serveur :               10.1.31.0
05-May-2026 16:51:23.336 INFOS [main] org.apache.catalina.startup.VersionLoggerListener.log Nom de l'OS :                      Windows 11
05-May-2026 16:51:23.336 INFOS [main] org.apache.catalina.startup.VersionLoggerListener.log Version OS :                       10.0
05-May-2026 16:51:23.336 INFOS [main] org.apache.catalina.startup.VersionLoggerListener.log Architecture :                     amd64
05-May-2026 16:51:23.336 INFOS [main] org.apache.catalina.startup.VersionLoggerListener.log Java Home :                        C:\Program Files\Eclipse Adoptium\jdk-21.0.10.7-hotspot
05-May-2026 16:51:23.336 INFOS [main] org.apache.catalina.startup.VersionLoggerListener.log Version JVM :                      21.0.10+7-LTS
05-May-2026 16:51:23.337 INFOS [main] org.apache.catalina.startup.VersionLoggerListener.log Fournisseur de la JVM :            Eclipse Adoptium
05-May-2026 16:51:23.337 INFOS [main] org.apache.catalina.startup.VersionLoggerListener.log CATALINA_BASE :                    C:\Users\Ahmed Aziz\.gemini\antigravity\scratch\covoiturage\.tools\apache-tomcat-10.1.31
05-May-2026 16:51:23.337 INFOS [main] org.apache.catalina.startup.VersionLoggerListener.log CATALINA_HOME :                    C:\Users\Ahmed Aziz\.gemini\antigravity\scratch\covoiturage\.tools\apache-tomcat-10.1.31
05-May-2026 16:51:23.345 INFOS [main] org.apache.catalina.startup.VersionLoggerListener.log Argument de la ligne de commande : -Djava.util.logging.config.file=c:\Users\Ahmed Aziz\.gemini\antigravity\scratch\covoiturage\.tools\apache-tomcat-10.1.31\conf\logging.properties
05-May-2026 16:51:23.346 INFOS [main] org.apache.catalina.startup.VersionLoggerListener.log Argument de la ligne de commande : -Djava.util.logging.manager=org.apache.juli.ClassLoaderLogManager
05-May-2026 16:51:23.346 INFOS [main] org.apache.catalina.startup.VersionLoggerListener.log Argument de la ligne de commande : -Djdk.tls.ephemeralDHKeySize=2048
05-May-2026 16:51:23.346 INFOS [main] org.apache.catalina.startup.VersionLoggerListener.log Argument de la ligne de commande : -Djava.protocol.handler.pkgs=org.apache.catalina.webresources
05-May-2026 16:51:23.346 INFOS [main] org.apache.catalina.startup.VersionLoggerListener.log Argument de la ligne de commande : --add-opens=java.base/java.lang=ALL-UNNAMED
05-May-2026 16:51:23.347 INFOS [main] org.apache.catalina.startup.VersionLoggerListener.log Argument de la ligne de commande : --add-opens=java.base/java.io=ALL-UNNAMED
05-May-2026 16:51:23.347 INFOS [main] org.apache.catalina.startup.VersionLoggerListener.log Argument de la ligne de commande : --add-opens=java.base/java.util=ALL-UNNAMED
05-May-2026 16:51:23.347 INFOS [main] org.apache.catalina.startup.VersionLoggerListener.log Argument de la ligne de commande : --add-opens=java.base/java.util.concurrent=ALL-UNNAMED
05-May-2026 16:51:23.347 INFOS [main] org.apache.catalina.startup.VersionLoggerListener.log Argument de la ligne de commande : --add-opens=java.rmi/sun.rmi.transport=ALL-UNNAMED
05-May-2026 16:51:23.347 INFOS [main] org.apache.catalina.startup.VersionLoggerListener.log Argument de la ligne de commande : -Dcatalina.base=c:\Users\Ahmed Aziz\.gemini\antigravity\scratch\covoiturage\.tools\apache-tomcat-10.1.31
05-May-2026 16:51:23.349 INFOS [main] org.apache.catalina.startup.VersionLoggerListener.log Argument de la ligne de commande : -Dcatalina.home=c:\Users\Ahmed Aziz\.gemini\antigravity\scratch\covoiturage\.tools\apache-tomcat-10.1.31
05-May-2026 16:51:23.349 INFOS [main] org.apache.catalina.startup.VersionLoggerListener.log Argument de la ligne de commande : -Djava.io.tmpdir=c:\Users\Ahmed Aziz\.gemini\antigravity\scratch\covoiturage\.tools\apache-tomcat-10.1.31\temp
05-May-2026 16:51:23.352 INFOS [main] org.apache.catalina.core.AprLifecycleListener.lifecycleEvent Chargement de la librairie Apache Tomcat Native [2.0.8] en utilisant APR version [1.7.4]
05-May-2026 16:51:23.358 INFOS [main] org.apache.catalina.core.AprLifecycleListener.initializeSSL OpenSSL a été initialisé avec succès [OpenSSL 3.0.14 4 Jun 2024]
05-May-2026 16:51:23.611 INFOS [main] org.apache.coyote.AbstractProtocol.init Initialisation du gestionnaire de protocole ["http-nio-8080"]
05-May-2026 16:51:23.640 INFOS [main] org.apache.catalina.startup.Catalina.load L'initialisation du serveur a pris [533] millisecondes
05-May-2026 16:51:23.727 INFOS [main] org.apache.catalina.core.StandardService.startInternal Démarrage du service [Catalina]
05-May-2026 16:51:23.727 INFOS [main] org.apache.catalina.core.StandardEngine.startInternal Démarrage du moteur de Servlets : [Apache Tomcat/10.1.31]
05-May-2026 16:51:23.751 INFOS [main] org.apache.catalina.startup.HostConfig.deployWAR Déploiement de l'archive [C:\Users\Ahmed Aziz\.gemini\antigravity\scratch\covoiturage\.tools\apache-tomcat-10.1.31\webapps\ROOT.war] de l'application web
05-May-2026 16:51:24.983 INFOS [main] org.apache.catalina.startup.HostConfig.deployWAR Le déploiement de l'archive de l'application web [C:\Users\Ahmed Aziz\.gemini\antigravity\scratch\covoiturage\.tools\apache-tomcat-10.1.31\webapps\ROOT.war] s'est terminé en [1 229] ms
05-May-2026 16:51:24.984 INFOS [main] org.apache.catalina.startup.HostConfig.deployDirectory Déploiement du répertoire d'application web [C:\Users\Ahmed Aziz\.gemini\antigravity\scratch\covoiturage\.tools\apache-tomcat-10.1.31\webapps\docs]
05-May-2026 16:51:25.022 INFOS [main] org.apache.catalina.startup.HostConfig.deployDirectory Le déploiement du répertoire [C:\Users\Ahmed Aziz\.gemini\antigravity\scratch\covoiturage\.tools\apache-tomcat-10.1.31\webapps\docs] de l'application web s'est terminé en [38] ms
05-May-2026 16:51:25.023 INFOS [main] org.apache.catalina.startup.HostConfig.deployDirectory Déploiement du répertoire d'application web [C:\Users\Ahmed Aziz\.gemini\antigravity\scratch\covoiturage\.tools\apache-tomcat-10.1.31\webapps\examples]
05-May-2026 16:51:25.487 INFOS [main] org.apache.catalina.startup.HostConfig.deployDirectory Le déploiement du répertoire [C:\Users\Ahmed Aziz\.gemini\antigravity\scratch\covoiturage\.tools\apache-tomcat-10.1.31\webapps\examples] de l'application web s'est terminé en [463] ms
05-May-2026 16:51:25.487 INFOS [main] org.apache.catalina.startup.HostConfig.deployDirectory Déploiement du répertoire d'application web [C:\Users\Ahmed Aziz\.gemini\antigravity\scratch\covoiturage\.tools\apache-tomcat-10.1.31\webapps\host-manager]
05-May-2026 16:51:25.547 INFOS [main] org.apache.catalina.startup.HostConfig.deployDirectory Le déploiement du répertoire [C:\Users\Ahmed Aziz\.gemini\antigravity\scratch\covoiturage\.tools\apache-tomcat-10.1.31\webapps\host-manager] de l'application web s'est terminé en [60] ms
05-May-2026 16:51:25.549 INFOS [main] org.apache.catalina.startup.HostConfig.deployDirectory Déploiement du répertoire d'application web [C:\Users\Ahmed Aziz\.gemini\antigravity\scratch\covoiturage\.tools\apache-tomcat-10.1.31\webapps\manager]
05-May-2026 16:51:25.590 INFOS [main] org.apache.catalina.startup.HostConfig.deployDirectory Le déploiement du répertoire [C:\Users\Ahmed Aziz\.gemini\antigravity\scratch\covoiturage\.tools\apache-tomcat-10.1.31\webapps\manager] de l'application web s'est terminé en [41] ms
05-May-2026 16:51:25.597 INFOS [main] org.apache.coyote.AbstractProtocol.start Démarrage du gestionnaire de protocole ["http-nio-8080"]
05-May-2026 16:51:25.630 INFOS [main] org.apache.catalina.startup.Catalina.start Le démarrage du serveur a pris [1987] millisecondes
05-May-2026 17:17:21.972 INFOS [main] org.apache.catalina.startup.VersionLoggerListener.log Nom version serveur :              Apache Tomcat/10.1.31
05-May-2026 17:17:21.980 INFOS [main] org.apache.catalina.startup.VersionLoggerListener.log Serveur compilé :                  Oct 3 2024 19:02:38 UTC
05-May-2026 17:17:21.980 INFOS [main] org.apache.catalina.startup.VersionLoggerListener.log Version du serveur :               10.1.31.0
05-May-2026 17:17:21.981 INFOS [main] org.apache.catalina.startup.VersionLoggerListener.log Nom de l'OS :                      Windows 11
05-May-2026 17:17:21.981 INFOS [main] org.apache.catalina.startup.VersionLoggerListener.log Version OS :                       10.0
05-May-2026 17:17:21.981 INFOS [main] org.apache.catalina.startup.VersionLoggerListener.log Architecture :                     amd64
05-May-2026 17:17:21.981 INFOS [main] org.apache.catalina.startup.VersionLoggerListener.log Java Home :                        C:\Program Files\Eclipse Adoptium\jdk-21.0.10.7-hotspot
05-May-2026 17:17:21.981 INFOS [main] org.apache.catalina.startup.VersionLoggerListener.log Version JVM :                      21.0.10+7-LTS
05-May-2026 17:17:21.981 INFOS [main] org.apache.catalina.startup.VersionLoggerListener.log Fournisseur de la JVM :            Eclipse Adoptium
05-May-2026 17:17:21.982 INFOS [main] org.apache.catalina.startup.VersionLoggerListener.log CATALINA_BASE :                    C:\Users\Ahmed Aziz\.gemini\antigravity\scratch\covoiturage\.tools\apache-tomcat-10.1.31
05-May-2026 17:17:21.982 INFOS [main] org.apache.catalina.startup.VersionLoggerListener.log CATALINA_HOME :                    C:\Users\Ahmed Aziz\.gemini\antigravity\scratch\covoiturage\.tools\apache-tomcat-10.1.31
05-May-2026 17:17:22.001 INFOS [main] org.apache.catalina.startup.VersionLoggerListener.log Argument de la ligne de commande : -Djava.util.logging.config.file=C:\Users\Ahmed Aziz\.gemini\antigravity\scratch\covoiturage\.tools\apache-tomcat-10.1.31\conf\logging.properties
05-May-2026 17:17:22.002 INFOS [main] org.apache.catalina.startup.VersionLoggerListener.log Argument de la ligne de commande : -Djava.util.logging.manager=org.apache.juli.ClassLoaderLogManager
05-May-2026 17:17:22.002 INFOS [main] org.apache.catalina.startup.VersionLoggerListener.log Argument de la ligne de commande : -Djdk.tls.ephemeralDHKeySize=2048
05-May-2026 17:17:22.002 INFOS [main] org.apache.catalina.startup.VersionLoggerListener.log Argument de la ligne de commande : -Djava.protocol.handler.pkgs=org.apache.catalina.webresources
05-May-2026 17:17:22.002 INFOS [main] org.apache.catalina.startup.VersionLoggerListener.log Argument de la ligne de commande : --add-opens=java.base/java.lang=ALL-UNNAMED
05-May-2026 17:17:22.003 INFOS [main] org.apache.catalina.startup.VersionLoggerListener.log Argument de la ligne de commande : --add-opens=java.base/java.io=ALL-UNNAMED
05-May-2026 17:17:22.003 INFOS [main] org.apache.catalina.startup.VersionLoggerListener.log Argument de la ligne de commande : --add-opens=java.base/java.util=ALL-UNNAMED
05-May-2026 17:17:22.003 INFOS [main] org.apache.catalina.startup.VersionLoggerListener.log Argument de la ligne de commande : --add-opens=java.base/java.util.concurrent=ALL-UNNAMED
05-May-2026 17:17:22.003 INFOS [main] org.apache.catalina.startup.VersionLoggerListener.log Argument de la ligne de commande : --add-opens=java.rmi/sun.rmi.transport=ALL-UNNAMED
05-May-2026 17:17:22.004 INFOS [main] org.apache.catalina.startup.VersionLoggerListener.log Argument de la ligne de commande : -Dcatalina.base=C:\Users\Ahmed Aziz\.gemini\antigravity\scratch\covoiturage\.tools\apache-tomcat-10.1.31
05-May-2026 17:17:22.004 INFOS [main] org.apache.catalina.startup.VersionLoggerListener.log Argument de la ligne de commande : -Dcatalina.home=C:\Users\Ahmed Aziz\.gemini\antigravity\scratch\covoiturage\.tools\apache-tomcat-10.1.31
05-May-2026 17:17:22.004 INFOS [main] org.apache.catalina.startup.VersionLoggerListener.log Argument de la ligne de commande : -Djava.io.tmpdir=C:\Users\Ahmed Aziz\.gemini\antigravity\scratch\covoiturage\.tools\apache-tomcat-10.1.31\temp
05-May-2026 17:17:22.009 INFOS [main] org.apache.catalina.core.AprLifecycleListener.lifecycleEvent Chargement de la librairie Apache Tomcat Native [2.0.8] en utilisant APR version [1.7.4]
05-May-2026 17:17:22.017 INFOS [main] org.apache.catalina.core.AprLifecycleListener.initializeSSL OpenSSL a été initialisé avec succès [OpenSSL 3.0.14 4 Jun 2024]
05-May-2026 17:17:22.315 INFOS [main] org.apache.coyote.AbstractProtocol.init Initialisation du gestionnaire de protocole ["http-nio-8080"]
05-May-2026 17:17:22.351 INFOS [main] org.apache.catalina.startup.Catalina.load L'initialisation du serveur a pris [627] millisecondes
05-May-2026 17:17:22.415 INFOS [main] org.apache.catalina.core.StandardService.startInternal Démarrage du service [Catalina]
05-May-2026 17:17:22.415 INFOS [main] org.apache.catalina.core.StandardEngine.startInternal Démarrage du moteur de Servlets : [Apache Tomcat/10.1.31]
05-May-2026 17:17:22.436 INFOS [main] org.apache.catalina.startup.HostConfig.deployWAR Déploiement de l'archive [C:\Users\Ahmed Aziz\.gemini\antigravity\scratch\covoiturage\.tools\apache-tomcat-10.1.31\webapps\ROOT.war] de l'application web
05-May-2026 17:17:23.645 INFOS [main] org.apache.catalina.startup.HostConfig.deployWAR Le déploiement de l'archive de l'application web [C:\Users\Ahmed Aziz\.gemini\antigravity\scratch\covoiturage\.tools\apache-tomcat-10.1.31\webapps\ROOT.war] s'est terminé en [1 207] ms
05-May-2026 17:17:23.647 INFOS [main] org.apache.catalina.startup.HostConfig.deployDirectory Déploiement du répertoire d'application web [C:\Users\Ahmed Aziz\.gemini\antigravity\scratch\covoiturage\.tools\apache-tomcat-10.1.31\webapps\docs]
05-May-2026 17:17:23.700 INFOS [main] org.apache.catalina.startup.HostConfig.deployDirectory Le déploiement du répertoire [C:\Users\Ahmed Aziz\.gemini\antigravity\scratch\covoiturage\.tools\apache-tomcat-10.1.31\webapps\docs] de l'application web s'est terminé en [54] ms
05-May-2026 17:17:23.701 INFOS [main] org.apache.catalina.startup.HostConfig.deployDirectory Déploiement du répertoire d'application web [C:\Users\Ahmed Aziz\.gemini\antigravity\scratch\covoiturage\.tools\apache-tomcat-10.1.31\webapps\examples]
05-May-2026 17:17:24.280 INFOS [main] org.apache.catalina.startup.HostConfig.deployDirectory Le déploiement du répertoire [C:\Users\Ahmed Aziz\.gemini\antigravity\scratch\covoiturage\.tools\apache-tomcat-10.1.31\webapps\examples] de l'application web s'est terminé en [579] ms
05-May-2026 17:17:24.281 INFOS [main] org.apache.catalina.startup.HostConfig.deployDirectory Déploiement du répertoire d'application web [C:\Users\Ahmed Aziz\.gemini\antigravity\scratch\covoiturage\.tools\apache-tomcat-10.1.31\webapps\host-manager]
05-May-2026 17:17:24.339 INFOS [main] org.apache.catalina.startup.HostConfig.deployDirectory Le déploiement du répertoire [C:\Users\Ahmed Aziz\.gemini\antigravity\scratch\covoiturage\.tools\apache-tomcat-10.1.31\webapps\host-manager] de l'application web s'est terminé en [58] ms
05-May-2026 17:17:24.340 INFOS [main] org.apache.catalina.startup.HostConfig.deployDirectory Déploiement du répertoire d'application web [C:\Users\Ahmed Aziz\.gemini\antigravity\scratch\covoiturage\.tools\apache-tomcat-10.1.31\webapps\manager]
05-May-2026 17:17:24.393 INFOS [main] org.apache.catalina.startup.HostConfig.deployDirectory Le déploiement du répertoire [C:\Users\Ahmed Aziz\.gemini\antigravity\scratch\covoiturage\.tools\apache-tomcat-10.1.31\webapps\manager] de l'application web s'est terminé en [53] ms
05-May-2026 17:17:24.401 INFOS [main] org.apache.coyote.AbstractProtocol.start Démarrage du gestionnaire de protocole ["http-nio-8080"]
05-May-2026 17:17:24.441 INFOS [main] org.apache.catalina.startup.Catalina.start Le démarrage du serveur a pris [2088] millisecondes
05-May-2026 17:31:38.564 INFOS [main] org.apache.catalina.startup.VersionLoggerListener.log Nom version serveur :              Apache Tomcat/10.1.31
05-May-2026 17:31:38.571 INFOS [main] org.apache.catalina.startup.VersionLoggerListener.log Serveur compilé :                  Oct 3 2024 19:02:38 UTC
05-May-2026 17:31:38.572 INFOS [main] org.apache.catalina.startup.VersionLoggerListener.log Version du serveur :               10.1.31.0
05-May-2026 17:31:38.574 INFOS [main] org.apache.catalina.startup.VersionLoggerListener.log Nom de l'OS :                      Windows 11
05-May-2026 17:31:38.575 INFOS [main] org.apache.catalina.startup.VersionLoggerListener.log Version OS :                       10.0
05-May-2026 17:31:38.575 INFOS [main] org.apache.catalina.startup.VersionLoggerListener.log Architecture :                     amd64
05-May-2026 17:31:38.575 INFOS [main] org.apache.catalina.startup.VersionLoggerListener.log Java Home :                        C:\Program Files\Eclipse Adoptium\jdk-21.0.10.7-hotspot
05-May-2026 17:31:38.576 INFOS [main] org.apache.catalina.startup.VersionLoggerListener.log Version JVM :                      21.0.10+7-LTS
05-May-2026 17:31:38.576 INFOS [main] org.apache.catalina.startup.VersionLoggerListener.log Fournisseur de la JVM :            Eclipse Adoptium
05-May-2026 17:31:38.577 INFOS [main] org.apache.catalina.startup.VersionLoggerListener.log CATALINA_BASE :                    C:\Users\Ahmed Aziz\.gemini\antigravity\scratch\covoiturage\.tools\apache-tomcat-10.1.31
05-May-2026 17:31:38.577 INFOS [main] org.apache.catalina.startup.VersionLoggerListener.log CATALINA_HOME :                    C:\Users\Ahmed Aziz\.gemini\antigravity\scratch\covoiturage\.tools\apache-tomcat-10.1.31
05-May-2026 17:31:38.605 INFOS [main] org.apache.catalina.startup.VersionLoggerListener.log Argument de la ligne de commande : -Djava.util.logging.config.file=C:\Users\Ahmed Aziz\.gemini\antigravity\scratch\covoiturage\.tools\apache-tomcat-10.1.31\conf\logging.properties
05-May-2026 17:31:38.605 INFOS [main] org.apache.catalina.startup.VersionLoggerListener.log Argument de la ligne de commande : -Djava.util.logging.manager=org.apache.juli.ClassLoaderLogManager
05-May-2026 17:31:38.607 INFOS [main] org.apache.catalina.startup.VersionLoggerListener.log Argument de la ligne de commande : -Djdk.tls.ephemeralDHKeySize=2048
05-May-2026 17:31:38.607 INFOS [main] org.apache.catalina.startup.VersionLoggerListener.log Argument de la ligne de commande : -Djava.protocol.handler.pkgs=org.apache.catalina.webresources
05-May-2026 17:31:38.607 INFOS [main] org.apache.catalina.startup.VersionLoggerListener.log Argument de la ligne de commande : --add-opens=java.base/java.lang=ALL-UNNAMED
05-May-2026 17:31:38.608 INFOS [main] org.apache.catalina.startup.VersionLoggerListener.log Argument de la ligne de commande : --add-opens=java.base/java.io=ALL-UNNAMED
05-May-2026 17:31:38.608 INFOS [main] org.apache.catalina.startup.VersionLoggerListener.log Argument de la ligne de commande : --add-opens=java.base/java.util=ALL-UNNAMED
05-May-2026 17:31:38.608 INFOS [main] org.apache.catalina.startup.VersionLoggerListener.log Argument de la ligne de commande : --add-opens=java.base/java.util.concurrent=ALL-UNNAMED
05-May-2026 17:31:38.609 INFOS [main] org.apache.catalina.startup.VersionLoggerListener.log Argument de la ligne de commande : --add-opens=java.rmi/sun.rmi.transport=ALL-UNNAMED
05-May-2026 17:31:38.610 INFOS [main] org.apache.catalina.startup.VersionLoggerListener.log Argument de la ligne de commande : -Dcatalina.base=C:\Users\Ahmed Aziz\.gemini\antigravity\scratch\covoiturage\.tools\apache-tomcat-10.1.31
05-May-2026 17:31:38.610 INFOS [main] org.apache.catalina.startup.VersionLoggerListener.log Argument de la ligne de commande : -Dcatalina.home=C:\Users\Ahmed Aziz\.gemini\antigravity\scratch\covoiturage\.tools\apache-tomcat-10.1.31
05-May-2026 17:31:38.610 INFOS [main] org.apache.catalina.startup.VersionLoggerListener.log Argument de la ligne de commande : -Djava.io.tmpdir=C:\Users\Ahmed Aziz\.gemini\antigravity\scratch\covoiturage\.tools\apache-tomcat-10.1.31\temp
05-May-2026 17:31:38.615 INFOS [main] org.apache.catalina.core.AprLifecycleListener.lifecycleEvent Chargement de la librairie Apache Tomcat Native [2.0.8] en utilisant APR version [1.7.4]
05-May-2026 17:31:38.625 INFOS [main] org.apache.catalina.core.AprLifecycleListener.initializeSSL OpenSSL a été initialisé avec succès [OpenSSL 3.0.14 4 Jun 2024]
05-May-2026 17:31:39.065 INFOS [main] org.apache.coyote.AbstractProtocol.init Initialisation du gestionnaire de protocole ["http-nio-8080"]
05-May-2026 17:31:39.112 INFOS [main] org.apache.catalina.startup.Catalina.load L'initialisation du serveur a pris [1005] millisecondes
05-May-2026 17:31:39.209 INFOS [main] org.apache.catalina.core.StandardService.startInternal Démarrage du service [Catalina]
05-May-2026 17:31:39.209 INFOS [main] org.apache.catalina.core.StandardEngine.startInternal Démarrage du moteur de Servlets : [Apache Tomcat/10.1.31]
05-May-2026 17:31:39.246 INFOS [main] org.apache.catalina.startup.HostConfig.deployWAR Déploiement de l'archive [C:\Users\Ahmed Aziz\.gemini\antigravity\scratch\covoiturage\.tools\apache-tomcat-10.1.31\webapps\ROOT.war] de l'application web
05-May-2026 17:31:43.634 INFOS [main] org.apache.catalina.startup.HostConfig.deployWAR Le déploiement de l'archive de l'application web [C:\Users\Ahmed Aziz\.gemini\antigravity\scratch\covoiturage\.tools\apache-tomcat-10.1.31\webapps\ROOT.war] s'est terminé en [4 385] ms
05-May-2026 17:31:43.635 INFOS [main] org.apache.catalina.startup.HostConfig.deployDirectory Déploiement du répertoire d'application web [C:\Users\Ahmed Aziz\.gemini\antigravity\scratch\covoiturage\.tools\apache-tomcat-10.1.31\webapps\docs]
05-May-2026 17:31:43.796 INFOS [main] org.apache.catalina.startup.HostConfig.deployDirectory Le déploiement du répertoire [C:\Users\Ahmed Aziz\.gemini\antigravity\scratch\covoiturage\.tools\apache-tomcat-10.1.31\webapps\docs] de l'application web s'est terminé en [160] ms
05-May-2026 17:31:43.798 INFOS [main] org.apache.catalina.startup.HostConfig.deployDirectory Déploiement du répertoire d'application web [C:\Users\Ahmed Aziz\.gemini\antigravity\scratch\covoiturage\.tools\apache-tomcat-10.1.31\webapps\examples]
05-May-2026 17:31:45.162 INFOS [main] org.apache.catalina.startup.HostConfig.deployDirectory Le déploiement du répertoire [C:\Users\Ahmed Aziz\.gemini\antigravity\scratch\covoiturage\.tools\apache-tomcat-10.1.31\webapps\examples] de l'application web s'est terminé en [1 365] ms
05-May-2026 17:31:45.164 INFOS [main] org.apache.catalina.startup.HostConfig.deployDirectory Déploiement du répertoire d'application web [C:\Users\Ahmed Aziz\.gemini\antigravity\scratch\covoiturage\.tools\apache-tomcat-10.1.31\webapps\host-manager]
05-May-2026 17:31:45.385 INFOS [main] org.apache.catalina.startup.HostConfig.deployDirectory Le déploiement du répertoire [C:\Users\Ahmed Aziz\.gemini\antigravity\scratch\covoiturage\.tools\apache-tomcat-10.1.31\webapps\host-manager] de l'application web s'est terminé en [222] ms
05-May-2026 17:31:45.386 INFOS [main] org.apache.catalina.startup.HostConfig.deployDirectory Déploiement du répertoire d'application web [C:\Users\Ahmed Aziz\.gemini\antigravity\scratch\covoiturage\.tools\apache-tomcat-10.1.31\webapps\manager]
05-May-2026 17:31:45.534 INFOS [main] org.apache.catalina.startup.HostConfig.deployDirectory Le déploiement du répertoire [C:\Users\Ahmed Aziz\.gemini\antigravity\scratch\covoiturage\.tools\apache-tomcat-10.1.31\webapps\manager] de l'application web s'est terminé en [147] ms
05-May-2026 17:31:45.546 INFOS [main] org.apache.coyote.AbstractProtocol.start Démarrage du gestionnaire de protocole ["http-nio-8080"]
05-May-2026 17:31:45.620 INFOS [main] org.apache.catalina.startup.Catalina.start Le démarrage du serveur a pris [6505] millisecondes
05-May-2026 17:35:39.468 INFOS [main] org.apache.catalina.startup.VersionLoggerListener.log Nom version serveur :              Apache Tomcat/10.1.31
05-May-2026 17:35:39.473 INFOS [main] org.apache.catalina.startup.VersionLoggerListener.log Serveur compilé :                  Oct 3 2024 19:02:38 UTC
05-May-2026 17:35:39.474 INFOS [main] org.apache.catalina.startup.VersionLoggerListener.log Version du serveur :               10.1.31.0
05-May-2026 17:35:39.475 INFOS [main] org.apache.catalina.startup.VersionLoggerListener.log Nom de l'OS :                      Windows 11
05-May-2026 17:35:39.475 INFOS [main] org.apache.catalina.startup.VersionLoggerListener.log Version OS :                       10.0
05-May-2026 17:35:39.475 INFOS [main] org.apache.catalina.startup.VersionLoggerListener.log Architecture :                     amd64
05-May-2026 17:35:39.476 INFOS [main] org.apache.catalina.startup.VersionLoggerListener.log Java Home :                        C:\Program Files\Eclipse Adoptium\jdk-21.0.10.7-hotspot
05-May-2026 17:35:39.476 INFOS [main] org.apache.catalina.startup.VersionLoggerListener.log Version JVM :                      21.0.10+7-LTS
05-May-2026 17:35:39.476 INFOS [main] org.apache.catalina.startup.VersionLoggerListener.log Fournisseur de la JVM :            Eclipse Adoptium
05-May-2026 17:35:39.477 INFOS [main] org.apache.catalina.startup.VersionLoggerListener.log CATALINA_BASE :                    C:\Users\Ahmed Aziz\.gemini\antigravity\scratch\covoiturage\.tools\apache-tomcat-10.1.31
05-May-2026 17:35:39.477 INFOS [main] org.apache.catalina.startup.VersionLoggerListener.log CATALINA_HOME :                    C:\Users\Ahmed Aziz\.gemini\antigravity\scratch\covoiturage\.tools\apache-tomcat-10.1.31
05-May-2026 17:35:39.490 INFOS [main] org.apache.catalina.startup.VersionLoggerListener.log Argument de la ligne de commande : -Djava.util.logging.config.file=C:\Users\Ahmed Aziz\.gemini\antigravity\scratch\covoiturage\.tools\apache-tomcat-10.1.31\conf\logging.properties
05-May-2026 17:35:39.490 INFOS [main] org.apache.catalina.startup.VersionLoggerListener.log Argument de la ligne de commande : -Djava.util.logging.manager=org.apache.juli.ClassLoaderLogManager
05-May-2026 17:35:39.490 INFOS [main] org.apache.catalina.startup.VersionLoggerListener.log Argument de la ligne de commande : -Djdk.tls.ephemeralDHKeySize=2048
05-May-2026 17:35:39.491 INFOS [main] org.apache.catalina.startup.VersionLoggerListener.log Argument de la ligne de commande : -Djava.protocol.handler.pkgs=org.apache.catalina.webresources
05-May-2026 17:35:39.491 INFOS [main] org.apache.catalina.startup.VersionLoggerListener.log Argument de la ligne de commande : --add-opens=java.base/java.lang=ALL-UNNAMED
05-May-2026 17:35:39.491 INFOS [main] org.apache.catalina.startup.VersionLoggerListener.log Argument de la ligne de commande : --add-opens=java.base/java.io=ALL-UNNAMED
05-May-2026 17:35:39.491 INFOS [main] org.apache.catalina.startup.VersionLoggerListener.log Argument de la ligne de commande : --add-opens=java.base/java.util=ALL-UNNAMED
05-May-2026 17:35:39.491 INFOS [main] org.apache.catalina.startup.VersionLoggerListener.log Argument de la ligne de commande : --add-opens=java.base/java.util.concurrent=ALL-UNNAMED
05-May-2026 17:35:39.492 INFOS [main] org.apache.catalina.startup.VersionLoggerListener.log Argument de la ligne de commande : --add-opens=java.rmi/sun.rmi.transport=ALL-UNNAMED
05-May-2026 17:35:39.492 INFOS [main] org.apache.catalina.startup.VersionLoggerListener.log Argument de la ligne de commande : -Dcatalina.base=C:\Users\Ahmed Aziz\.gemini\antigravity\scratch\covoiturage\.tools\apache-tomcat-10.1.31
05-May-2026 17:35:39.492 INFOS [main] org.apache.catalina.startup.VersionLoggerListener.log Argument de la ligne de commande : -Dcatalina.home=C:\Users\Ahmed Aziz\.gemini\antigravity\scratch\covoiturage\.tools\apache-tomcat-10.1.31
05-May-2026 17:35:39.493 INFOS [main] org.apache.catalina.startup.VersionLoggerListener.log Argument de la ligne de commande : -Djava.io.tmpdir=C:\Users\Ahmed Aziz\.gemini\antigravity\scratch\covoiturage\.tools\apache-tomcat-10.1.31\temp
05-May-2026 17:35:39.496 INFOS [main] org.apache.catalina.core.AprLifecycleListener.lifecycleEvent Chargement de la librairie Apache Tomcat Native [2.0.8] en utilisant APR version [1.7.4]
05-May-2026 17:35:39.502 INFOS [main] org.apache.catalina.core.AprLifecycleListener.initializeSSL OpenSSL a été initialisé avec succès [OpenSSL 3.0.14 4 Jun 2024]
05-May-2026 17:35:39.818 INFOS [main] org.apache.coyote.AbstractProtocol.init Initialisation du gestionnaire de protocole ["http-nio-8080"]
05-May-2026 17:35:39.856 INFOS [main] org.apache.catalina.startup.Catalina.load L'initialisation du serveur a pris [661] millisecondes
05-May-2026 17:35:39.953 INFOS [main] org.apache.catalina.core.StandardService.startInternal Démarrage du service [Catalina]
05-May-2026 17:35:39.954 INFOS [main] org.apache.catalina.core.StandardEngine.startInternal Démarrage du moteur de Servlets : [Apache Tomcat/10.1.31]
05-May-2026 17:35:39.981 INFOS [main] org.apache.catalina.startup.HostConfig.deployWAR Déploiement de l'archive [C:\Users\Ahmed Aziz\.gemini\antigravity\scratch\covoiturage\.tools\apache-tomcat-10.1.31\webapps\ROOT.war] de l'application web
05-May-2026 17:35:41.534 INFOS [main] org.apache.catalina.startup.HostConfig.deployWAR Le déploiement de l'archive de l'application web [C:\Users\Ahmed Aziz\.gemini\antigravity\scratch\covoiturage\.tools\apache-tomcat-10.1.31\webapps\ROOT.war] s'est terminé en [1 550] ms
05-May-2026 17:35:41.535 INFOS [main] org.apache.catalina.startup.HostConfig.deployDirectory Déploiement du répertoire d'application web [C:\Users\Ahmed Aziz\.gemini\antigravity\scratch\covoiturage\.tools\apache-tomcat-10.1.31\webapps\docs]
05-May-2026 17:35:41.585 INFOS [main] org.apache.catalina.startup.HostConfig.deployDirectory Le déploiement du répertoire [C:\Users\Ahmed Aziz\.gemini\antigravity\scratch\covoiturage\.tools\apache-tomcat-10.1.31\webapps\docs] de l'application web s'est terminé en [50] ms
05-May-2026 17:35:41.586 INFOS [main] org.apache.catalina.startup.HostConfig.deployDirectory Déploiement du répertoire d'application web [C:\Users\Ahmed Aziz\.gemini\antigravity\scratch\covoiturage\.tools\apache-tomcat-10.1.31\webapps\examples]
05-May-2026 17:35:42.053 INFOS [main] org.apache.catalina.startup.HostConfig.deployDirectory Le déploiement du répertoire [C:\Users\Ahmed Aziz\.gemini\antigravity\scratch\covoiturage\.tools\apache-tomcat-10.1.31\webapps\examples] de l'application web s'est terminé en [466] ms
05-May-2026 17:35:42.053 INFOS [main] org.apache.catalina.startup.HostConfig.deployDirectory Déploiement du répertoire d'application web [C:\Users\Ahmed Aziz\.gemini\antigravity\scratch\covoiturage\.tools\apache-tomcat-10.1.31\webapps\host-manager]
05-May-2026 17:35:42.105 INFOS [main] org.apache.catalina.startup.HostConfig.deployDirectory Le déploiement du répertoire [C:\Users\Ahmed Aziz\.gemini\antigravity\scratch\covoiturage\.tools\apache-tomcat-10.1.31\webapps\host-manager] de l'application web s'est terminé en [52] ms
05-May-2026 17:35:42.107 INFOS [main] org.apache.catalina.startup.HostConfig.deployDirectory Déploiement du répertoire d'application web [C:\Users\Ahmed Aziz\.gemini\antigravity\scratch\covoiturage\.tools\apache-tomcat-10.1.31\webapps\manager]
05-May-2026 17:35:42.163 INFOS [main] org.apache.catalina.startup.HostConfig.deployDirectory Le déploiement du répertoire [C:\Users\Ahmed Aziz\.gemini\antigravity\scratch\covoiturage\.tools\apache-tomcat-10.1.31\webapps\manager] de l'application web s'est terminé en [55] ms
05-May-2026 17:35:42.169 INFOS [main] org.apache.coyote.AbstractProtocol.start Démarrage du gestionnaire de protocole ["http-nio-8080"]
05-May-2026 17:35:42.197 INFOS [main] org.apache.catalina.startup.Catalina.start Le démarrage du serveur a pris [2339] millisecondes
05-May-2026 17:45:38.175 INFOS [main] org.apache.catalina.startup.VersionLoggerListener.log Nom version serveur :              Apache Tomcat/10.1.31
05-May-2026 17:45:38.179 INFOS [main] org.apache.catalina.startup.VersionLoggerListener.log Serveur compilé :                  Oct 3 2024 19:02:38 UTC
05-May-2026 17:45:38.179 INFOS [main] org.apache.catalina.startup.VersionLoggerListener.log Version du serveur :               10.1.31.0
05-May-2026 17:45:38.179 INFOS [main] org.apache.catalina.startup.VersionLoggerListener.log Nom de l'OS :                      Windows 11
05-May-2026 17:45:38.180 INFOS [main] org.apache.catalina.startup.VersionLoggerListener.log Version OS :                       10.0
05-May-2026 17:45:38.180 INFOS [main] org.apache.catalina.startup.VersionLoggerListener.log Architecture :                     amd64
05-May-2026 17:45:38.180 INFOS [main] org.apache.catalina.startup.VersionLoggerListener.log Java Home :                        C:\Program Files\Eclipse Adoptium\jdk-21.0.10.7-hotspot
05-May-2026 17:45:38.180 INFOS [main] org.apache.catalina.startup.VersionLoggerListener.log Version JVM :                      21.0.10+7-LTS
05-May-2026 17:45:38.180 INFOS [main] org.apache.catalina.startup.VersionLoggerListener.log Fournisseur de la JVM :            Eclipse Adoptium
05-May-2026 17:45:38.180 INFOS [main] org.apache.catalina.startup.VersionLoggerListener.log CATALINA_BASE :                    C:\Users\Ahmed Aziz\.gemini\antigravity\scratch\covoiturage\.tools\apache-tomcat-10.1.31
05-May-2026 17:45:38.181 INFOS [main] org.apache.catalina.startup.VersionLoggerListener.log CATALINA_HOME :                    C:\Users\Ahmed Aziz\.gemini\antigravity\scratch\covoiturage\.tools\apache-tomcat-10.1.31
05-May-2026 17:45:38.189 INFOS [main] org.apache.catalina.startup.VersionLoggerListener.log Argument de la ligne de commande : -Djava.util.logging.config.file=C:\Users\Ahmed Aziz\.gemini\antigravity\scratch\covoiturage\.tools\apache-tomcat-10.1.31\conf\logging.properties
05-May-2026 17:45:38.189 INFOS [main] org.apache.catalina.startup.VersionLoggerListener.log Argument de la ligne de commande : -Djava.util.logging.manager=org.apache.juli.ClassLoaderLogManager
05-May-2026 17:45:38.189 INFOS [main] org.apache.catalina.startup.VersionLoggerListener.log Argument de la ligne de commande : -Djdk.tls.ephemeralDHKeySize=2048
05-May-2026 17:45:38.190 INFOS [main] org.apache.catalina.startup.VersionLoggerListener.log Argument de la ligne de commande : -Djava.protocol.handler.pkgs=org.apache.catalina.webresources
05-May-2026 17:45:38.190 INFOS [main] org.apache.catalina.startup.VersionLoggerListener.log Argument de la ligne de commande : --add-opens=java.base/java.lang=ALL-UNNAMED
05-May-2026 17:45:38.190 INFOS [main] org.apache.catalina.startup.VersionLoggerListener.log Argument de la ligne de commande : --add-opens=java.base/java.io=ALL-UNNAMED
05-May-2026 17:45:38.190 INFOS [main] org.apache.catalina.startup.VersionLoggerListener.log Argument de la ligne de commande : --add-opens=java.base/java.util=ALL-UNNAMED
05-May-2026 17:45:38.190 INFOS [main] org.apache.catalina.startup.VersionLoggerListener.log Argument de la ligne de commande : --add-opens=java.base/java.util.concurrent=ALL-UNNAMED
05-May-2026 17:45:38.190 INFOS [main] org.apache.catalina.startup.VersionLoggerListener.log Argument de la ligne de commande : --add-opens=java.rmi/sun.rmi.transport=ALL-UNNAMED
05-May-2026 17:45:38.190 INFOS [main] org.apache.catalina.startup.VersionLoggerListener.log Argument de la ligne de commande : -Dcatalina.base=C:\Users\Ahmed Aziz\.gemini\antigravity\scratch\covoiturage\.tools\apache-tomcat-10.1.31
05-May-2026 17:45:38.191 INFOS [main] org.apache.catalina.startup.VersionLoggerListener.log Argument de la ligne de commande : -Dcatalina.home=C:\Users\Ahmed Aziz\.gemini\antigravity\scratch\covoiturage\.tools\apache-tomcat-10.1.31
05-May-2026 17:45:38.191 INFOS [main] org.apache.catalina.startup.VersionLoggerListener.log Argument de la ligne de commande : -Djava.io.tmpdir=C:\Users\Ahmed Aziz\.gemini\antigravity\scratch\covoiturage\.tools\apache-tomcat-10.1.31\temp
05-May-2026 17:45:38.193 INFOS [main] org.apache.catalina.core.AprLifecycleListener.lifecycleEvent Chargement de la librairie Apache Tomcat Native [2.0.8] en utilisant APR version [1.7.4]
05-May-2026 17:45:38.197 INFOS [main] org.apache.catalina.core.AprLifecycleListener.initializeSSL OpenSSL a été initialisé avec succès [OpenSSL 3.0.14 4 Jun 2024]
05-May-2026 17:45:38.399 INFOS [main] org.apache.coyote.AbstractProtocol.init Initialisation du gestionnaire de protocole ["http-nio-8080"]
05-May-2026 17:45:38.421 INFOS [main] org.apache.catalina.startup.Catalina.load L'initialisation du serveur a pris [399] millisecondes
05-May-2026 17:45:38.485 INFOS [main] org.apache.catalina.core.StandardService.startInternal Démarrage du service [Catalina]
05-May-2026 17:45:38.485 INFOS [main] org.apache.catalina.core.StandardEngine.startInternal Démarrage du moteur de Servlets : [Apache Tomcat/10.1.31]
05-May-2026 17:45:38.501 INFOS [main] org.apache.catalina.startup.HostConfig.deployWAR Déploiement de l'archive [C:\Users\Ahmed Aziz\.gemini\antigravity\scratch\covoiturage\.tools\apache-tomcat-10.1.31\webapps\ROOT.war] de l'application web
05-May-2026 17:45:39.473 INFOS [main] org.apache.catalina.startup.HostConfig.deployWAR Le déploiement de l'archive de l'application web [C:\Users\Ahmed Aziz\.gemini\antigravity\scratch\covoiturage\.tools\apache-tomcat-10.1.31\webapps\ROOT.war] s'est terminé en [969] ms
05-May-2026 17:45:39.473 INFOS [main] org.apache.catalina.startup.HostConfig.deployDirectory Déploiement du répertoire d'application web [C:\Users\Ahmed Aziz\.gemini\antigravity\scratch\covoiturage\.tools\apache-tomcat-10.1.31\webapps\docs]
05-May-2026 17:45:39.513 INFOS [main] org.apache.catalina.startup.HostConfig.deployDirectory Le déploiement du répertoire [C:\Users\Ahmed Aziz\.gemini\antigravity\scratch\covoiturage\.tools\apache-tomcat-10.1.31\webapps\docs] de l'application web s'est terminé en [40] ms
05-May-2026 17:45:39.513 INFOS [main] org.apache.catalina.startup.HostConfig.deployDirectory Déploiement du répertoire d'application web [C:\Users\Ahmed Aziz\.gemini\antigravity\scratch\covoiturage\.tools\apache-tomcat-10.1.31\webapps\examples]
05-May-2026 17:45:39.865 INFOS [main] org.apache.catalina.startup.HostConfig.deployDirectory Le déploiement du répertoire [C:\Users\Ahmed Aziz\.gemini\antigravity\scratch\covoiturage\.tools\apache-tomcat-10.1.31\webapps\examples] de l'application web s'est terminé en [352] ms
05-May-2026 17:45:39.865 INFOS [main] org.apache.catalina.startup.HostConfig.deployDirectory Déploiement du répertoire d'application web [C:\Users\Ahmed Aziz\.gemini\antigravity\scratch\covoiturage\.tools\apache-tomcat-10.1.31\webapps\host-manager]
05-May-2026 17:45:39.900 INFOS [main] org.apache.catalina.startup.HostConfig.deployDirectory Le déploiement du répertoire [C:\Users\Ahmed Aziz\.gemini\antigravity\scratch\covoiturage\.tools\apache-tomcat-10.1.31\webapps\host-manager] de l'application web s'est terminé en [35] ms
05-May-2026 17:45:39.901 INFOS [main] org.apache.catalina.startup.HostConfig.deployDirectory Déploiement du répertoire d'application web [C:\Users\Ahmed Aziz\.gemini\antigravity\scratch\covoiturage\.tools\apache-tomcat-10.1.31\webapps\manager]
05-May-2026 17:45:39.933 INFOS [main] org.apache.catalina.startup.HostConfig.deployDirectory Le déploiement du répertoire [C:\Users\Ahmed Aziz\.gemini\antigravity\scratch\covoiturage\.tools\apache-tomcat-10.1.31\webapps\manager] de l'application web s'est terminé en [33] ms
05-May-2026 17:45:39.938 INFOS [main] org.apache.coyote.AbstractProtocol.start Démarrage du gestionnaire de protocole ["http-nio-8080"]
05-May-2026 17:45:39.956 INFOS [main] org.apache.catalina.startup.Catalina.start Le démarrage du serveur a pris [1533] millisecondes
05-May-2026 17:53:48.212 INFOS [main] org.apache.catalina.startup.VersionLoggerListener.log Nom version serveur :              Apache Tomcat/10.1.31
05-May-2026 17:53:48.215 INFOS [main] org.apache.catalina.startup.VersionLoggerListener.log Serveur compilé :                  Oct 3 2024 19:02:38 UTC
05-May-2026 17:53:48.216 INFOS [main] org.apache.catalina.startup.VersionLoggerListener.log Version du serveur :               10.1.31.0
05-May-2026 17:53:48.216 INFOS [main] org.apache.catalina.startup.VersionLoggerListener.log Nom de l'OS :                      Windows 11
05-May-2026 17:53:48.216 INFOS [main] org.apache.catalina.startup.VersionLoggerListener.log Version OS :                       10.0
05-May-2026 17:53:48.217 INFOS [main] org.apache.catalina.startup.VersionLoggerListener.log Architecture :                     amd64
05-May-2026 17:53:48.217 INFOS [main] org.apache.catalina.startup.VersionLoggerListener.log Java Home :                        C:\Program Files\Eclipse Adoptium\jdk-21.0.10.7-hotspot
05-May-2026 17:53:48.218 INFOS [main] org.apache.catalina.startup.VersionLoggerListener.log Version JVM :                      21.0.10+7-LTS
05-May-2026 17:53:48.218 INFOS [main] org.apache.catalina.startup.VersionLoggerListener.log Fournisseur de la JVM :            Eclipse Adoptium
05-May-2026 17:53:48.218 INFOS [main] org.apache.catalina.startup.VersionLoggerListener.log CATALINA_BASE :                    C:\Users\Ahmed Aziz\.gemini\antigravity\scratch\covoiturage\.tools\apache-tomcat-10.1.31
05-May-2026 17:53:48.218 INFOS [main] org.apache.catalina.startup.VersionLoggerListener.log CATALINA_HOME :                    C:\Users\Ahmed Aziz\.gemini\antigravity\scratch\covoiturage\.tools\apache-tomcat-10.1.31
05-May-2026 17:53:48.227 INFOS [main] org.apache.catalina.startup.VersionLoggerListener.log Argument de la ligne de commande : -Djava.util.logging.config.file=C:\Users\Ahmed Aziz\.gemini\antigravity\scratch\covoiturage\.tools\apache-tomcat-10.1.31\conf\logging.properties
05-May-2026 17:53:48.227 INFOS [main] org.apache.catalina.startup.VersionLoggerListener.log Argument de la ligne de commande : -Djava.util.logging.manager=org.apache.juli.ClassLoaderLogManager
05-May-2026 17:53:48.227 INFOS [main] org.apache.catalina.startup.VersionLoggerListener.log Argument de la ligne de commande : -Djdk.tls.ephemeralDHKeySize=2048
05-May-2026 17:53:48.228 INFOS [main] org.apache.catalina.startup.VersionLoggerListener.log Argument de la ligne de commande : -Djava.protocol.handler.pkgs=org.apache.catalina.webresources
05-May-2026 17:53:48.228 INFOS [main] org.apache.catalina.startup.VersionLoggerListener.log Argument de la ligne de commande : --add-opens=java.base/java.lang=ALL-UNNAMED
05-May-2026 17:53:48.228 INFOS [main] org.apache.catalina.startup.VersionLoggerListener.log Argument de la ligne de commande : --add-opens=java.base/java.io=ALL-UNNAMED
05-May-2026 17:53:48.228 INFOS [main] org.apache.catalina.startup.VersionLoggerListener.log Argument de la ligne de commande : --add-opens=java.base/java.util=ALL-UNNAMED
05-May-2026 17:53:48.228 INFOS [main] org.apache.catalina.startup.VersionLoggerListener.log Argument de la ligne de commande : --add-opens=java.base/java.util.concurrent=ALL-UNNAMED
05-May-2026 17:53:48.228 INFOS [main] org.apache.catalina.startup.VersionLoggerListener.log Argument de la ligne de commande : --add-opens=java.rmi/sun.rmi.transport=ALL-UNNAMED
05-May-2026 17:53:48.228 INFOS [main] org.apache.catalina.startup.VersionLoggerListener.log Argument de la ligne de commande : -Dcatalina.base=C:\Users\Ahmed Aziz\.gemini\antigravity\scratch\covoiturage\.tools\apache-tomcat-10.1.31
05-May-2026 17:53:48.229 INFOS [main] org.apache.catalina.startup.VersionLoggerListener.log Argument de la ligne de commande : -Dcatalina.home=C:\Users\Ahmed Aziz\.gemini\antigravity\scratch\covoiturage\.tools\apache-tomcat-10.1.31
05-May-2026 17:53:48.229 INFOS [main] org.apache.catalina.startup.VersionLoggerListener.log Argument de la ligne de commande : -Djava.io.tmpdir=C:\Users\Ahmed Aziz\.gemini\antigravity\scratch\covoiturage\.tools\apache-tomcat-10.1.31\temp
05-May-2026 17:53:48.231 INFOS [main] org.apache.catalina.core.AprLifecycleListener.lifecycleEvent Chargement de la librairie Apache Tomcat Native [2.0.8] en utilisant APR version [1.7.4]
05-May-2026 17:53:48.236 INFOS [main] org.apache.catalina.core.AprLifecycleListener.initializeSSL OpenSSL a été initialisé avec succès [OpenSSL 3.0.14 4 Jun 2024]
05-May-2026 17:53:48.440 INFOS [main] org.apache.coyote.AbstractProtocol.init Initialisation du gestionnaire de protocole ["http-nio-8080"]
05-May-2026 17:53:48.466 INFOS [main] org.apache.catalina.startup.Catalina.load L'initialisation du serveur a pris [412] millisecondes
05-May-2026 17:53:48.516 INFOS [main] org.apache.catalina.core.StandardService.startInternal Démarrage du service [Catalina]
05-May-2026 17:53:48.516 INFOS [main] org.apache.catalina.core.StandardEngine.startInternal Démarrage du moteur de Servlets : [Apache Tomcat/10.1.31]
05-May-2026 17:53:48.531 INFOS [main] org.apache.catalina.startup.HostConfig.deployWAR Déploiement de l'archive [C:\Users\Ahmed Aziz\.gemini\antigravity\scratch\covoiturage\.tools\apache-tomcat-10.1.31\webapps\ROOT.war] de l'application web
05-May-2026 17:53:49.672 INFOS [main] org.apache.catalina.startup.HostConfig.deployWAR Le déploiement de l'archive de l'application web [C:\Users\Ahmed Aziz\.gemini\antigravity\scratch\covoiturage\.tools\apache-tomcat-10.1.31\webapps\ROOT.war] s'est terminé en [1 139] ms
05-May-2026 17:53:49.673 INFOS [main] org.apache.catalina.startup.HostConfig.deployDirectory Déploiement du répertoire d'application web [C:\Users\Ahmed Aziz\.gemini\antigravity\scratch\covoiturage\.tools\apache-tomcat-10.1.31\webapps\docs]
05-May-2026 17:53:49.710 INFOS [main] org.apache.catalina.startup.HostConfig.deployDirectory Le déploiement du répertoire [C:\Users\Ahmed Aziz\.gemini\antigravity\scratch\covoiturage\.tools\apache-tomcat-10.1.31\webapps\docs] de l'application web s'est terminé en [37] ms
05-May-2026 17:53:49.710 INFOS [main] org.apache.catalina.startup.HostConfig.deployDirectory Déploiement du répertoire d'application web [C:\Users\Ahmed Aziz\.gemini\antigravity\scratch\covoiturage\.tools\apache-tomcat-10.1.31\webapps\examples]
05-May-2026 17:53:50.060 INFOS [main] org.apache.catalina.startup.HostConfig.deployDirectory Le déploiement du répertoire [C:\Users\Ahmed Aziz\.gemini\antigravity\scratch\covoiturage\.tools\apache-tomcat-10.1.31\webapps\examples] de l'application web s'est terminé en [350] ms
05-May-2026 17:53:50.061 INFOS [main] org.apache.catalina.startup.HostConfig.deployDirectory Déploiement du répertoire d'application web [C:\Users\Ahmed Aziz\.gemini\antigravity\scratch\covoiturage\.tools\apache-tomcat-10.1.31\webapps\host-manager]
05-May-2026 17:53:50.099 INFOS [main] org.apache.catalina.startup.HostConfig.deployDirectory Le déploiement du répertoire [C:\Users\Ahmed Aziz\.gemini\antigravity\scratch\covoiturage\.tools\apache-tomcat-10.1.31\webapps\host-manager] de l'application web s'est terminé en [37] ms
05-May-2026 17:53:50.099 INFOS [main] org.apache.catalina.startup.HostConfig.deployDirectory Déploiement du répertoire d'application web [C:\Users\Ahmed Aziz\.gemini\antigravity\scratch\covoiturage\.tools\apache-tomcat-10.1.31\webapps\manager]
05-May-2026 17:53:50.133 INFOS [main] org.apache.catalina.startup.HostConfig.deployDirectory Le déploiement du répertoire [C:\Users\Ahmed Aziz\.gemini\antigravity\scratch\covoiturage\.tools\apache-tomcat-10.1.31\webapps\manager] de l'application web s'est terminé en [34] ms
05-May-2026 17:53:50.138 INFOS [main] org.apache.coyote.AbstractProtocol.start Démarrage du gestionnaire de protocole ["http-nio-8080"]
05-May-2026 17:53:50.157 INFOS [main] org.apache.catalina.startup.Catalina.start Le démarrage du serveur a pris [1689] millisecondes
05-May-2026 18:21:35.599 INFOS [Thread-2] org.apache.coyote.AbstractProtocol.pause Le gestionnaire de protocole ["http-nio-8080"] est mis en pause
05-May-2026 18:21:35.623 INFOS [Thread-2] org.apache.catalina.core.StandardService.stopInternal Arrêt du service [Catalina]
05-May-2026 18:21:35.628 AVERTISSEMENT [Thread-2] org.apache.catalina.loader.WebappClassLoaderBase.clearReferencesJdbc L'application web [ROOT] a enregistré un pilote JDBC [org.h2.Driver], mais ne l'a pas désenregistré avant l'arrêt de l'application.  Pour éviter une fuite de mémoire, le pilote JDBC a été désenregistré de force.
05-May-2026 18:21:35.648 INFOS [Thread-2] org.apache.coyote.AbstractProtocol.stop Arrêt du gestionnaire de protocole ["http-nio-8080"]
05-May-2026 18:21:35.667 INFOS [Thread-2] org.apache.coyote.AbstractProtocol.destroy Destruction du gestionnaire de protocole ["http-nio-8080"]
05-May-2026 20:02:03.824 INFOS [main] org.apache.catalina.startup.VersionLoggerListener.log Nom version serveur :              Apache Tomcat/10.1.31
05-May-2026 20:02:03.836 INFOS [main] org.apache.catalina.startup.VersionLoggerListener.log Serveur compilé :                  Oct 3 2024 19:02:38 UTC
05-May-2026 20:02:03.838 INFOS [main] org.apache.catalina.startup.VersionLoggerListener.log Version du serveur :               10.1.31.0
05-May-2026 20:02:03.839 INFOS [main] org.apache.catalina.startup.VersionLoggerListener.log Nom de l'OS :                      Windows 11
05-May-2026 20:02:03.839 INFOS [main] org.apache.catalina.startup.VersionLoggerListener.log Version OS :                       10.0
05-May-2026 20:02:03.839 INFOS [main] org.apache.catalina.startup.VersionLoggerListener.log Architecture :                     amd64
05-May-2026 20:02:03.841 INFOS [main] org.apache.catalina.startup.VersionLoggerListener.log Java Home :                        C:\Program Files\Eclipse Adoptium\jdk-21.0.10.7-hotspot
05-May-2026 20:02:03.841 INFOS [main] org.apache.catalina.startup.VersionLoggerListener.log Version JVM :                      21.0.10+7-LTS
05-May-2026 20:02:03.841 INFOS [main] org.apache.catalina.startup.VersionLoggerListener.log Fournisseur de la JVM :            Eclipse Adoptium
05-May-2026 20:02:03.841 INFOS [main] org.apache.catalina.startup.VersionLoggerListener.log CATALINA_BASE :                    C:\Users\Ahmed Aziz\.gemini\antigravity\scratch\covoiturage\.tools\apache-tomcat-10.1.31
05-May-2026 20:02:03.842 INFOS [main] org.apache.catalina.startup.VersionLoggerListener.log CATALINA_HOME :                    C:\Users\Ahmed Aziz\.gemini\antigravity\scratch\covoiturage\.tools\apache-tomcat-10.1.31
05-May-2026 20:02:03.869 INFOS [main] org.apache.catalina.startup.VersionLoggerListener.log Argument de la ligne de commande : -Djava.util.logging.config.file=C:\Users\Ahmed Aziz\.gemini\antigravity\scratch\covoiturage\.tools\apache-tomcat-10.1.31\conf\logging.properties
05-May-2026 20:02:03.869 INFOS [main] org.apache.catalina.startup.VersionLoggerListener.log Argument de la ligne de commande : -Djava.util.logging.manager=org.apache.juli.ClassLoaderLogManager
05-May-2026 20:02:03.869 INFOS [main] org.apache.catalina.startup.VersionLoggerListener.log Argument de la ligne de commande : -Djdk.tls.ephemeralDHKeySize=2048
05-May-2026 20:02:03.871 INFOS [main] org.apache.catalina.startup.VersionLoggerListener.log Argument de la ligne de commande : -Djava.protocol.handler.pkgs=org.apache.catalina.webresources
05-May-2026 20:02:03.871 INFOS [main] org.apache.catalina.startup.VersionLoggerListener.log Argument de la ligne de commande : --add-opens=java.base/java.lang=ALL-UNNAMED
05-May-2026 20:02:03.871 INFOS [main] org.apache.catalina.startup.VersionLoggerListener.log Argument de la ligne de commande : --add-opens=java.base/java.io=ALL-UNNAMED
05-May-2026 20:02:03.871 INFOS [main] org.apache.catalina.startup.VersionLoggerListener.log Argument de la ligne de commande : --add-opens=java.base/java.util=ALL-UNNAMED
05-May-2026 20:02:03.871 INFOS [main] org.apache.catalina.startup.VersionLoggerListener.log Argument de la ligne de commande : --add-opens=java.base/java.util.concurrent=ALL-UNNAMED
05-May-2026 20:02:03.873 INFOS [main] org.apache.catalina.startup.VersionLoggerListener.log Argument de la ligne de commande : --add-opens=java.rmi/sun.rmi.transport=ALL-UNNAMED
05-May-2026 20:02:03.873 INFOS [main] org.apache.catalina.startup.VersionLoggerListener.log Argument de la ligne de commande : -Dcatalina.base=C:\Users\Ahmed Aziz\.gemini\antigravity\scratch\covoiturage\.tools\apache-tomcat-10.1.31
05-May-2026 20:02:03.873 INFOS [main] org.apache.catalina.startup.VersionLoggerListener.log Argument de la ligne de commande : -Dcatalina.home=C:\Users\Ahmed Aziz\.gemini\antigravity\scratch\covoiturage\.tools\apache-tomcat-10.1.31
05-May-2026 20:02:03.873 INFOS [main] org.apache.catalina.startup.VersionLoggerListener.log Argument de la ligne de commande : -Djava.io.tmpdir=C:\Users\Ahmed Aziz\.gemini\antigravity\scratch\covoiturage\.tools\apache-tomcat-10.1.31\temp
05-May-2026 20:02:03.883 INFOS [main] org.apache.catalina.core.AprLifecycleListener.lifecycleEvent Chargement de la librairie Apache Tomcat Native [2.0.8] en utilisant APR version [1.7.4]
05-May-2026 20:02:03.915 INFOS [main] org.apache.catalina.core.AprLifecycleListener.initializeSSL OpenSSL a été initialisé avec succès [OpenSSL 3.0.14 4 Jun 2024]
05-May-2026 20:02:04.427 INFOS [main] org.apache.coyote.AbstractProtocol.init Initialisation du gestionnaire de protocole ["http-nio-8080"]
05-May-2026 20:02:04.489 INFOS [main] org.apache.catalina.startup.Catalina.load L'initialisation du serveur a pris [1074] millisecondes
05-May-2026 20:02:04.661 INFOS [main] org.apache.catalina.core.StandardService.startInternal Démarrage du service [Catalina]
05-May-2026 20:02:04.661 INFOS [main] org.apache.catalina.core.StandardEngine.startInternal Démarrage du moteur de Servlets : [Apache Tomcat/10.1.31]
05-May-2026 20:02:04.699 INFOS [main] org.apache.catalina.startup.HostConfig.deployWAR Déploiement de l'archive [C:\Users\Ahmed Aziz\.gemini\antigravity\scratch\covoiturage\.tools\apache-tomcat-10.1.31\webapps\ROOT.war] de l'application web
05-May-2026 20:02:06.976 INFOS [main] org.apache.catalina.startup.HostConfig.deployWAR Le déploiement de l'archive de l'application web [C:\Users\Ahmed Aziz\.gemini\antigravity\scratch\covoiturage\.tools\apache-tomcat-10.1.31\webapps\ROOT.war] s'est terminé en [2 272] ms
05-May-2026 20:02:06.979 INFOS [main] org.apache.catalina.startup.HostConfig.deployDirectory Déploiement du répertoire d'application web [C:\Users\Ahmed Aziz\.gemini\antigravity\scratch\covoiturage\.tools\apache-tomcat-10.1.31\webapps\docs]
05-May-2026 20:02:07.056 INFOS [main] org.apache.catalina.startup.HostConfig.deployDirectory Le déploiement du répertoire [C:\Users\Ahmed Aziz\.gemini\antigravity\scratch\covoiturage\.tools\apache-tomcat-10.1.31\webapps\docs] de l'application web s'est terminé en [76] ms
05-May-2026 20:02:07.063 INFOS [main] org.apache.catalina.startup.HostConfig.deployDirectory Déploiement du répertoire d'application web [C:\Users\Ahmed Aziz\.gemini\antigravity\scratch\covoiturage\.tools\apache-tomcat-10.1.31\webapps\examples]
05-May-2026 20:02:07.908 INFOS [main] org.apache.catalina.startup.HostConfig.deployDirectory Le déploiement du répertoire [C:\Users\Ahmed Aziz\.gemini\antigravity\scratch\covoiturage\.tools\apache-tomcat-10.1.31\webapps\examples] de l'application web s'est terminé en [845] ms
05-May-2026 20:02:07.909 INFOS [main] org.apache.catalina.startup.HostConfig.deployDirectory Déploiement du répertoire d'application web [C:\Users\Ahmed Aziz\.gemini\antigravity\scratch\covoiturage\.tools\apache-tomcat-10.1.31\webapps\host-manager]
05-May-2026 20:02:07.990 INFOS [main] org.apache.catalina.startup.HostConfig.deployDirectory Le déploiement du répertoire [C:\Users\Ahmed Aziz\.gemini\antigravity\scratch\covoiturage\.tools\apache-tomcat-10.1.31\webapps\host-manager] de l'application web s'est terminé en [80] ms
05-May-2026 20:02:07.991 INFOS [main] org.apache.catalina.startup.HostConfig.deployDirectory Déploiement du répertoire d'application web [C:\Users\Ahmed Aziz\.gemini\antigravity\scratch\covoiturage\.tools\apache-tomcat-10.1.31\webapps\manager]
05-May-2026 20:02:08.055 INFOS [main] org.apache.catalina.startup.HostConfig.deployDirectory Le déploiement du répertoire [C:\Users\Ahmed Aziz\.gemini\antigravity\scratch\covoiturage\.tools\apache-tomcat-10.1.31\webapps\manager] de l'application web s'est terminé en [65] ms
05-May-2026 20:02:08.073 INFOS [main] org.apache.coyote.AbstractProtocol.start Démarrage du gestionnaire de protocole ["http-nio-8080"]
05-May-2026 20:02:08.150 INFOS [main] org.apache.catalina.startup.Catalina.start Le démarrage du serveur a pris [3658] millisecondes
05-May-2026 20:36:55.816 INFOS [Thread-2] org.apache.coyote.AbstractProtocol.pause Le gestionnaire de protocole ["http-nio-8080"] est mis en pause
05-May-2026 20:36:55.836 INFOS [Thread-2] org.apache.catalina.core.StandardService.stopInternal Arrêt du service [Catalina]
05-May-2026 20:36:55.850 AVERTISSEMENT [Thread-2] org.apache.catalina.loader.WebappClassLoaderBase.clearReferencesJdbc L'application web [ROOT] a enregistré un pilote JDBC [org.h2.Driver], mais ne l'a pas désenregistré avant l'arrêt de l'application.  Pour éviter une fuite de mémoire, le pilote JDBC a été désenregistré de force.
05-May-2026 20:36:55.879 INFOS [Thread-2] org.apache.coyote.AbstractProtocol.stop Arrêt du gestionnaire de protocole ["http-nio-8080"]
05-May-2026 20:36:55.900 INFOS [Thread-2] org.apache.coyote.AbstractProtocol.destroy Destruction du gestionnaire de protocole ["http-nio-8080"]
