04-May-2026 16:50:58.713 INFOS [main] org.apache.catalina.startup.VersionLoggerListener.log Nom version serveur :              Apache Tomcat/10.1.31
04-May-2026 16:50:58.726 INFOS [main] org.apache.catalina.startup.VersionLoggerListener.log Serveur compilé :                  Oct 3 2024 19:02:38 UTC
04-May-2026 16:50:58.728 INFOS [main] org.apache.catalina.startup.VersionLoggerListener.log Version du serveur :               10.1.31.0
04-May-2026 16:50:58.729 INFOS [main] org.apache.catalina.startup.VersionLoggerListener.log Nom de l'OS :                      Windows 11
04-May-2026 16:50:58.730 INFOS [main] org.apache.catalina.startup.VersionLoggerListener.log Version OS :                       10.0
04-May-2026 16:50:58.731 INFOS [main] org.apache.catalina.startup.VersionLoggerListener.log Architecture :                     amd64
04-May-2026 16:50:58.731 INFOS [main] org.apache.catalina.startup.VersionLoggerListener.log Java Home :                        C:\Program Files\Eclipse Adoptium\jdk-21.0.10.7-hotspot
04-May-2026 16:50:58.731 INFOS [main] org.apache.catalina.startup.VersionLoggerListener.log Version JVM :                      21.0.10+7-LTS
04-May-2026 16:50:58.731 INFOS [main] org.apache.catalina.startup.VersionLoggerListener.log Fournisseur de la JVM :            Eclipse Adoptium
04-May-2026 16:50:58.732 INFOS [main] org.apache.catalina.startup.VersionLoggerListener.log CATALINA_BASE :                    C:\Users\Ahmed Aziz\.gemini\antigravity\scratch\covoiturage\.tools\apache-tomcat-10.1.31
04-May-2026 16:50:58.732 INFOS [main] org.apache.catalina.startup.VersionLoggerListener.log CATALINA_HOME :                    C:\Users\Ahmed Aziz\.gemini\antigravity\scratch\covoiturage\.tools\apache-tomcat-10.1.31
04-May-2026 16:50:58.774 INFOS [main] org.apache.catalina.startup.VersionLoggerListener.log Argument de la ligne de commande : -Djava.util.logging.config.file=C:\Users\Ahmed Aziz\.gemini\antigravity\scratch\covoiturage\.tools\apache-tomcat-10.1.31\conf\logging.properties
04-May-2026 16:50:58.774 INFOS [main] org.apache.catalina.startup.VersionLoggerListener.log Argument de la ligne de commande : -Djava.util.logging.manager=org.apache.juli.ClassLoaderLogManager
04-May-2026 16:50:58.775 INFOS [main] org.apache.catalina.startup.VersionLoggerListener.log Argument de la ligne de commande : -Djdk.tls.ephemeralDHKeySize=2048
04-May-2026 16:50:58.775 INFOS [main] org.apache.catalina.startup.VersionLoggerListener.log Argument de la ligne de commande : -Djava.protocol.handler.pkgs=org.apache.catalina.webresources
04-May-2026 16:50:58.775 INFOS [main] org.apache.catalina.startup.VersionLoggerListener.log Argument de la ligne de commande : --add-opens=java.base/java.lang=ALL-UNNAMED
04-May-2026 16:50:58.775 INFOS [main] org.apache.catalina.startup.VersionLoggerListener.log Argument de la ligne de commande : --add-opens=java.base/java.io=ALL-UNNAMED
04-May-2026 16:50:58.775 INFOS [main] org.apache.catalina.startup.VersionLoggerListener.log Argument de la ligne de commande : --add-opens=java.base/java.util=ALL-UNNAMED
04-May-2026 16:50:58.776 INFOS [main] org.apache.catalina.startup.VersionLoggerListener.log Argument de la ligne de commande : --add-opens=java.base/java.util.concurrent=ALL-UNNAMED
04-May-2026 16:50:58.776 INFOS [main] org.apache.catalina.startup.VersionLoggerListener.log Argument de la ligne de commande : --add-opens=java.rmi/sun.rmi.transport=ALL-UNNAMED
04-May-2026 16:50:58.776 INFOS [main] org.apache.catalina.startup.VersionLoggerListener.log Argument de la ligne de commande : -Dcatalina.base=C:\Users\Ahmed Aziz\.gemini\antigravity\scratch\covoiturage\.tools\apache-tomcat-10.1.31
04-May-2026 16:50:58.776 INFOS [main] org.apache.catalina.startup.VersionLoggerListener.log Argument de la ligne de commande : -Dcatalina.home=C:\Users\Ahmed Aziz\.gemini\antigravity\scratch\covoiturage\.tools\apache-tomcat-10.1.31
04-May-2026 16:50:58.777 INFOS [main] org.apache.catalina.startup.VersionLoggerListener.log Argument de la ligne de commande : -Djava.io.tmpdir=C:\Users\Ahmed Aziz\.gemini\antigravity\scratch\covoiturage\.tools\apache-tomcat-10.1.31\temp
04-May-2026 16:50:58.790 INFOS [main] org.apache.catalina.core.AprLifecycleListener.lifecycleEvent Chargement de la librairie Apache Tomcat Native [2.0.8] en utilisant APR version [1.7.4]
04-May-2026 16:50:58.831 INFOS [main] org.apache.catalina.core.AprLifecycleListener.initializeSSL OpenSSL a été initialisé avec succès [OpenSSL 3.0.14 4 Jun 2024]
04-May-2026 16:50:59.608 INFOS [main] org.apache.coyote.AbstractProtocol.init Initialisation du gestionnaire de protocole ["http-nio-8080"]
04-May-2026 16:50:59.731 INFOS [main] org.apache.catalina.startup.Catalina.load L'initialisation du serveur a pris [1642] millisecondes
04-May-2026 16:50:59.894 INFOS [main] org.apache.catalina.core.StandardService.startInternal Démarrage du service [Catalina]
04-May-2026 16:50:59.895 INFOS [main] org.apache.catalina.core.StandardEngine.startInternal Démarrage du moteur de Servlets : [Apache Tomcat/10.1.31]
04-May-2026 16:50:59.948 INFOS [main] org.apache.catalina.startup.HostConfig.deployWAR Déploiement de l'archive [C:\Users\Ahmed Aziz\.gemini\antigravity\scratch\covoiturage\.tools\apache-tomcat-10.1.31\webapps\ROOT.war] de l'application web
04-May-2026 16:51:03.367 INFOS [main] org.apache.catalina.startup.HostConfig.deployWAR Le déploiement de l'archive de l'application web [C:\Users\Ahmed Aziz\.gemini\antigravity\scratch\covoiturage\.tools\apache-tomcat-10.1.31\webapps\ROOT.war] s'est terminé en [3 412] ms
04-May-2026 16:51:03.368 INFOS [main] org.apache.catalina.startup.HostConfig.deployDirectory Déploiement du répertoire d'application web [C:\Users\Ahmed Aziz\.gemini\antigravity\scratch\covoiturage\.tools\apache-tomcat-10.1.31\webapps\docs]
04-May-2026 16:51:03.483 INFOS [main] org.apache.catalina.startup.HostConfig.deployDirectory Le déploiement du répertoire [C:\Users\Ahmed Aziz\.gemini\antigravity\scratch\covoiturage\.tools\apache-tomcat-10.1.31\webapps\docs] de l'application web s'est terminé en [114] ms
04-May-2026 16:51:03.484 INFOS [main] org.apache.catalina.startup.HostConfig.deployDirectory Déploiement du répertoire d'application web [C:\Users\Ahmed Aziz\.gemini\antigravity\scratch\covoiturage\.tools\apache-tomcat-10.1.31\webapps\examples]
04-May-2026 16:51:04.803 INFOS [main] org.apache.catalina.startup.HostConfig.deployDirectory Le déploiement du répertoire [C:\Users\Ahmed Aziz\.gemini\antigravity\scratch\covoiturage\.tools\apache-tomcat-10.1.31\webapps\examples] de l'application web s'est terminé en [1 317] ms
04-May-2026 16:51:04.804 INFOS [main] org.apache.catalina.startup.HostConfig.deployDirectory Déploiement du répertoire d'application web [C:\Users\Ahmed Aziz\.gemini\antigravity\scratch\covoiturage\.tools\apache-tomcat-10.1.31\webapps\host-manager]
04-May-2026 16:51:04.961 INFOS [main] org.apache.catalina.startup.HostConfig.deployDirectory Le déploiement du répertoire [C:\Users\Ahmed Aziz\.gemini\antigravity\scratch\covoiturage\.tools\apache-tomcat-10.1.31\webapps\host-manager] de l'application web s'est terminé en [157] ms
04-May-2026 16:51:04.963 INFOS [main] org.apache.catalina.startup.HostConfig.deployDirectory Déploiement du répertoire d'application web [C:\Users\Ahmed Aziz\.gemini\antigravity\scratch\covoiturage\.tools\apache-tomcat-10.1.31\webapps\manager]
04-May-2026 16:51:05.084 INFOS [main] org.apache.catalina.startup.HostConfig.deployDirectory Le déploiement du répertoire [C:\Users\Ahmed Aziz\.gemini\antigravity\scratch\covoiturage\.tools\apache-tomcat-10.1.31\webapps\manager] de l'application web s'est terminé en [122] ms
04-May-2026 16:51:05.107 INFOS [main] org.apache.coyote.AbstractProtocol.start Démarrage du gestionnaire de protocole ["http-nio-8080"]
04-May-2026 16:51:05.212 INFOS [main] org.apache.catalina.startup.Catalina.start Le démarrage du serveur a pris [5475] millisecondes
04-May-2026 17:09:35.270 INFOS [main] org.apache.catalina.startup.VersionLoggerListener.log Nom version serveur :              Apache Tomcat/10.1.31
04-May-2026 17:09:35.275 INFOS [main] org.apache.catalina.startup.VersionLoggerListener.log Serveur compilé :                  Oct 3 2024 19:02:38 UTC
04-May-2026 17:09:35.275 INFOS [main] org.apache.catalina.startup.VersionLoggerListener.log Version du serveur :               10.1.31.0
04-May-2026 17:09:35.276 INFOS [main] org.apache.catalina.startup.VersionLoggerListener.log Nom de l'OS :                      Windows 11
04-May-2026 17:09:35.276 INFOS [main] org.apache.catalina.startup.VersionLoggerListener.log Version OS :                       10.0
04-May-2026 17:09:35.276 INFOS [main] org.apache.catalina.startup.VersionLoggerListener.log Architecture :                     amd64
04-May-2026 17:09:35.276 INFOS [main] org.apache.catalina.startup.VersionLoggerListener.log Java Home :                        C:\Program Files\Eclipse Adoptium\jdk-21.0.10.7-hotspot
04-May-2026 17:09:35.277 INFOS [main] org.apache.catalina.startup.VersionLoggerListener.log Version JVM :                      21.0.10+7-LTS
04-May-2026 17:09:35.277 INFOS [main] org.apache.catalina.startup.VersionLoggerListener.log Fournisseur de la JVM :            Eclipse Adoptium
04-May-2026 17:09:35.277 INFOS [main] org.apache.catalina.startup.VersionLoggerListener.log CATALINA_BASE :                    C:\Users\Ahmed Aziz\.gemini\antigravity\scratch\covoiturage\.tools\apache-tomcat-10.1.31
04-May-2026 17:09:35.277 INFOS [main] org.apache.catalina.startup.VersionLoggerListener.log CATALINA_HOME :                    C:\Users\Ahmed Aziz\.gemini\antigravity\scratch\covoiturage\.tools\apache-tomcat-10.1.31
04-May-2026 17:09:35.296 INFOS [main] org.apache.catalina.startup.VersionLoggerListener.log Argument de la ligne de commande : -Djava.util.logging.config.file=C:\Users\Ahmed Aziz\.gemini\antigravity\scratch\covoiturage\.tools\apache-tomcat-10.1.31\conf\logging.properties
04-May-2026 17:09:35.297 INFOS [main] org.apache.catalina.startup.VersionLoggerListener.log Argument de la ligne de commande : -Djava.util.logging.manager=org.apache.juli.ClassLoaderLogManager
04-May-2026 17:09:35.298 INFOS [main] org.apache.catalina.startup.VersionLoggerListener.log Argument de la ligne de commande : -Djdk.tls.ephemeralDHKeySize=2048
04-May-2026 17:09:35.298 INFOS [main] org.apache.catalina.startup.VersionLoggerListener.log Argument de la ligne de commande : -Djava.protocol.handler.pkgs=org.apache.catalina.webresources
04-May-2026 17:09:35.299 INFOS [main] org.apache.catalina.startup.VersionLoggerListener.log Argument de la ligne de commande : --add-opens=java.base/java.lang=ALL-UNNAMED
04-May-2026 17:09:35.299 INFOS [main] org.apache.catalina.startup.VersionLoggerListener.log Argument de la ligne de commande : --add-opens=java.base/java.io=ALL-UNNAMED
04-May-2026 17:09:35.299 INFOS [main] org.apache.catalina.startup.VersionLoggerListener.log Argument de la ligne de commande : --add-opens=java.base/java.util=ALL-UNNAMED
04-May-2026 17:09:35.299 INFOS [main] org.apache.catalina.startup.VersionLoggerListener.log Argument de la ligne de commande : --add-opens=java.base/java.util.concurrent=ALL-UNNAMED
04-May-2026 17:09:35.299 INFOS [main] org.apache.catalina.startup.VersionLoggerListener.log Argument de la ligne de commande : --add-opens=java.rmi/sun.rmi.transport=ALL-UNNAMED
04-May-2026 17:09:35.299 INFOS [main] org.apache.catalina.startup.VersionLoggerListener.log Argument de la ligne de commande : -Dcatalina.base=C:\Users\Ahmed Aziz\.gemini\antigravity\scratch\covoiturage\.tools\apache-tomcat-10.1.31
04-May-2026 17:09:35.299 INFOS [main] org.apache.catalina.startup.VersionLoggerListener.log Argument de la ligne de commande : -Dcatalina.home=C:\Users\Ahmed Aziz\.gemini\antigravity\scratch\covoiturage\.tools\apache-tomcat-10.1.31
04-May-2026 17:09:35.299 INFOS [main] org.apache.catalina.startup.VersionLoggerListener.log Argument de la ligne de commande : -Djava.io.tmpdir=C:\Users\Ahmed Aziz\.gemini\antigravity\scratch\covoiturage\.tools\apache-tomcat-10.1.31\temp
04-May-2026 17:09:35.302 INFOS [main] org.apache.catalina.core.AprLifecycleListener.lifecycleEvent Chargement de la librairie Apache Tomcat Native [2.0.8] en utilisant APR version [1.7.4]
04-May-2026 17:09:35.309 INFOS [main] org.apache.catalina.core.AprLifecycleListener.initializeSSL OpenSSL a été initialisé avec succès [OpenSSL 3.0.14 4 Jun 2024]
04-May-2026 17:09:35.577 INFOS [main] org.apache.coyote.AbstractProtocol.init Initialisation du gestionnaire de protocole ["http-nio-8080"]
04-May-2026 17:09:35.612 INFOS [main] org.apache.catalina.startup.Catalina.load L'initialisation du serveur a pris [547] millisecondes
04-May-2026 17:09:35.685 INFOS [main] org.apache.catalina.core.StandardService.startInternal Démarrage du service [Catalina]
04-May-2026 17:09:35.685 INFOS [main] org.apache.catalina.core.StandardEngine.startInternal Démarrage du moteur de Servlets : [Apache Tomcat/10.1.31]
04-May-2026 17:09:35.706 INFOS [main] org.apache.catalina.startup.HostConfig.deployWAR Déploiement de l'archive [C:\Users\Ahmed Aziz\.gemini\antigravity\scratch\covoiturage\.tools\apache-tomcat-10.1.31\webapps\ROOT.war] de l'application web
04-May-2026 17:09:36.716 INFOS [main] org.apache.catalina.startup.HostConfig.deployWAR Le déploiement de l'archive de l'application web [C:\Users\Ahmed Aziz\.gemini\antigravity\scratch\covoiturage\.tools\apache-tomcat-10.1.31\webapps\ROOT.war] s'est terminé en [1 007] ms
04-May-2026 17:09:36.717 INFOS [main] org.apache.catalina.startup.HostConfig.deployDirectory Déploiement du répertoire d'application web [C:\Users\Ahmed Aziz\.gemini\antigravity\scratch\covoiturage\.tools\apache-tomcat-10.1.31\webapps\docs]
04-May-2026 17:09:36.764 INFOS [main] org.apache.catalina.startup.HostConfig.deployDirectory Le déploiement du répertoire [C:\Users\Ahmed Aziz\.gemini\antigravity\scratch\covoiturage\.tools\apache-tomcat-10.1.31\webapps\docs] de l'application web s'est terminé en [47] ms
04-May-2026 17:09:36.764 INFOS [main] org.apache.catalina.startup.HostConfig.deployDirectory Déploiement du répertoire d'application web [C:\Users\Ahmed Aziz\.gemini\antigravity\scratch\covoiturage\.tools\apache-tomcat-10.1.31\webapps\examples]
04-May-2026 17:09:37.194 INFOS [main] org.apache.catalina.startup.HostConfig.deployDirectory Le déploiement du répertoire [C:\Users\Ahmed Aziz\.gemini\antigravity\scratch\covoiturage\.tools\apache-tomcat-10.1.31\webapps\examples] de l'application web s'est terminé en [430] ms
04-May-2026 17:09:37.194 INFOS [main] org.apache.catalina.startup.HostConfig.deployDirectory Déploiement du répertoire d'application web [C:\Users\Ahmed Aziz\.gemini\antigravity\scratch\covoiturage\.tools\apache-tomcat-10.1.31\webapps\host-manager]
04-May-2026 17:09:37.241 INFOS [main] org.apache.catalina.startup.HostConfig.deployDirectory Le déploiement du répertoire [C:\Users\Ahmed Aziz\.gemini\antigravity\scratch\covoiturage\.tools\apache-tomcat-10.1.31\webapps\host-manager] de l'application web s'est terminé en [47] ms
04-May-2026 17:09:37.242 INFOS [main] org.apache.catalina.startup.HostConfig.deployDirectory Déploiement du répertoire d'application web [C:\Users\Ahmed Aziz\.gemini\antigravity\scratch\covoiturage\.tools\apache-tomcat-10.1.31\webapps\manager]
04-May-2026 17:09:37.292 INFOS [main] org.apache.catalina.startup.HostConfig.deployDirectory Le déploiement du répertoire [C:\Users\Ahmed Aziz\.gemini\antigravity\scratch\covoiturage\.tools\apache-tomcat-10.1.31\webapps\manager] de l'application web s'est terminé en [50] ms
04-May-2026 17:09:37.303 INFOS [main] org.apache.coyote.AbstractProtocol.start Démarrage du gestionnaire de protocole ["http-nio-8080"]
04-May-2026 17:09:37.338 INFOS [main] org.apache.catalina.startup.Catalina.start Le démarrage du serveur a pris [1725] millisecondes
04-May-2026 17:16:14.535 INFOS [Thread-2] org.apache.coyote.AbstractProtocol.pause Le gestionnaire de protocole ["http-nio-8080"] est mis en pause
04-May-2026 17:16:14.544 INFOS [Thread-2] org.apache.catalina.core.StandardService.stopInternal Arrêt du service [Catalina]
04-May-2026 17:16:14.552 AVERTISSEMENT [Thread-2] org.apache.catalina.loader.WebappClassLoaderBase.clearReferencesJdbc L'application web [ROOT] a enregistré un pilote JDBC [org.h2.Driver], mais ne l'a pas désenregistré avant l'arrêt de l'application.  Pour éviter une fuite de mémoire, le pilote JDBC a été désenregistré de force.
04-May-2026 17:16:14.581 INFOS [Thread-2] org.apache.coyote.AbstractProtocol.stop Arrêt du gestionnaire de protocole ["http-nio-8080"]
04-May-2026 17:16:14.590 INFOS [Thread-2] org.apache.coyote.AbstractProtocol.destroy Destruction du gestionnaire de protocole ["http-nio-8080"]
04-May-2026 17:21:14.974 INFOS [main] org.apache.catalina.startup.VersionLoggerListener.log Nom version serveur :              Apache Tomcat/10.1.31
04-May-2026 17:21:14.983 INFOS [main] org.apache.catalina.startup.VersionLoggerListener.log Serveur compilé :                  Oct 3 2024 19:02:38 UTC
04-May-2026 17:21:14.985 INFOS [main] org.apache.catalina.startup.VersionLoggerListener.log Version du serveur :               10.1.31.0
04-May-2026 17:21:14.986 INFOS [main] org.apache.catalina.startup.VersionLoggerListener.log Nom de l'OS :                      Windows 11
04-May-2026 17:21:14.986 INFOS [main] org.apache.catalina.startup.VersionLoggerListener.log Version OS :                       10.0
04-May-2026 17:21:14.986 INFOS [main] org.apache.catalina.startup.VersionLoggerListener.log Architecture :                     amd64
04-May-2026 17:21:14.987 INFOS [main] org.apache.catalina.startup.VersionLoggerListener.log Java Home :                        C:\Program Files\Eclipse Adoptium\jdk-21.0.10.7-hotspot
04-May-2026 17:21:14.988 INFOS [main] org.apache.catalina.startup.VersionLoggerListener.log Version JVM :                      21.0.10+7-LTS
04-May-2026 17:21:14.988 INFOS [main] org.apache.catalina.startup.VersionLoggerListener.log Fournisseur de la JVM :            Eclipse Adoptium
04-May-2026 17:21:14.989 INFOS [main] org.apache.catalina.startup.VersionLoggerListener.log CATALINA_BASE :                    C:\Users\Ahmed Aziz\.gemini\antigravity\scratch\covoiturage\.tools\apache-tomcat-10.1.31
04-May-2026 17:21:14.989 INFOS [main] org.apache.catalina.startup.VersionLoggerListener.log CATALINA_HOME :                    C:\Users\Ahmed Aziz\.gemini\antigravity\scratch\covoiturage\.tools\apache-tomcat-10.1.31
04-May-2026 17:21:15.011 INFOS [main] org.apache.catalina.startup.VersionLoggerListener.log Argument de la ligne de commande : -Djava.util.logging.config.file=C:\Users\Ahmed Aziz\.gemini\antigravity\scratch\covoiturage\.tools\apache-tomcat-10.1.31\conf\logging.properties
04-May-2026 17:21:15.012 INFOS [main] org.apache.catalina.startup.VersionLoggerListener.log Argument de la ligne de commande : -Djava.util.logging.manager=org.apache.juli.ClassLoaderLogManager
04-May-2026 17:21:15.012 INFOS [main] org.apache.catalina.startup.VersionLoggerListener.log Argument de la ligne de commande : -Djdk.tls.ephemeralDHKeySize=2048
04-May-2026 17:21:15.013 INFOS [main] org.apache.catalina.startup.VersionLoggerListener.log Argument de la ligne de commande : -Djava.protocol.handler.pkgs=org.apache.catalina.webresources
04-May-2026 17:21:15.013 INFOS [main] org.apache.catalina.startup.VersionLoggerListener.log Argument de la ligne de commande : --add-opens=java.base/java.lang=ALL-UNNAMED
04-May-2026 17:21:15.014 INFOS [main] org.apache.catalina.startup.VersionLoggerListener.log Argument de la ligne de commande : --add-opens=java.base/java.io=ALL-UNNAMED
04-May-2026 17:21:15.014 INFOS [main] org.apache.catalina.startup.VersionLoggerListener.log Argument de la ligne de commande : --add-opens=java.base/java.util=ALL-UNNAMED
04-May-2026 17:21:15.014 INFOS [main] org.apache.catalina.startup.VersionLoggerListener.log Argument de la ligne de commande : --add-opens=java.base/java.util.concurrent=ALL-UNNAMED
04-May-2026 17:21:15.015 INFOS [main] org.apache.catalina.startup.VersionLoggerListener.log Argument de la ligne de commande : --add-opens=java.rmi/sun.rmi.transport=ALL-UNNAMED
04-May-2026 17:21:15.015 INFOS [main] org.apache.catalina.startup.VersionLoggerListener.log Argument de la ligne de commande : -Dcatalina.base=C:\Users\Ahmed Aziz\.gemini\antigravity\scratch\covoiturage\.tools\apache-tomcat-10.1.31
04-May-2026 17:21:15.015 INFOS [main] org.apache.catalina.startup.VersionLoggerListener.log Argument de la ligne de commande : -Dcatalina.home=C:\Users\Ahmed Aziz\.gemini\antigravity\scratch\covoiturage\.tools\apache-tomcat-10.1.31
04-May-2026 17:21:15.015 INFOS [main] org.apache.catalina.startup.VersionLoggerListener.log Argument de la ligne de commande : -Djava.io.tmpdir=C:\Users\Ahmed Aziz\.gemini\antigravity\scratch\covoiturage\.tools\apache-tomcat-10.1.31\temp
04-May-2026 17:21:15.023 INFOS [main] org.apache.catalina.core.AprLifecycleListener.lifecycleEvent Chargement de la librairie Apache Tomcat Native [2.0.8] en utilisant APR version [1.7.4]
04-May-2026 17:21:15.051 INFOS [main] org.apache.catalina.core.AprLifecycleListener.initializeSSL OpenSSL a été initialisé avec succès [OpenSSL 3.0.14 4 Jun 2024]
04-May-2026 17:21:15.409 INFOS [main] org.apache.coyote.AbstractProtocol.init Initialisation du gestionnaire de protocole ["http-nio-8080"]
04-May-2026 17:21:15.457 INFOS [main] org.apache.catalina.startup.Catalina.load L'initialisation du serveur a pris [756] millisecondes
04-May-2026 17:21:15.580 INFOS [main] org.apache.catalina.core.StandardService.startInternal Démarrage du service [Catalina]
04-May-2026 17:21:15.582 INFOS [main] org.apache.catalina.core.StandardEngine.startInternal Démarrage du moteur de Servlets : [Apache Tomcat/10.1.31]
04-May-2026 17:21:15.646 INFOS [main] org.apache.catalina.startup.HostConfig.deployWAR Déploiement de l'archive [C:\Users\Ahmed Aziz\.gemini\antigravity\scratch\covoiturage\.tools\apache-tomcat-10.1.31\webapps\ROOT.war] de l'application web
04-May-2026 17:21:17.227 INFOS [main] org.apache.catalina.startup.HostConfig.deployWAR Le déploiement de l'archive de l'application web [C:\Users\Ahmed Aziz\.gemini\antigravity\scratch\covoiturage\.tools\apache-tomcat-10.1.31\webapps\ROOT.war] s'est terminé en [1 578] ms
04-May-2026 17:21:17.229 INFOS [main] org.apache.catalina.startup.HostConfig.deployDirectory Déploiement du répertoire d'application web [C:\Users\Ahmed Aziz\.gemini\antigravity\scratch\covoiturage\.tools\apache-tomcat-10.1.31\webapps\docs]
04-May-2026 17:21:17.285 INFOS [main] org.apache.catalina.startup.HostConfig.deployDirectory Le déploiement du répertoire [C:\Users\Ahmed Aziz\.gemini\antigravity\scratch\covoiturage\.tools\apache-tomcat-10.1.31\webapps\docs] de l'application web s'est terminé en [55] ms
04-May-2026 17:21:17.290 INFOS [main] org.apache.catalina.startup.HostConfig.deployDirectory Déploiement du répertoire d'application web [C:\Users\Ahmed Aziz\.gemini\antigravity\scratch\covoiturage\.tools\apache-tomcat-10.1.31\webapps\examples]
04-May-2026 17:21:17.863 INFOS [main] org.apache.catalina.startup.HostConfig.deployDirectory Le déploiement du répertoire [C:\Users\Ahmed Aziz\.gemini\antigravity\scratch\covoiturage\.tools\apache-tomcat-10.1.31\webapps\examples] de l'application web s'est terminé en [573] ms
04-May-2026 17:21:17.864 INFOS [main] org.apache.catalina.startup.HostConfig.deployDirectory Déploiement du répertoire d'application web [C:\Users\Ahmed Aziz\.gemini\antigravity\scratch\covoiturage\.tools\apache-tomcat-10.1.31\webapps\host-manager]
04-May-2026 17:21:17.940 INFOS [main] org.apache.catalina.startup.HostConfig.deployDirectory Le déploiement du répertoire [C:\Users\Ahmed Aziz\.gemini\antigravity\scratch\covoiturage\.tools\apache-tomcat-10.1.31\webapps\host-manager] de l'application web s'est terminé en [76] ms
04-May-2026 17:21:17.940 INFOS [main] org.apache.catalina.startup.HostConfig.deployDirectory Déploiement du répertoire d'application web [C:\Users\Ahmed Aziz\.gemini\antigravity\scratch\covoiturage\.tools\apache-tomcat-10.1.31\webapps\manager]
04-May-2026 17:21:18.006 INFOS [main] org.apache.catalina.startup.HostConfig.deployDirectory Le déploiement du répertoire [C:\Users\Ahmed Aziz\.gemini\antigravity\scratch\covoiturage\.tools\apache-tomcat-10.1.31\webapps\manager] de l'application web s'est terminé en [64] ms
04-May-2026 17:21:18.014 INFOS [main] org.apache.coyote.AbstractProtocol.start Démarrage du gestionnaire de protocole ["http-nio-8080"]
04-May-2026 17:21:18.062 INFOS [main] org.apache.catalina.startup.Catalina.start Le démarrage du serveur a pris [2600] millisecondes
04-May-2026 17:34:07.444 INFOS [main] org.apache.catalina.startup.VersionLoggerListener.log Nom version serveur :              Apache Tomcat/10.1.31
04-May-2026 17:34:07.450 INFOS [main] org.apache.catalina.startup.VersionLoggerListener.log Serveur compilé :                  Oct 3 2024 19:02:38 UTC
04-May-2026 17:34:07.450 INFOS [main] org.apache.catalina.startup.VersionLoggerListener.log Version du serveur :               10.1.31.0
04-May-2026 17:34:07.451 INFOS [main] org.apache.catalina.startup.VersionLoggerListener.log Nom de l'OS :                      Windows 11
04-May-2026 17:34:07.451 INFOS [main] org.apache.catalina.startup.VersionLoggerListener.log Version OS :                       10.0
04-May-2026 17:34:07.451 INFOS [main] org.apache.catalina.startup.VersionLoggerListener.log Architecture :                     amd64
04-May-2026 17:34:07.451 INFOS [main] org.apache.catalina.startup.VersionLoggerListener.log Java Home :                        C:\Program Files\Eclipse Adoptium\jdk-21.0.10.7-hotspot
04-May-2026 17:34:07.451 INFOS [main] org.apache.catalina.startup.VersionLoggerListener.log Version JVM :                      21.0.10+7-LTS
04-May-2026 17:34:07.452 INFOS [main] org.apache.catalina.startup.VersionLoggerListener.log Fournisseur de la JVM :            Eclipse Adoptium
04-May-2026 17:34:07.452 INFOS [main] org.apache.catalina.startup.VersionLoggerListener.log CATALINA_BASE :                    C:\Users\Ahmed Aziz\.gemini\antigravity\scratch\covoiturage\.tools\apache-tomcat-10.1.31
04-May-2026 17:34:07.453 INFOS [main] org.apache.catalina.startup.VersionLoggerListener.log CATALINA_HOME :                    C:\Users\Ahmed Aziz\.gemini\antigravity\scratch\covoiturage\.tools\apache-tomcat-10.1.31
04-May-2026 17:34:07.473 INFOS [main] org.apache.catalina.startup.VersionLoggerListener.log Argument de la ligne de commande : -Djava.util.logging.config.file=c:\Users\Ahmed Aziz\.gemini\antigravity\scratch\covoiturage\.tools\apache-tomcat-10.1.31\conf\logging.properties
04-May-2026 17:34:07.473 INFOS [main] org.apache.catalina.startup.VersionLoggerListener.log Argument de la ligne de commande : -Djava.util.logging.manager=org.apache.juli.ClassLoaderLogManager
04-May-2026 17:34:07.473 INFOS [main] org.apache.catalina.startup.VersionLoggerListener.log Argument de la ligne de commande : -Djdk.tls.ephemeralDHKeySize=2048
04-May-2026 17:34:07.473 INFOS [main] org.apache.catalina.startup.VersionLoggerListener.log Argument de la ligne de commande : -Djava.protocol.handler.pkgs=org.apache.catalina.webresources
04-May-2026 17:34:07.473 INFOS [main] org.apache.catalina.startup.VersionLoggerListener.log Argument de la ligne de commande : --add-opens=java.base/java.lang=ALL-UNNAMED
04-May-2026 17:34:07.473 INFOS [main] org.apache.catalina.startup.VersionLoggerListener.log Argument de la ligne de commande : --add-opens=java.base/java.io=ALL-UNNAMED
04-May-2026 17:34:07.474 INFOS [main] org.apache.catalina.startup.VersionLoggerListener.log Argument de la ligne de commande : --add-opens=java.base/java.util=ALL-UNNAMED
04-May-2026 17:34:07.474 INFOS [main] org.apache.catalina.startup.VersionLoggerListener.log Argument de la ligne de commande : --add-opens=java.base/java.util.concurrent=ALL-UNNAMED
04-May-2026 17:34:07.474 INFOS [main] org.apache.catalina.startup.VersionLoggerListener.log Argument de la ligne de commande : --add-opens=java.rmi/sun.rmi.transport=ALL-UNNAMED
04-May-2026 17:34:07.474 INFOS [main] org.apache.catalina.startup.VersionLoggerListener.log Argument de la ligne de commande : -Dcatalina.base=c:\Users\Ahmed Aziz\.gemini\antigravity\scratch\covoiturage\.tools\apache-tomcat-10.1.31
04-May-2026 17:34:07.475 INFOS [main] org.apache.catalina.startup.VersionLoggerListener.log Argument de la ligne de commande : -Dcatalina.home=c:\Users\Ahmed Aziz\.gemini\antigravity\scratch\covoiturage\.tools\apache-tomcat-10.1.31
04-May-2026 17:34:07.475 INFOS [main] org.apache.catalina.startup.VersionLoggerListener.log Argument de la ligne de commande : -Djava.io.tmpdir=c:\Users\Ahmed Aziz\.gemini\antigravity\scratch\covoiturage\.tools\apache-tomcat-10.1.31\temp
04-May-2026 17:34:07.478 INFOS [main] org.apache.catalina.core.AprLifecycleListener.lifecycleEvent Chargement de la librairie Apache Tomcat Native [2.0.8] en utilisant APR version [1.7.4]
04-May-2026 17:34:07.485 INFOS [main] org.apache.catalina.core.AprLifecycleListener.initializeSSL OpenSSL a été initialisé avec succès [OpenSSL 3.0.14 4 Jun 2024]
04-May-2026 17:34:07.743 INFOS [main] org.apache.coyote.AbstractProtocol.init Initialisation du gestionnaire de protocole ["http-nio-8080"]
04-May-2026 17:34:07.775 INFOS [main] org.apache.catalina.startup.Catalina.load L'initialisation du serveur a pris [527] millisecondes
04-May-2026 17:34:07.835 INFOS [main] org.apache.catalina.core.StandardService.startInternal Démarrage du service [Catalina]
04-May-2026 17:34:07.835 INFOS [main] org.apache.catalina.core.StandardEngine.startInternal Démarrage du moteur de Servlets : [Apache Tomcat/10.1.31]
04-May-2026 17:34:07.856 INFOS [main] org.apache.catalina.startup.HostConfig.deployWAR Déploiement de l'archive [C:\Users\Ahmed Aziz\.gemini\antigravity\scratch\covoiturage\.tools\apache-tomcat-10.1.31\webapps\ROOT.war] de l'application web
04-May-2026 17:34:08.800 INFOS [main] org.apache.catalina.startup.HostConfig.deployWAR Le déploiement de l'archive de l'application web [C:\Users\Ahmed Aziz\.gemini\antigravity\scratch\covoiturage\.tools\apache-tomcat-10.1.31\webapps\ROOT.war] s'est terminé en [942] ms
04-May-2026 17:34:08.800 INFOS [main] org.apache.catalina.startup.HostConfig.deployDirectory Déploiement du répertoire d'application web [C:\Users\Ahmed Aziz\.gemini\antigravity\scratch\covoiturage\.tools\apache-tomcat-10.1.31\webapps\docs]
04-May-2026 17:34:08.847 INFOS [main] org.apache.catalina.startup.HostConfig.deployDirectory Le déploiement du répertoire [C:\Users\Ahmed Aziz\.gemini\antigravity\scratch\covoiturage\.tools\apache-tomcat-10.1.31\webapps\docs] de l'application web s'est terminé en [47] ms
04-May-2026 17:34:08.847 INFOS [main] org.apache.catalina.startup.HostConfig.deployDirectory Déploiement du répertoire d'application web [C:\Users\Ahmed Aziz\.gemini\antigravity\scratch\covoiturage\.tools\apache-tomcat-10.1.31\webapps\examples]
04-May-2026 17:34:09.248 INFOS [main] org.apache.catalina.startup.HostConfig.deployDirectory Le déploiement du répertoire [C:\Users\Ahmed Aziz\.gemini\antigravity\scratch\covoiturage\.tools\apache-tomcat-10.1.31\webapps\examples] de l'application web s'est terminé en [401] ms
04-May-2026 17:34:09.249 INFOS [main] org.apache.catalina.startup.HostConfig.deployDirectory Déploiement du répertoire d'application web [C:\Users\Ahmed Aziz\.gemini\antigravity\scratch\covoiturage\.tools\apache-tomcat-10.1.31\webapps\host-manager]
04-May-2026 17:34:09.288 INFOS [main] org.apache.catalina.startup.HostConfig.deployDirectory Le déploiement du répertoire [C:\Users\Ahmed Aziz\.gemini\antigravity\scratch\covoiturage\.tools\apache-tomcat-10.1.31\webapps\host-manager] de l'application web s'est terminé en [39] ms
04-May-2026 17:34:09.288 INFOS [main] org.apache.catalina.startup.HostConfig.deployDirectory Déploiement du répertoire d'application web [C:\Users\Ahmed Aziz\.gemini\antigravity\scratch\covoiturage\.tools\apache-tomcat-10.1.31\webapps\manager]
04-May-2026 17:34:09.326 INFOS [main] org.apache.catalina.startup.HostConfig.deployDirectory Le déploiement du répertoire [C:\Users\Ahmed Aziz\.gemini\antigravity\scratch\covoiturage\.tools\apache-tomcat-10.1.31\webapps\manager] de l'application web s'est terminé en [38] ms
04-May-2026 17:34:09.331 INFOS [main] org.apache.coyote.AbstractProtocol.start Démarrage du gestionnaire de protocole ["http-nio-8080"]
04-May-2026 17:34:09.353 INFOS [main] org.apache.catalina.startup.Catalina.start Le démarrage du serveur a pris [1575] millisecondes
04-May-2026 17:38:35.288 INFOS [Thread-2] org.apache.coyote.AbstractProtocol.pause Le gestionnaire de protocole ["http-nio-8080"] est mis en pause
04-May-2026 17:38:35.296 INFOS [Thread-2] org.apache.catalina.core.StandardService.stopInternal Arrêt du service [Catalina]
04-May-2026 17:38:35.302 AVERTISSEMENT [Thread-2] org.apache.catalina.loader.WebappClassLoaderBase.clearReferencesJdbc L'application web [ROOT] a enregistré un pilote JDBC [org.h2.Driver], mais ne l'a pas désenregistré avant l'arrêt de l'application.  Pour éviter une fuite de mémoire, le pilote JDBC a été désenregistré de force.
04-May-2026 17:38:35.330 INFOS [Thread-2] org.apache.coyote.AbstractProtocol.stop Arrêt du gestionnaire de protocole ["http-nio-8080"]
04-May-2026 17:38:35.343 INFOS [Thread-2] org.apache.coyote.AbstractProtocol.destroy Destruction du gestionnaire de protocole ["http-nio-8080"]
04-May-2026 17:38:42.907 INFOS [main] org.apache.catalina.startup.VersionLoggerListener.log Nom version serveur :              Apache Tomcat/10.1.31
04-May-2026 17:38:42.913 INFOS [main] org.apache.catalina.startup.VersionLoggerListener.log Serveur compilé :                  Oct 3 2024 19:02:38 UTC
04-May-2026 17:38:42.915 INFOS [main] org.apache.catalina.startup.VersionLoggerListener.log Version du serveur :               10.1.31.0
04-May-2026 17:38:42.915 INFOS [main] org.apache.catalina.startup.VersionLoggerListener.log Nom de l'OS :                      Windows 11
04-May-2026 17:38:42.915 INFOS [main] org.apache.catalina.startup.VersionLoggerListener.log Version OS :                       10.0
04-May-2026 17:38:42.915 INFOS [main] org.apache.catalina.startup.VersionLoggerListener.log Architecture :                     amd64
04-May-2026 17:38:42.915 INFOS [main] org.apache.catalina.startup.VersionLoggerListener.log Java Home :                        C:\Program Files\Eclipse Adoptium\jdk-21.0.10.7-hotspot
04-May-2026 17:38:42.916 INFOS [main] org.apache.catalina.startup.VersionLoggerListener.log Version JVM :                      21.0.10+7-LTS
04-May-2026 17:38:42.916 INFOS [main] org.apache.catalina.startup.VersionLoggerListener.log Fournisseur de la JVM :            Eclipse Adoptium
04-May-2026 17:38:42.916 INFOS [main] org.apache.catalina.startup.VersionLoggerListener.log CATALINA_BASE :                    C:\Users\Ahmed Aziz\.gemini\antigravity\scratch\covoiturage\.tools\apache-tomcat-10.1.31
04-May-2026 17:38:42.916 INFOS [main] org.apache.catalina.startup.VersionLoggerListener.log CATALINA_HOME :                    C:\Users\Ahmed Aziz\.gemini\antigravity\scratch\covoiturage\.tools\apache-tomcat-10.1.31
04-May-2026 17:38:42.925 INFOS [main] org.apache.catalina.startup.VersionLoggerListener.log Argument de la ligne de commande : -Djava.util.logging.config.file=c:\Users\Ahmed Aziz\.gemini\antigravity\scratch\covoiturage\.tools\apache-tomcat-10.1.31\conf\logging.properties
04-May-2026 17:38:42.925 INFOS [main] org.apache.catalina.startup.VersionLoggerListener.log Argument de la ligne de commande : -Djava.util.logging.manager=org.apache.juli.ClassLoaderLogManager
04-May-2026 17:38:42.925 INFOS [main] org.apache.catalina.startup.VersionLoggerListener.log Argument de la ligne de commande : -Djdk.tls.ephemeralDHKeySize=2048
04-May-2026 17:38:42.926 INFOS [main] org.apache.catalina.startup.VersionLoggerListener.log Argument de la ligne de commande : -Djava.protocol.handler.pkgs=org.apache.catalina.webresources
04-May-2026 17:38:42.926 INFOS [main] org.apache.catalina.startup.VersionLoggerListener.log Argument de la ligne de commande : --add-opens=java.base/java.lang=ALL-UNNAMED
04-May-2026 17:38:42.926 INFOS [main] org.apache.catalina.startup.VersionLoggerListener.log Argument de la ligne de commande : --add-opens=java.base/java.io=ALL-UNNAMED
04-May-2026 17:38:42.926 INFOS [main] org.apache.catalina.startup.VersionLoggerListener.log Argument de la ligne de commande : --add-opens=java.base/java.util=ALL-UNNAMED
04-May-2026 17:38:42.926 INFOS [main] org.apache.catalina.startup.VersionLoggerListener.log Argument de la ligne de commande : --add-opens=java.base/java.util.concurrent=ALL-UNNAMED
04-May-2026 17:38:42.927 INFOS [main] org.apache.catalina.startup.VersionLoggerListener.log Argument de la ligne de commande : --add-opens=java.rmi/sun.rmi.transport=ALL-UNNAMED
04-May-2026 17:38:42.927 INFOS [main] org.apache.catalina.startup.VersionLoggerListener.log Argument de la ligne de commande : -Dcatalina.base=c:\Users\Ahmed Aziz\.gemini\antigravity\scratch\covoiturage\.tools\apache-tomcat-10.1.31
04-May-2026 17:38:42.927 INFOS [main] org.apache.catalina.startup.VersionLoggerListener.log Argument de la ligne de commande : -Dcatalina.home=c:\Users\Ahmed Aziz\.gemini\antigravity\scratch\covoiturage\.tools\apache-tomcat-10.1.31
04-May-2026 17:38:42.927 INFOS [main] org.apache.catalina.startup.VersionLoggerListener.log Argument de la ligne de commande : -Djava.io.tmpdir=c:\Users\Ahmed Aziz\.gemini\antigravity\scratch\covoiturage\.tools\apache-tomcat-10.1.31\temp
04-May-2026 17:38:42.930 INFOS [main] org.apache.catalina.core.AprLifecycleListener.lifecycleEvent Chargement de la librairie Apache Tomcat Native [2.0.8] en utilisant APR version [1.7.4]
04-May-2026 17:38:42.934 INFOS [main] org.apache.catalina.core.AprLifecycleListener.initializeSSL OpenSSL a été initialisé avec succès [OpenSSL 3.0.14 4 Jun 2024]
04-May-2026 17:38:43.161 INFOS [main] org.apache.coyote.AbstractProtocol.init Initialisation du gestionnaire de protocole ["http-nio-8080"]
04-May-2026 17:38:43.189 INFOS [main] org.apache.catalina.startup.Catalina.load L'initialisation du serveur a pris [449] millisecondes
04-May-2026 17:38:43.248 INFOS [main] org.apache.catalina.core.StandardService.startInternal Démarrage du service [Catalina]
04-May-2026 17:38:43.248 INFOS [main] org.apache.catalina.core.StandardEngine.startInternal Démarrage du moteur de Servlets : [Apache Tomcat/10.1.31]
04-May-2026 17:38:43.271 INFOS [main] org.apache.catalina.startup.HostConfig.deployWAR Déploiement de l'archive [C:\Users\Ahmed Aziz\.gemini\antigravity\scratch\covoiturage\.tools\apache-tomcat-10.1.31\webapps\ROOT.war] de l'application web
04-May-2026 17:38:44.378 INFOS [main] org.apache.catalina.startup.HostConfig.deployWAR Le déploiement de l'archive de l'application web [C:\Users\Ahmed Aziz\.gemini\antigravity\scratch\covoiturage\.tools\apache-tomcat-10.1.31\webapps\ROOT.war] s'est terminé en [1 101] ms
04-May-2026 17:38:44.380 INFOS [main] org.apache.catalina.startup.HostConfig.deployDirectory Déploiement du répertoire d'application web [C:\Users\Ahmed Aziz\.gemini\antigravity\scratch\covoiturage\.tools\apache-tomcat-10.1.31\webapps\docs]
04-May-2026 17:38:44.430 INFOS [main] org.apache.catalina.startup.HostConfig.deployDirectory Le déploiement du répertoire [C:\Users\Ahmed Aziz\.gemini\antigravity\scratch\covoiturage\.tools\apache-tomcat-10.1.31\webapps\docs] de l'application web s'est terminé en [49] ms
04-May-2026 17:38:44.430 INFOS [main] org.apache.catalina.startup.HostConfig.deployDirectory Déploiement du répertoire d'application web [C:\Users\Ahmed Aziz\.gemini\antigravity\scratch\covoiturage\.tools\apache-tomcat-10.1.31\webapps\examples]
04-May-2026 17:38:44.799 INFOS [main] org.apache.catalina.startup.HostConfig.deployDirectory Le déploiement du répertoire [C:\Users\Ahmed Aziz\.gemini\antigravity\scratch\covoiturage\.tools\apache-tomcat-10.1.31\webapps\examples] de l'application web s'est terminé en [369] ms
04-May-2026 17:38:44.800 INFOS [main] org.apache.catalina.startup.HostConfig.deployDirectory Déploiement du répertoire d'application web [C:\Users\Ahmed Aziz\.gemini\antigravity\scratch\covoiturage\.tools\apache-tomcat-10.1.31\webapps\host-manager]
04-May-2026 17:38:44.838 INFOS [main] org.apache.catalina.startup.HostConfig.deployDirectory Le déploiement du répertoire [C:\Users\Ahmed Aziz\.gemini\antigravity\scratch\covoiturage\.tools\apache-tomcat-10.1.31\webapps\host-manager] de l'application web s'est terminé en [38] ms
04-May-2026 17:38:44.838 INFOS [main] org.apache.catalina.startup.HostConfig.deployDirectory Déploiement du répertoire d'application web [C:\Users\Ahmed Aziz\.gemini\antigravity\scratch\covoiturage\.tools\apache-tomcat-10.1.31\webapps\manager]
04-May-2026 17:38:44.875 INFOS [main] org.apache.catalina.startup.HostConfig.deployDirectory Le déploiement du répertoire [C:\Users\Ahmed Aziz\.gemini\antigravity\scratch\covoiturage\.tools\apache-tomcat-10.1.31\webapps\manager] de l'application web s'est terminé en [37] ms
04-May-2026 17:38:44.879 INFOS [main] org.apache.coyote.AbstractProtocol.start Démarrage du gestionnaire de protocole ["http-nio-8080"]
04-May-2026 17:38:44.900 INFOS [main] org.apache.catalina.startup.Catalina.start Le démarrage du serveur a pris [1708] millisecondes
04-May-2026 17:42:38.051 INFOS [Thread-2] org.apache.coyote.AbstractProtocol.pause Le gestionnaire de protocole ["http-nio-8080"] est mis en pause
04-May-2026 17:42:38.057 INFOS [Thread-2] org.apache.catalina.core.StandardService.stopInternal Arrêt du service [Catalina]
04-May-2026 17:42:38.065 AVERTISSEMENT [Thread-2] org.apache.catalina.loader.WebappClassLoaderBase.clearReferencesJdbc L'application web [ROOT] a enregistré un pilote JDBC [org.h2.Driver], mais ne l'a pas désenregistré avant l'arrêt de l'application.  Pour éviter une fuite de mémoire, le pilote JDBC a été désenregistré de force.
04-May-2026 17:42:38.085 INFOS [Thread-2] org.apache.coyote.AbstractProtocol.stop Arrêt du gestionnaire de protocole ["http-nio-8080"]
04-May-2026 17:42:38.093 INFOS [Thread-2] org.apache.coyote.AbstractProtocol.destroy Destruction du gestionnaire de protocole ["http-nio-8080"]
04-May-2026 17:42:46.198 INFOS [main] org.apache.catalina.startup.VersionLoggerListener.log Nom version serveur :              Apache Tomcat/10.1.31
04-May-2026 17:42:46.202 INFOS [main] org.apache.catalina.startup.VersionLoggerListener.log Serveur compilé :                  Oct 3 2024 19:02:38 UTC
04-May-2026 17:42:46.203 INFOS [main] org.apache.catalina.startup.VersionLoggerListener.log Version du serveur :               10.1.31.0
04-May-2026 17:42:46.203 INFOS [main] org.apache.catalina.startup.VersionLoggerListener.log Nom de l'OS :                      Windows 11
04-May-2026 17:42:46.204 INFOS [main] org.apache.catalina.startup.VersionLoggerListener.log Version OS :                       10.0
04-May-2026 17:42:46.204 INFOS [main] org.apache.catalina.startup.VersionLoggerListener.log Architecture :                     amd64
04-May-2026 17:42:46.205 INFOS [main] org.apache.catalina.startup.VersionLoggerListener.log Java Home :                        C:\Program Files\Eclipse Adoptium\jdk-21.0.10.7-hotspot
04-May-2026 17:42:46.205 INFOS [main] org.apache.catalina.startup.VersionLoggerListener.log Version JVM :                      21.0.10+7-LTS
04-May-2026 17:42:46.206 INFOS [main] org.apache.catalina.startup.VersionLoggerListener.log Fournisseur de la JVM :            Eclipse Adoptium
04-May-2026 17:42:46.206 INFOS [main] org.apache.catalina.startup.VersionLoggerListener.log CATALINA_BASE :                    C:\Users\Ahmed Aziz\.gemini\antigravity\scratch\covoiturage\.tools\apache-tomcat-10.1.31
04-May-2026 17:42:46.206 INFOS [main] org.apache.catalina.startup.VersionLoggerListener.log CATALINA_HOME :                    C:\Users\Ahmed Aziz\.gemini\antigravity\scratch\covoiturage\.tools\apache-tomcat-10.1.31
04-May-2026 17:42:46.219 INFOS [main] org.apache.catalina.startup.VersionLoggerListener.log Argument de la ligne de commande : -Djava.util.logging.config.file=c:\Users\Ahmed Aziz\.gemini\antigravity\scratch\covoiturage\.tools\apache-tomcat-10.1.31\conf\logging.properties
04-May-2026 17:42:46.219 INFOS [main] org.apache.catalina.startup.VersionLoggerListener.log Argument de la ligne de commande : -Djava.util.logging.manager=org.apache.juli.ClassLoaderLogManager
04-May-2026 17:42:46.221 INFOS [main] org.apache.catalina.startup.VersionLoggerListener.log Argument de la ligne de commande : -Djdk.tls.ephemeralDHKeySize=2048
04-May-2026 17:42:46.221 INFOS [main] org.apache.catalina.startup.VersionLoggerListener.log Argument de la ligne de commande : -Djava.protocol.handler.pkgs=org.apache.catalina.webresources
04-May-2026 17:42:46.221 INFOS [main] org.apache.catalina.startup.VersionLoggerListener.log Argument de la ligne de commande : --add-opens=java.base/java.lang=ALL-UNNAMED
04-May-2026 17:42:46.221 INFOS [main] org.apache.catalina.startup.VersionLoggerListener.log Argument de la ligne de commande : --add-opens=java.base/java.io=ALL-UNNAMED
04-May-2026 17:42:46.221 INFOS [main] org.apache.catalina.startup.VersionLoggerListener.log Argument de la ligne de commande : --add-opens=java.base/java.util=ALL-UNNAMED
04-May-2026 17:42:46.222 INFOS [main] org.apache.catalina.startup.VersionLoggerListener.log Argument de la ligne de commande : --add-opens=java.base/java.util.concurrent=ALL-UNNAMED
04-May-2026 17:42:46.222 INFOS [main] org.apache.catalina.startup.VersionLoggerListener.log Argument de la ligne de commande : --add-opens=java.rmi/sun.rmi.transport=ALL-UNNAMED
04-May-2026 17:42:46.222 INFOS [main] org.apache.catalina.startup.VersionLoggerListener.log Argument de la ligne de commande : -Dcatalina.base=c:\Users\Ahmed Aziz\.gemini\antigravity\scratch\covoiturage\.tools\apache-tomcat-10.1.31
04-May-2026 17:42:46.222 INFOS [main] org.apache.catalina.startup.VersionLoggerListener.log Argument de la ligne de commande : -Dcatalina.home=c:\Users\Ahmed Aziz\.gemini\antigravity\scratch\covoiturage\.tools\apache-tomcat-10.1.31
04-May-2026 17:42:46.223 INFOS [main] org.apache.catalina.startup.VersionLoggerListener.log Argument de la ligne de commande : -Djava.io.tmpdir=c:\Users\Ahmed Aziz\.gemini\antigravity\scratch\covoiturage\.tools\apache-tomcat-10.1.31\temp
04-May-2026 17:42:46.224 INFOS [main] org.apache.catalina.core.AprLifecycleListener.lifecycleEvent Chargement de la librairie Apache Tomcat Native [2.0.8] en utilisant APR version [1.7.4]
04-May-2026 17:42:46.230 INFOS [main] org.apache.catalina.core.AprLifecycleListener.initializeSSL OpenSSL a été initialisé avec succès [OpenSSL 3.0.14 4 Jun 2024]
04-May-2026 17:42:46.459 INFOS [main] org.apache.coyote.AbstractProtocol.init Initialisation du gestionnaire de protocole ["http-nio-8080"]
04-May-2026 17:42:46.485 INFOS [main] org.apache.catalina.startup.Catalina.load L'initialisation du serveur a pris [463] millisecondes
04-May-2026 17:42:46.546 INFOS [main] org.apache.catalina.core.StandardService.startInternal Démarrage du service [Catalina]
04-May-2026 17:42:46.546 INFOS [main] org.apache.catalina.core.StandardEngine.startInternal Démarrage du moteur de Servlets : [Apache Tomcat/10.1.31]
04-May-2026 17:42:46.567 INFOS [main] org.apache.catalina.startup.HostConfig.deployWAR Déploiement de l'archive [C:\Users\Ahmed Aziz\.gemini\antigravity\scratch\covoiturage\.tools\apache-tomcat-10.1.31\webapps\ROOT.war] de l'application web
04-May-2026 17:42:47.678 INFOS [main] org.apache.catalina.startup.HostConfig.deployWAR Le déploiement de l'archive de l'application web [C:\Users\Ahmed Aziz\.gemini\antigravity\scratch\covoiturage\.tools\apache-tomcat-10.1.31\webapps\ROOT.war] s'est terminé en [1 110] ms
04-May-2026 17:42:47.680 INFOS [main] org.apache.catalina.startup.HostConfig.deployDirectory Déploiement du répertoire d'application web [C:\Users\Ahmed Aziz\.gemini\antigravity\scratch\covoiturage\.tools\apache-tomcat-10.1.31\webapps\docs]
04-May-2026 17:42:47.727 INFOS [main] org.apache.catalina.startup.HostConfig.deployDirectory Le déploiement du répertoire [C:\Users\Ahmed Aziz\.gemini\antigravity\scratch\covoiturage\.tools\apache-tomcat-10.1.31\webapps\docs] de l'application web s'est terminé en [47] ms
04-May-2026 17:42:47.728 INFOS [main] org.apache.catalina.startup.HostConfig.deployDirectory Déploiement du répertoire d'application web [C:\Users\Ahmed Aziz\.gemini\antigravity\scratch\covoiturage\.tools\apache-tomcat-10.1.31\webapps\examples]
04-May-2026 17:42:48.101 INFOS [main] org.apache.catalina.startup.HostConfig.deployDirectory Le déploiement du répertoire [C:\Users\Ahmed Aziz\.gemini\antigravity\scratch\covoiturage\.tools\apache-tomcat-10.1.31\webapps\examples] de l'application web s'est terminé en [373] ms
04-May-2026 17:42:48.101 INFOS [main] org.apache.catalina.startup.HostConfig.deployDirectory Déploiement du répertoire d'application web [C:\Users\Ahmed Aziz\.gemini\antigravity\scratch\covoiturage\.tools\apache-tomcat-10.1.31\webapps\host-manager]
04-May-2026 17:42:48.146 INFOS [main] org.apache.catalina.startup.HostConfig.deployDirectory Le déploiement du répertoire [C:\Users\Ahmed Aziz\.gemini\antigravity\scratch\covoiturage\.tools\apache-tomcat-10.1.31\webapps\host-manager] de l'application web s'est terminé en [44] ms
04-May-2026 17:42:48.146 INFOS [main] org.apache.catalina.startup.HostConfig.deployDirectory Déploiement du répertoire d'application web [C:\Users\Ahmed Aziz\.gemini\antigravity\scratch\covoiturage\.tools\apache-tomcat-10.1.31\webapps\manager]
04-May-2026 17:42:48.190 INFOS [main] org.apache.catalina.startup.HostConfig.deployDirectory Le déploiement du répertoire [C:\Users\Ahmed Aziz\.gemini\antigravity\scratch\covoiturage\.tools\apache-tomcat-10.1.31\webapps\manager] de l'application web s'est terminé en [44] ms
04-May-2026 17:42:48.197 INFOS [main] org.apache.coyote.AbstractProtocol.start Démarrage du gestionnaire de protocole ["http-nio-8080"]
04-May-2026 17:42:48.223 INFOS [main] org.apache.catalina.startup.Catalina.start Le démarrage du serveur a pris [1736] millisecondes
04-May-2026 18:00:03.952 INFOS [Thread-2] org.apache.coyote.AbstractProtocol.pause Le gestionnaire de protocole ["http-nio-8080"] est mis en pause
04-May-2026 18:00:03.960 INFOS [Thread-2] org.apache.catalina.core.StandardService.stopInternal Arrêt du service [Catalina]
04-May-2026 18:00:03.966 AVERTISSEMENT [Thread-2] org.apache.catalina.loader.WebappClassLoaderBase.clearReferencesJdbc L'application web [ROOT] a enregistré un pilote JDBC [org.h2.Driver], mais ne l'a pas désenregistré avant l'arrêt de l'application.  Pour éviter une fuite de mémoire, le pilote JDBC a été désenregistré de force.
04-May-2026 18:00:03.981 INFOS [Thread-2] org.apache.coyote.AbstractProtocol.stop Arrêt du gestionnaire de protocole ["http-nio-8080"]
04-May-2026 18:00:03.985 INFOS [Thread-2] org.apache.coyote.AbstractProtocol.destroy Destruction du gestionnaire de protocole ["http-nio-8080"]
04-May-2026 18:00:20.291 INFOS [main] org.apache.catalina.startup.VersionLoggerListener.log Nom version serveur :              Apache Tomcat/10.1.31
04-May-2026 18:00:20.295 INFOS [main] org.apache.catalina.startup.VersionLoggerListener.log Serveur compilé :                  Oct 3 2024 19:02:38 UTC
04-May-2026 18:00:20.296 INFOS [main] org.apache.catalina.startup.VersionLoggerListener.log Version du serveur :               10.1.31.0
04-May-2026 18:00:20.296 INFOS [main] org.apache.catalina.startup.VersionLoggerListener.log Nom de l'OS :                      Windows 11
04-May-2026 18:00:20.296 INFOS [main] org.apache.catalina.startup.VersionLoggerListener.log Version OS :                       10.0
04-May-2026 18:00:20.296 INFOS [main] org.apache.catalina.startup.VersionLoggerListener.log Architecture :                     amd64
04-May-2026 18:00:20.297 INFOS [main] org.apache.catalina.startup.VersionLoggerListener.log Java Home :                        C:\Program Files\Eclipse Adoptium\jdk-21.0.10.7-hotspot
04-May-2026 18:00:20.297 INFOS [main] org.apache.catalina.startup.VersionLoggerListener.log Version JVM :                      21.0.10+7-LTS
04-May-2026 18:00:20.297 INFOS [main] org.apache.catalina.startup.VersionLoggerListener.log Fournisseur de la JVM :            Eclipse Adoptium
04-May-2026 18:00:20.298 INFOS [main] org.apache.catalina.startup.VersionLoggerListener.log CATALINA_BASE :                    C:\Users\Ahmed Aziz\.gemini\antigravity\scratch\covoiturage\.tools\apache-tomcat-10.1.31
04-May-2026 18:00:20.298 INFOS [main] org.apache.catalina.startup.VersionLoggerListener.log CATALINA_HOME :                    C:\Users\Ahmed Aziz\.gemini\antigravity\scratch\covoiturage\.tools\apache-tomcat-10.1.31
04-May-2026 18:00:20.307 INFOS [main] org.apache.catalina.startup.VersionLoggerListener.log Argument de la ligne de commande : -Djava.util.logging.config.file=c:\Users\Ahmed Aziz\.gemini\antigravity\scratch\covoiturage\.tools\apache-tomcat-10.1.31\conf\logging.properties
04-May-2026 18:00:20.307 INFOS [main] org.apache.catalina.startup.VersionLoggerListener.log Argument de la ligne de commande : -Djava.util.logging.manager=org.apache.juli.ClassLoaderLogManager
04-May-2026 18:00:20.307 INFOS [main] org.apache.catalina.startup.VersionLoggerListener.log Argument de la ligne de commande : -Djdk.tls.ephemeralDHKeySize=2048
04-May-2026 18:00:20.307 INFOS [main] org.apache.catalina.startup.VersionLoggerListener.log Argument de la ligne de commande : -Djava.protocol.handler.pkgs=org.apache.catalina.webresources
04-May-2026 18:00:20.308 INFOS [main] org.apache.catalina.startup.VersionLoggerListener.log Argument de la ligne de commande : --add-opens=java.base/java.lang=ALL-UNNAMED
04-May-2026 18:00:20.308 INFOS [main] org.apache.catalina.startup.VersionLoggerListener.log Argument de la ligne de commande : --add-opens=java.base/java.io=ALL-UNNAMED
04-May-2026 18:00:20.308 INFOS [main] org.apache.catalina.startup.VersionLoggerListener.log Argument de la ligne de commande : --add-opens=java.base/java.util=ALL-UNNAMED
04-May-2026 18:00:20.308 INFOS [main] org.apache.catalina.startup.VersionLoggerListener.log Argument de la ligne de commande : --add-opens=java.base/java.util.concurrent=ALL-UNNAMED
04-May-2026 18:00:20.308 INFOS [main] org.apache.catalina.startup.VersionLoggerListener.log Argument de la ligne de commande : --add-opens=java.rmi/sun.rmi.transport=ALL-UNNAMED
04-May-2026 18:00:20.308 INFOS [main] org.apache.catalina.startup.VersionLoggerListener.log Argument de la ligne de commande : -Dcatalina.base=c:\Users\Ahmed Aziz\.gemini\antigravity\scratch\covoiturage\.tools\apache-tomcat-10.1.31
04-May-2026 18:00:20.309 INFOS [main] org.apache.catalina.startup.VersionLoggerListener.log Argument de la ligne de commande : -Dcatalina.home=c:\Users\Ahmed Aziz\.gemini\antigravity\scratch\covoiturage\.tools\apache-tomcat-10.1.31
04-May-2026 18:00:20.309 INFOS [main] org.apache.catalina.startup.VersionLoggerListener.log Argument de la ligne de commande : -Djava.io.tmpdir=c:\Users\Ahmed Aziz\.gemini\antigravity\scratch\covoiturage\.tools\apache-tomcat-10.1.31\temp
04-May-2026 18:00:20.311 INFOS [main] org.apache.catalina.core.AprLifecycleListener.lifecycleEvent Chargement de la librairie Apache Tomcat Native [2.0.8] en utilisant APR version [1.7.4]
04-May-2026 18:00:20.315 INFOS [main] org.apache.catalina.core.AprLifecycleListener.initializeSSL OpenSSL a été initialisé avec succès [OpenSSL 3.0.14 4 Jun 2024]
04-May-2026 18:00:20.522 INFOS [main] org.apache.coyote.AbstractProtocol.init Initialisation du gestionnaire de protocole ["http-nio-8080"]
04-May-2026 18:00:20.547 INFOS [main] org.apache.catalina.startup.Catalina.load L'initialisation du serveur a pris [416] millisecondes
04-May-2026 18:00:20.619 INFOS [main] org.apache.catalina.core.StandardService.startInternal Démarrage du service [Catalina]
04-May-2026 18:00:20.619 INFOS [main] org.apache.catalina.core.StandardEngine.startInternal Démarrage du moteur de Servlets : [Apache Tomcat/10.1.31]
04-May-2026 18:00:20.638 INFOS [main] org.apache.catalina.startup.HostConfig.deployWAR Déploiement de l'archive [C:\Users\Ahmed Aziz\.gemini\antigravity\scratch\covoiturage\.tools\apache-tomcat-10.1.31\webapps\ROOT.war] de l'application web
04-May-2026 18:00:21.568 INFOS [main] org.apache.catalina.startup.HostConfig.deployWAR Le déploiement de l'archive de l'application web [C:\Users\Ahmed Aziz\.gemini\antigravity\scratch\covoiturage\.tools\apache-tomcat-10.1.31\webapps\ROOT.war] s'est terminé en [928] ms
04-May-2026 18:00:21.570 INFOS [main] org.apache.catalina.startup.HostConfig.deployDirectory Déploiement du répertoire d'application web [C:\Users\Ahmed Aziz\.gemini\antigravity\scratch\covoiturage\.tools\apache-tomcat-10.1.31\webapps\docs]
04-May-2026 18:00:21.616 INFOS [main] org.apache.catalina.startup.HostConfig.deployDirectory Le déploiement du répertoire [C:\Users\Ahmed Aziz\.gemini\antigravity\scratch\covoiturage\.tools\apache-tomcat-10.1.31\webapps\docs] de l'application web s'est terminé en [47] ms
04-May-2026 18:00:21.617 INFOS [main] org.apache.catalina.startup.HostConfig.deployDirectory Déploiement du répertoire d'application web [C:\Users\Ahmed Aziz\.gemini\antigravity\scratch\covoiturage\.tools\apache-tomcat-10.1.31\webapps\examples]
04-May-2026 18:00:21.969 INFOS [main] org.apache.catalina.startup.HostConfig.deployDirectory Le déploiement du répertoire [C:\Users\Ahmed Aziz\.gemini\antigravity\scratch\covoiturage\.tools\apache-tomcat-10.1.31\webapps\examples] de l'application web s'est terminé en [352] ms
04-May-2026 18:00:21.970 INFOS [main] org.apache.catalina.startup.HostConfig.deployDirectory Déploiement du répertoire d'application web [C:\Users\Ahmed Aziz\.gemini\antigravity\scratch\covoiturage\.tools\apache-tomcat-10.1.31\webapps\host-manager]
04-May-2026 18:00:22.002 INFOS [main] org.apache.catalina.startup.HostConfig.deployDirectory Le déploiement du répertoire [C:\Users\Ahmed Aziz\.gemini\antigravity\scratch\covoiturage\.tools\apache-tomcat-10.1.31\webapps\host-manager] de l'application web s'est terminé en [33] ms
04-May-2026 18:00:22.003 INFOS [main] org.apache.catalina.startup.HostConfig.deployDirectory Déploiement du répertoire d'application web [C:\Users\Ahmed Aziz\.gemini\antigravity\scratch\covoiturage\.tools\apache-tomcat-10.1.31\webapps\manager]
04-May-2026 18:00:22.037 INFOS [main] org.apache.catalina.startup.HostConfig.deployDirectory Le déploiement du répertoire [C:\Users\Ahmed Aziz\.gemini\antigravity\scratch\covoiturage\.tools\apache-tomcat-10.1.31\webapps\manager] de l'application web s'est terminé en [34] ms
04-May-2026 18:00:22.042 INFOS [main] org.apache.coyote.AbstractProtocol.start Démarrage du gestionnaire de protocole ["http-nio-8080"]
04-May-2026 18:00:22.063 INFOS [main] org.apache.catalina.startup.Catalina.start Le démarrage du serveur a pris [1513] millisecondes
04-May-2026 18:15:29.365 INFOS [Thread-2] org.apache.coyote.AbstractProtocol.pause Le gestionnaire de protocole ["http-nio-8080"] est mis en pause
04-May-2026 18:15:29.372 INFOS [Thread-2] org.apache.catalina.core.StandardService.stopInternal Arrêt du service [Catalina]
04-May-2026 18:15:29.380 AVERTISSEMENT [Thread-2] org.apache.catalina.loader.WebappClassLoaderBase.clearReferencesJdbc L'application web [ROOT] a enregistré un pilote JDBC [org.h2.Driver], mais ne l'a pas désenregistré avant l'arrêt de l'application.  Pour éviter une fuite de mémoire, le pilote JDBC a été désenregistré de force.
04-May-2026 18:15:29.391 INFOS [Thread-2] org.apache.coyote.AbstractProtocol.stop Arrêt du gestionnaire de protocole ["http-nio-8080"]
04-May-2026 18:15:29.397 INFOS [Thread-2] org.apache.coyote.AbstractProtocol.destroy Destruction du gestionnaire de protocole ["http-nio-8080"]
04-May-2026 18:15:39.557 INFOS [main] org.apache.catalina.startup.VersionLoggerListener.log Nom version serveur :              Apache Tomcat/10.1.31
04-May-2026 18:15:39.561 INFOS [main] org.apache.catalina.startup.VersionLoggerListener.log Serveur compilé :                  Oct 3 2024 19:02:38 UTC
04-May-2026 18:15:39.561 INFOS [main] org.apache.catalina.startup.VersionLoggerListener.log Version du serveur :               10.1.31.0
04-May-2026 18:15:39.561 INFOS [main] org.apache.catalina.startup.VersionLoggerListener.log Nom de l'OS :                      Windows 11
04-May-2026 18:15:39.562 INFOS [main] org.apache.catalina.startup.VersionLoggerListener.log Version OS :                       10.0
04-May-2026 18:15:39.562 INFOS [main] org.apache.catalina.startup.VersionLoggerListener.log Architecture :                     amd64
04-May-2026 18:15:39.562 INFOS [main] org.apache.catalina.startup.VersionLoggerListener.log Java Home :                        C:\Program Files\Eclipse Adoptium\jdk-21.0.10.7-hotspot
04-May-2026 18:15:39.562 INFOS [main] org.apache.catalina.startup.VersionLoggerListener.log Version JVM :                      21.0.10+7-LTS
04-May-2026 18:15:39.563 INFOS [main] org.apache.catalina.startup.VersionLoggerListener.log Fournisseur de la JVM :            Eclipse Adoptium
04-May-2026 18:15:39.563 INFOS [main] org.apache.catalina.startup.VersionLoggerListener.log CATALINA_BASE :                    C:\Users\Ahmed Aziz\.gemini\antigravity\scratch\covoiturage\.tools\apache-tomcat-10.1.31
04-May-2026 18:15:39.563 INFOS [main] org.apache.catalina.startup.VersionLoggerListener.log CATALINA_HOME :                    C:\Users\Ahmed Aziz\.gemini\antigravity\scratch\covoiturage\.tools\apache-tomcat-10.1.31
04-May-2026 18:15:39.571 INFOS [main] org.apache.catalina.startup.VersionLoggerListener.log Argument de la ligne de commande : -Djava.util.logging.config.file=c:\Users\Ahmed Aziz\.gemini\antigravity\scratch\covoiturage\.tools\apache-tomcat-10.1.31\conf\logging.properties
04-May-2026 18:15:39.571 INFOS [main] org.apache.catalina.startup.VersionLoggerListener.log Argument de la ligne de commande : -Djava.util.logging.manager=org.apache.juli.ClassLoaderLogManager
04-May-2026 18:15:39.571 INFOS [main] org.apache.catalina.startup.VersionLoggerListener.log Argument de la ligne de commande : -Djdk.tls.ephemeralDHKeySize=2048
04-May-2026 18:15:39.572 INFOS [main] org.apache.catalina.startup.VersionLoggerListener.log Argument de la ligne de commande : -Djava.protocol.handler.pkgs=org.apache.catalina.webresources
04-May-2026 18:15:39.572 INFOS [main] org.apache.catalina.startup.VersionLoggerListener.log Argument de la ligne de commande : --add-opens=java.base/java.lang=ALL-UNNAMED
04-May-2026 18:15:39.572 INFOS [main] org.apache.catalina.startup.VersionLoggerListener.log Argument de la ligne de commande : --add-opens=java.base/java.io=ALL-UNNAMED
04-May-2026 18:15:39.572 INFOS [main] org.apache.catalina.startup.VersionLoggerListener.log Argument de la ligne de commande : --add-opens=java.base/java.util=ALL-UNNAMED
04-May-2026 18:15:39.572 INFOS [main] org.apache.catalina.startup.VersionLoggerListener.log Argument de la ligne de commande : --add-opens=java.base/java.util.concurrent=ALL-UNNAMED
04-May-2026 18:15:39.572 INFOS [main] org.apache.catalina.startup.VersionLoggerListener.log Argument de la ligne de commande : --add-opens=java.rmi/sun.rmi.transport=ALL-UNNAMED
04-May-2026 18:15:39.573 INFOS [main] org.apache.catalina.startup.VersionLoggerListener.log Argument de la ligne de commande : -Dcatalina.base=c:\Users\Ahmed Aziz\.gemini\antigravity\scratch\covoiturage\.tools\apache-tomcat-10.1.31
04-May-2026 18:15:39.573 INFOS [main] org.apache.catalina.startup.VersionLoggerListener.log Argument de la ligne de commande : -Dcatalina.home=c:\Users\Ahmed Aziz\.gemini\antigravity\scratch\covoiturage\.tools\apache-tomcat-10.1.31
04-May-2026 18:15:39.573 INFOS [main] org.apache.catalina.startup.VersionLoggerListener.log Argument de la ligne de commande : -Djava.io.tmpdir=c:\Users\Ahmed Aziz\.gemini\antigravity\scratch\covoiturage\.tools\apache-tomcat-10.1.31\temp
04-May-2026 18:15:39.576 INFOS [main] org.apache.catalina.core.AprLifecycleListener.lifecycleEvent Chargement de la librairie Apache Tomcat Native [2.0.8] en utilisant APR version [1.7.4]
04-May-2026 18:15:39.580 INFOS [main] org.apache.catalina.core.AprLifecycleListener.initializeSSL OpenSSL a été initialisé avec succès [OpenSSL 3.0.14 4 Jun 2024]
04-May-2026 18:15:39.791 INFOS [main] org.apache.coyote.AbstractProtocol.init Initialisation du gestionnaire de protocole ["http-nio-8080"]
04-May-2026 18:15:39.813 INFOS [main] org.apache.catalina.startup.Catalina.load L'initialisation du serveur a pris [420] millisecondes
04-May-2026 18:15:39.866 INFOS [main] org.apache.catalina.core.StandardService.startInternal Démarrage du service [Catalina]
04-May-2026 18:15:39.867 INFOS [main] org.apache.catalina.core.StandardEngine.startInternal Démarrage du moteur de Servlets : [Apache Tomcat/10.1.31]
04-May-2026 18:15:39.883 INFOS [main] org.apache.catalina.startup.HostConfig.deployWAR Déploiement de l'archive [C:\Users\Ahmed Aziz\.gemini\antigravity\scratch\covoiturage\.tools\apache-tomcat-10.1.31\webapps\ROOT.war] de l'application web
04-May-2026 18:15:40.816 INFOS [main] org.apache.catalina.startup.HostConfig.deployWAR Le déploiement de l'archive de l'application web [C:\Users\Ahmed Aziz\.gemini\antigravity\scratch\covoiturage\.tools\apache-tomcat-10.1.31\webapps\ROOT.war] s'est terminé en [929] ms
04-May-2026 18:15:40.818 INFOS [main] org.apache.catalina.startup.HostConfig.deployDirectory Déploiement du répertoire d'application web [C:\Users\Ahmed Aziz\.gemini\antigravity\scratch\covoiturage\.tools\apache-tomcat-10.1.31\webapps\docs]
04-May-2026 18:15:40.863 INFOS [main] org.apache.catalina.startup.HostConfig.deployDirectory Le déploiement du répertoire [C:\Users\Ahmed Aziz\.gemini\antigravity\scratch\covoiturage\.tools\apache-tomcat-10.1.31\webapps\docs] de l'application web s'est terminé en [44] ms
04-May-2026 18:15:40.864 INFOS [main] org.apache.catalina.startup.HostConfig.deployDirectory Déploiement du répertoire d'application web [C:\Users\Ahmed Aziz\.gemini\antigravity\scratch\covoiturage\.tools\apache-tomcat-10.1.31\webapps\examples]
04-May-2026 18:15:41.221 INFOS [main] org.apache.catalina.startup.HostConfig.deployDirectory Le déploiement du répertoire [C:\Users\Ahmed Aziz\.gemini\antigravity\scratch\covoiturage\.tools\apache-tomcat-10.1.31\webapps\examples] de l'application web s'est terminé en [358] ms
04-May-2026 18:15:41.221 INFOS [main] org.apache.catalina.startup.HostConfig.deployDirectory Déploiement du répertoire d'application web [C:\Users\Ahmed Aziz\.gemini\antigravity\scratch\covoiturage\.tools\apache-tomcat-10.1.31\webapps\host-manager]
04-May-2026 18:15:41.256 INFOS [main] org.apache.catalina.startup.HostConfig.deployDirectory Le déploiement du répertoire [C:\Users\Ahmed Aziz\.gemini\antigravity\scratch\covoiturage\.tools\apache-tomcat-10.1.31\webapps\host-manager] de l'application web s'est terminé en [35] ms
04-May-2026 18:15:41.257 INFOS [main] org.apache.catalina.startup.HostConfig.deployDirectory Déploiement du répertoire d'application web [C:\Users\Ahmed Aziz\.gemini\antigravity\scratch\covoiturage\.tools\apache-tomcat-10.1.31\webapps\manager]
04-May-2026 18:15:41.290 INFOS [main] org.apache.catalina.startup.HostConfig.deployDirectory Le déploiement du répertoire [C:\Users\Ahmed Aziz\.gemini\antigravity\scratch\covoiturage\.tools\apache-tomcat-10.1.31\webapps\manager] de l'application web s'est terminé en [33] ms
04-May-2026 18:15:41.294 INFOS [main] org.apache.coyote.AbstractProtocol.start Démarrage du gestionnaire de protocole ["http-nio-8080"]
04-May-2026 18:15:41.313 INFOS [main] org.apache.catalina.startup.Catalina.start Le démarrage du serveur a pris [1498] millisecondes
04-May-2026 18:32:57.793 INFOS [Thread-2] org.apache.coyote.AbstractProtocol.pause Le gestionnaire de protocole ["http-nio-8080"] est mis en pause
04-May-2026 18:32:57.799 INFOS [Thread-2] org.apache.catalina.core.StandardService.stopInternal Arrêt du service [Catalina]
04-May-2026 18:32:57.804 AVERTISSEMENT [Thread-2] org.apache.catalina.loader.WebappClassLoaderBase.clearReferencesJdbc L'application web [ROOT] a enregistré un pilote JDBC [org.h2.Driver], mais ne l'a pas désenregistré avant l'arrêt de l'application.  Pour éviter une fuite de mémoire, le pilote JDBC a été désenregistré de force.
04-May-2026 18:32:57.821 INFOS [Thread-2] org.apache.coyote.AbstractProtocol.stop Arrêt du gestionnaire de protocole ["http-nio-8080"]
04-May-2026 18:32:57.826 INFOS [Thread-2] org.apache.coyote.AbstractProtocol.destroy Destruction du gestionnaire de protocole ["http-nio-8080"]
04-May-2026 18:33:08.932 INFOS [main] org.apache.catalina.startup.VersionLoggerListener.log Nom version serveur :              Apache Tomcat/10.1.31
04-May-2026 18:33:08.936 INFOS [main] org.apache.catalina.startup.VersionLoggerListener.log Serveur compilé :                  Oct 3 2024 19:02:38 UTC
04-May-2026 18:33:08.936 INFOS [main] org.apache.catalina.startup.VersionLoggerListener.log Version du serveur :               10.1.31.0
04-May-2026 18:33:08.937 INFOS [main] org.apache.catalina.startup.VersionLoggerListener.log Nom de l'OS :                      Windows 11
04-May-2026 18:33:08.937 INFOS [main] org.apache.catalina.startup.VersionLoggerListener.log Version OS :                       10.0
04-May-2026 18:33:08.937 INFOS [main] org.apache.catalina.startup.VersionLoggerListener.log Architecture :                     amd64
04-May-2026 18:33:08.937 INFOS [main] org.apache.catalina.startup.VersionLoggerListener.log Java Home :                        C:\Program Files\Eclipse Adoptium\jdk-21.0.10.7-hotspot
04-May-2026 18:33:08.938 INFOS [main] org.apache.catalina.startup.VersionLoggerListener.log Version JVM :                      21.0.10+7-LTS
04-May-2026 18:33:08.938 INFOS [main] org.apache.catalina.startup.VersionLoggerListener.log Fournisseur de la JVM :            Eclipse Adoptium
04-May-2026 18:33:08.938 INFOS [main] org.apache.catalina.startup.VersionLoggerListener.log CATALINA_BASE :                    C:\Users\Ahmed Aziz\.gemini\antigravity\scratch\covoiturage\.tools\apache-tomcat-10.1.31
04-May-2026 18:33:08.938 INFOS [main] org.apache.catalina.startup.VersionLoggerListener.log CATALINA_HOME :                    C:\Users\Ahmed Aziz\.gemini\antigravity\scratch\covoiturage\.tools\apache-tomcat-10.1.31
04-May-2026 18:33:08.946 INFOS [main] org.apache.catalina.startup.VersionLoggerListener.log Argument de la ligne de commande : -Djava.util.logging.config.file=c:\Users\Ahmed Aziz\.gemini\antigravity\scratch\covoiturage\.tools\apache-tomcat-10.1.31\conf\logging.properties
04-May-2026 18:33:08.946 INFOS [main] org.apache.catalina.startup.VersionLoggerListener.log Argument de la ligne de commande : -Djava.util.logging.manager=org.apache.juli.ClassLoaderLogManager
04-May-2026 18:33:08.947 INFOS [main] org.apache.catalina.startup.VersionLoggerListener.log Argument de la ligne de commande : -Djdk.tls.ephemeralDHKeySize=2048
04-May-2026 18:33:08.947 INFOS [main] org.apache.catalina.startup.VersionLoggerListener.log Argument de la ligne de commande : -Djava.protocol.handler.pkgs=org.apache.catalina.webresources
04-May-2026 18:33:08.947 INFOS [main] org.apache.catalina.startup.VersionLoggerListener.log Argument de la ligne de commande : --add-opens=java.base/java.lang=ALL-UNNAMED
04-May-2026 18:33:08.947 INFOS [main] org.apache.catalina.startup.VersionLoggerListener.log Argument de la ligne de commande : --add-opens=java.base/java.io=ALL-UNNAMED
04-May-2026 18:33:08.947 INFOS [main] org.apache.catalina.startup.VersionLoggerListener.log Argument de la ligne de commande : --add-opens=java.base/java.util=ALL-UNNAMED
04-May-2026 18:33:08.947 INFOS [main] org.apache.catalina.startup.VersionLoggerListener.log Argument de la ligne de commande : --add-opens=java.base/java.util.concurrent=ALL-UNNAMED
04-May-2026 18:33:08.947 INFOS [main] org.apache.catalina.startup.VersionLoggerListener.log Argument de la ligne de commande : --add-opens=java.rmi/sun.rmi.transport=ALL-UNNAMED
04-May-2026 18:33:08.948 INFOS [main] org.apache.catalina.startup.VersionLoggerListener.log Argument de la ligne de commande : -Dcatalina.base=c:\Users\Ahmed Aziz\.gemini\antigravity\scratch\covoiturage\.tools\apache-tomcat-10.1.31
04-May-2026 18:33:08.948 INFOS [main] org.apache.catalina.startup.VersionLoggerListener.log Argument de la ligne de commande : -Dcatalina.home=c:\Users\Ahmed Aziz\.gemini\antigravity\scratch\covoiturage\.tools\apache-tomcat-10.1.31
04-May-2026 18:33:08.948 INFOS [main] org.apache.catalina.startup.VersionLoggerListener.log Argument de la ligne de commande : -Djava.io.tmpdir=c:\Users\Ahmed Aziz\.gemini\antigravity\scratch\covoiturage\.tools\apache-tomcat-10.1.31\temp
04-May-2026 18:33:08.950 INFOS [main] org.apache.catalina.core.AprLifecycleListener.lifecycleEvent Chargement de la librairie Apache Tomcat Native [2.0.8] en utilisant APR version [1.7.4]
04-May-2026 18:33:08.955 INFOS [main] org.apache.catalina.core.AprLifecycleListener.initializeSSL OpenSSL a été initialisé avec succès [OpenSSL 3.0.14 4 Jun 2024]
04-May-2026 18:33:09.158 INFOS [main] org.apache.coyote.AbstractProtocol.init Initialisation du gestionnaire de protocole ["http-nio-8080"]
04-May-2026 18:33:09.185 INFOS [main] org.apache.catalina.startup.Catalina.load L'initialisation du serveur a pris [417] millisecondes
04-May-2026 18:33:09.242 INFOS [main] org.apache.catalina.core.StandardService.startInternal Démarrage du service [Catalina]
04-May-2026 18:33:09.242 INFOS [main] org.apache.catalina.core.StandardEngine.startInternal Démarrage du moteur de Servlets : [Apache Tomcat/10.1.31]
04-May-2026 18:33:09.261 INFOS [main] org.apache.catalina.startup.HostConfig.deployWAR Déploiement de l'archive [C:\Users\Ahmed Aziz\.gemini\antigravity\scratch\covoiturage\.tools\apache-tomcat-10.1.31\webapps\ROOT.war] de l'application web
04-May-2026 18:33:10.404 INFOS [main] org.apache.catalina.startup.HostConfig.deployWAR Le déploiement de l'archive de l'application web [C:\Users\Ahmed Aziz\.gemini\antigravity\scratch\covoiturage\.tools\apache-tomcat-10.1.31\webapps\ROOT.war] s'est terminé en [1 141] ms
04-May-2026 18:33:10.405 INFOS [main] org.apache.catalina.startup.HostConfig.deployDirectory Déploiement du répertoire d'application web [C:\Users\Ahmed Aziz\.gemini\antigravity\scratch\covoiturage\.tools\apache-tomcat-10.1.31\webapps\docs]
04-May-2026 18:33:10.444 INFOS [main] org.apache.catalina.startup.HostConfig.deployDirectory Le déploiement du répertoire [C:\Users\Ahmed Aziz\.gemini\antigravity\scratch\covoiturage\.tools\apache-tomcat-10.1.31\webapps\docs] de l'application web s'est terminé en [39] ms
04-May-2026 18:33:10.445 INFOS [main] org.apache.catalina.startup.HostConfig.deployDirectory Déploiement du répertoire d'application web [C:\Users\Ahmed Aziz\.gemini\antigravity\scratch\covoiturage\.tools\apache-tomcat-10.1.31\webapps\examples]
04-May-2026 18:33:10.803 INFOS [main] org.apache.catalina.startup.HostConfig.deployDirectory Le déploiement du répertoire [C:\Users\Ahmed Aziz\.gemini\antigravity\scratch\covoiturage\.tools\apache-tomcat-10.1.31\webapps\examples] de l'application web s'est terminé en [358] ms
04-May-2026 18:33:10.804 INFOS [main] org.apache.catalina.startup.HostConfig.deployDirectory Déploiement du répertoire d'application web [C:\Users\Ahmed Aziz\.gemini\antigravity\scratch\covoiturage\.tools\apache-tomcat-10.1.31\webapps\host-manager]
04-May-2026 18:33:10.842 INFOS [main] org.apache.catalina.startup.HostConfig.deployDirectory Le déploiement du répertoire [C:\Users\Ahmed Aziz\.gemini\antigravity\scratch\covoiturage\.tools\apache-tomcat-10.1.31\webapps\host-manager] de l'application web s'est terminé en [38] ms
04-May-2026 18:33:10.843 INFOS [main] org.apache.catalina.startup.HostConfig.deployDirectory Déploiement du répertoire d'application web [C:\Users\Ahmed Aziz\.gemini\antigravity\scratch\covoiturage\.tools\apache-tomcat-10.1.31\webapps\manager]
04-May-2026 18:33:10.881 INFOS [main] org.apache.catalina.startup.HostConfig.deployDirectory Le déploiement du répertoire [C:\Users\Ahmed Aziz\.gemini\antigravity\scratch\covoiturage\.tools\apache-tomcat-10.1.31\webapps\manager] de l'application web s'est terminé en [39] ms
04-May-2026 18:33:10.887 INFOS [main] org.apache.coyote.AbstractProtocol.start Démarrage du gestionnaire de protocole ["http-nio-8080"]
04-May-2026 18:33:10.913 INFOS [main] org.apache.catalina.startup.Catalina.start Le démarrage du serveur a pris [1726] millisecondes
04-May-2026 18:39:50.952 INFOS [Thread-2] org.apache.coyote.AbstractProtocol.pause Le gestionnaire de protocole ["http-nio-8080"] est mis en pause
04-May-2026 18:39:50.969 INFOS [Thread-2] org.apache.catalina.core.StandardService.stopInternal Arrêt du service [Catalina]
04-May-2026 18:39:50.975 AVERTISSEMENT [Thread-2] org.apache.catalina.loader.WebappClassLoaderBase.clearReferencesJdbc L'application web [ROOT] a enregistré un pilote JDBC [org.h2.Driver], mais ne l'a pas désenregistré avant l'arrêt de l'application.  Pour éviter une fuite de mémoire, le pilote JDBC a été désenregistré de force.
04-May-2026 18:39:50.988 INFOS [Thread-2] org.apache.coyote.AbstractProtocol.stop Arrêt du gestionnaire de protocole ["http-nio-8080"]
04-May-2026 18:39:50.996 INFOS [Thread-2] org.apache.coyote.AbstractProtocol.destroy Destruction du gestionnaire de protocole ["http-nio-8080"]
04-May-2026 18:39:59.480 INFOS [main] org.apache.catalina.startup.VersionLoggerListener.log Nom version serveur :              Apache Tomcat/10.1.31
04-May-2026 18:39:59.485 INFOS [main] org.apache.catalina.startup.VersionLoggerListener.log Serveur compilé :                  Oct 3 2024 19:02:38 UTC
04-May-2026 18:39:59.485 INFOS [main] org.apache.catalina.startup.VersionLoggerListener.log Version du serveur :               10.1.31.0
04-May-2026 18:39:59.486 INFOS [main] org.apache.catalina.startup.VersionLoggerListener.log Nom de l'OS :                      Windows 11
04-May-2026 18:39:59.486 INFOS [main] org.apache.catalina.startup.VersionLoggerListener.log Version OS :                       10.0
04-May-2026 18:39:59.486 INFOS [main] org.apache.catalina.startup.VersionLoggerListener.log Architecture :                     amd64
04-May-2026 18:39:59.486 INFOS [main] org.apache.catalina.startup.VersionLoggerListener.log Java Home :                        C:\Program Files\Eclipse Adoptium\jdk-21.0.10.7-hotspot
04-May-2026 18:39:59.486 INFOS [main] org.apache.catalina.startup.VersionLoggerListener.log Version JVM :                      21.0.10+7-LTS
04-May-2026 18:39:59.487 INFOS [main] org.apache.catalina.startup.VersionLoggerListener.log Fournisseur de la JVM :            Eclipse Adoptium
04-May-2026 18:39:59.487 INFOS [main] org.apache.catalina.startup.VersionLoggerListener.log CATALINA_BASE :                    C:\Users\Ahmed Aziz\.gemini\antigravity\scratch\covoiturage\.tools\apache-tomcat-10.1.31
04-May-2026 18:39:59.487 INFOS [main] org.apache.catalina.startup.VersionLoggerListener.log CATALINA_HOME :                    C:\Users\Ahmed Aziz\.gemini\antigravity\scratch\covoiturage\.tools\apache-tomcat-10.1.31
04-May-2026 18:39:59.497 INFOS [main] org.apache.catalina.startup.VersionLoggerListener.log Argument de la ligne de commande : -Djava.util.logging.config.file=c:\Users\Ahmed Aziz\.gemini\antigravity\scratch\covoiturage\.tools\apache-tomcat-10.1.31\conf\logging.properties
04-May-2026 18:39:59.497 INFOS [main] org.apache.catalina.startup.VersionLoggerListener.log Argument de la ligne de commande : -Djava.util.logging.manager=org.apache.juli.ClassLoaderLogManager
04-May-2026 18:39:59.497 INFOS [main] org.apache.catalina.startup.VersionLoggerListener.log Argument de la ligne de commande : -Djdk.tls.ephemeralDHKeySize=2048
04-May-2026 18:39:59.497 INFOS [main] org.apache.catalina.startup.VersionLoggerListener.log Argument de la ligne de commande : -Djava.protocol.handler.pkgs=org.apache.catalina.webresources
04-May-2026 18:39:59.497 INFOS [main] org.apache.catalina.startup.VersionLoggerListener.log Argument de la ligne de commande : --add-opens=java.base/java.lang=ALL-UNNAMED
04-May-2026 18:39:59.498 INFOS [main] org.apache.catalina.startup.VersionLoggerListener.log Argument de la ligne de commande : --add-opens=java.base/java.io=ALL-UNNAMED
04-May-2026 18:39:59.498 INFOS [main] org.apache.catalina.startup.VersionLoggerListener.log Argument de la ligne de commande : --add-opens=java.base/java.util=ALL-UNNAMED
04-May-2026 18:39:59.498 INFOS [main] org.apache.catalina.startup.VersionLoggerListener.log Argument de la ligne de commande : --add-opens=java.base/java.util.concurrent=ALL-UNNAMED
04-May-2026 18:39:59.498 INFOS [main] org.apache.catalina.startup.VersionLoggerListener.log Argument de la ligne de commande : --add-opens=java.rmi/sun.rmi.transport=ALL-UNNAMED
04-May-2026 18:39:59.498 INFOS [main] org.apache.catalina.startup.VersionLoggerListener.log Argument de la ligne de commande : -Dcatalina.base=c:\Users\Ahmed Aziz\.gemini\antigravity\scratch\covoiturage\.tools\apache-tomcat-10.1.31
04-May-2026 18:39:59.499 INFOS [main] org.apache.catalina.startup.VersionLoggerListener.log Argument de la ligne de commande : -Dcatalina.home=c:\Users\Ahmed Aziz\.gemini\antigravity\scratch\covoiturage\.tools\apache-tomcat-10.1.31
04-May-2026 18:39:59.499 INFOS [main] org.apache.catalina.startup.VersionLoggerListener.log Argument de la ligne de commande : -Djava.io.tmpdir=c:\Users\Ahmed Aziz\.gemini\antigravity\scratch\covoiturage\.tools\apache-tomcat-10.1.31\temp
04-May-2026 18:39:59.501 INFOS [main] org.apache.catalina.core.AprLifecycleListener.lifecycleEvent Chargement de la librairie Apache Tomcat Native [2.0.8] en utilisant APR version [1.7.4]
04-May-2026 18:39:59.505 INFOS [main] org.apache.catalina.core.AprLifecycleListener.initializeSSL OpenSSL a été initialisé avec succès [OpenSSL 3.0.14 4 Jun 2024]
04-May-2026 18:39:59.733 INFOS [main] org.apache.coyote.AbstractProtocol.init Initialisation du gestionnaire de protocole ["http-nio-8080"]
04-May-2026 18:39:59.760 INFOS [main] org.apache.catalina.startup.Catalina.load L'initialisation du serveur a pris [448] millisecondes
04-May-2026 18:39:59.828 INFOS [main] org.apache.catalina.core.StandardService.startInternal Démarrage du service [Catalina]
04-May-2026 18:39:59.828 INFOS [main] org.apache.catalina.core.StandardEngine.startInternal Démarrage du moteur de Servlets : [Apache Tomcat/10.1.31]
04-May-2026 18:39:59.852 INFOS [main] org.apache.catalina.startup.HostConfig.deployWAR Déploiement de l'archive [C:\Users\Ahmed Aziz\.gemini\antigravity\scratch\covoiturage\.tools\apache-tomcat-10.1.31\webapps\ROOT.war] de l'application web
04-May-2026 18:40:00.816 INFOS [main] org.apache.catalina.startup.HostConfig.deployWAR Le déploiement de l'archive de l'application web [C:\Users\Ahmed Aziz\.gemini\antigravity\scratch\covoiturage\.tools\apache-tomcat-10.1.31\webapps\ROOT.war] s'est terminé en [959] ms
04-May-2026 18:40:00.818 INFOS [main] org.apache.catalina.startup.HostConfig.deployDirectory Déploiement du répertoire d'application web [C:\Users\Ahmed Aziz\.gemini\antigravity\scratch\covoiturage\.tools\apache-tomcat-10.1.31\webapps\docs]
04-May-2026 18:40:00.863 INFOS [main] org.apache.catalina.startup.HostConfig.deployDirectory Le déploiement du répertoire [C:\Users\Ahmed Aziz\.gemini\antigravity\scratch\covoiturage\.tools\apache-tomcat-10.1.31\webapps\docs] de l'application web s'est terminé en [45] ms
04-May-2026 18:40:00.864 INFOS [main] org.apache.catalina.startup.HostConfig.deployDirectory Déploiement du répertoire d'application web [C:\Users\Ahmed Aziz\.gemini\antigravity\scratch\covoiturage\.tools\apache-tomcat-10.1.31\webapps\examples]
04-May-2026 18:40:01.219 INFOS [main] org.apache.catalina.startup.HostConfig.deployDirectory Le déploiement du répertoire [C:\Users\Ahmed Aziz\.gemini\antigravity\scratch\covoiturage\.tools\apache-tomcat-10.1.31\webapps\examples] de l'application web s'est terminé en [355] ms
04-May-2026 18:40:01.219 INFOS [main] org.apache.catalina.startup.HostConfig.deployDirectory Déploiement du répertoire d'application web [C:\Users\Ahmed Aziz\.gemini\antigravity\scratch\covoiturage\.tools\apache-tomcat-10.1.31\webapps\host-manager]
04-May-2026 18:40:01.267 INFOS [main] org.apache.catalina.startup.HostConfig.deployDirectory Le déploiement du répertoire [C:\Users\Ahmed Aziz\.gemini\antigravity\scratch\covoiturage\.tools\apache-tomcat-10.1.31\webapps\host-manager] de l'application web s'est terminé en [48] ms
04-May-2026 18:40:01.268 INFOS [main] org.apache.catalina.startup.HostConfig.deployDirectory Déploiement du répertoire d'application web [C:\Users\Ahmed Aziz\.gemini\antigravity\scratch\covoiturage\.tools\apache-tomcat-10.1.31\webapps\manager]
04-May-2026 18:40:01.308 INFOS [main] org.apache.catalina.startup.HostConfig.deployDirectory Le déploiement du répertoire [C:\Users\Ahmed Aziz\.gemini\antigravity\scratch\covoiturage\.tools\apache-tomcat-10.1.31\webapps\manager] de l'application web s'est terminé en [40] ms
04-May-2026 18:40:01.314 INFOS [main] org.apache.coyote.AbstractProtocol.start Démarrage du gestionnaire de protocole ["http-nio-8080"]
04-May-2026 18:40:01.341 INFOS [main] org.apache.catalina.startup.Catalina.start Le démarrage du serveur a pris [1579] millisecondes
04-May-2026 18:43:22.526 INFOS [Thread-2] org.apache.coyote.AbstractProtocol.pause Le gestionnaire de protocole ["http-nio-8080"] est mis en pause
04-May-2026 18:43:22.531 INFOS [Thread-2] org.apache.catalina.core.StandardService.stopInternal Arrêt du service [Catalina]
04-May-2026 18:43:22.536 AVERTISSEMENT [Thread-2] org.apache.catalina.loader.WebappClassLoaderBase.clearReferencesJdbc L'application web [ROOT] a enregistré un pilote JDBC [org.h2.Driver], mais ne l'a pas désenregistré avant l'arrêt de l'application.  Pour éviter une fuite de mémoire, le pilote JDBC a été désenregistré de force.
04-May-2026 18:43:22.550 INFOS [Thread-2] org.apache.coyote.AbstractProtocol.stop Arrêt du gestionnaire de protocole ["http-nio-8080"]
04-May-2026 18:43:22.557 INFOS [Thread-2] org.apache.coyote.AbstractProtocol.destroy Destruction du gestionnaire de protocole ["http-nio-8080"]
04-May-2026 18:43:31.857 INFOS [main] org.apache.catalina.startup.VersionLoggerListener.log Nom version serveur :              Apache Tomcat/10.1.31
04-May-2026 18:43:31.861 INFOS [main] org.apache.catalina.startup.VersionLoggerListener.log Serveur compilé :                  Oct 3 2024 19:02:38 UTC
04-May-2026 18:43:31.861 INFOS [main] org.apache.catalina.startup.VersionLoggerListener.log Version du serveur :               10.1.31.0
04-May-2026 18:43:31.862 INFOS [main] org.apache.catalina.startup.VersionLoggerListener.log Nom de l'OS :                      Windows 11
04-May-2026 18:43:31.862 INFOS [main] org.apache.catalina.startup.VersionLoggerListener.log Version OS :                       10.0
04-May-2026 18:43:31.863 INFOS [main] org.apache.catalina.startup.VersionLoggerListener.log Architecture :                     amd64
04-May-2026 18:43:31.863 INFOS [main] org.apache.catalina.startup.VersionLoggerListener.log Java Home :                        C:\Program Files\Eclipse Adoptium\jdk-21.0.10.7-hotspot
04-May-2026 18:43:31.863 INFOS [main] org.apache.catalina.startup.VersionLoggerListener.log Version JVM :                      21.0.10+7-LTS
04-May-2026 18:43:31.863 INFOS [main] org.apache.catalina.startup.VersionLoggerListener.log Fournisseur de la JVM :            Eclipse Adoptium
04-May-2026 18:43:31.864 INFOS [main] org.apache.catalina.startup.VersionLoggerListener.log CATALINA_BASE :                    C:\Users\Ahmed Aziz\.gemini\antigravity\scratch\covoiturage\.tools\apache-tomcat-10.1.31
04-May-2026 18:43:31.864 INFOS [main] org.apache.catalina.startup.VersionLoggerListener.log CATALINA_HOME :                    C:\Users\Ahmed Aziz\.gemini\antigravity\scratch\covoiturage\.tools\apache-tomcat-10.1.31
04-May-2026 18:43:31.873 INFOS [main] org.apache.catalina.startup.VersionLoggerListener.log Argument de la ligne de commande : -Djava.util.logging.config.file=c:\Users\Ahmed Aziz\.gemini\antigravity\scratch\covoiturage\.tools\apache-tomcat-10.1.31\conf\logging.properties
04-May-2026 18:43:31.874 INFOS [main] org.apache.catalina.startup.VersionLoggerListener.log Argument de la ligne de commande : -Djava.util.logging.manager=org.apache.juli.ClassLoaderLogManager
04-May-2026 18:43:31.874 INFOS [main] org.apache.catalina.startup.VersionLoggerListener.log Argument de la ligne de commande : -Djdk.tls.ephemeralDHKeySize=2048
04-May-2026 18:43:31.874 INFOS [main] org.apache.catalina.startup.VersionLoggerListener.log Argument de la ligne de commande : -Djava.protocol.handler.pkgs=org.apache.catalina.webresources
04-May-2026 18:43:31.874 INFOS [main] org.apache.catalina.startup.VersionLoggerListener.log Argument de la ligne de commande : --add-opens=java.base/java.lang=ALL-UNNAMED
04-May-2026 18:43:31.874 INFOS [main] org.apache.catalina.startup.VersionLoggerListener.log Argument de la ligne de commande : --add-opens=java.base/java.io=ALL-UNNAMED
04-May-2026 18:43:31.875 INFOS [main] org.apache.catalina.startup.VersionLoggerListener.log Argument de la ligne de commande : --add-opens=java.base/java.util=ALL-UNNAMED
04-May-2026 18:43:31.875 INFOS [main] org.apache.catalina.startup.VersionLoggerListener.log Argument de la ligne de commande : --add-opens=java.base/java.util.concurrent=ALL-UNNAMED
04-May-2026 18:43:31.875 INFOS [main] org.apache.catalina.startup.VersionLoggerListener.log Argument de la ligne de commande : --add-opens=java.rmi/sun.rmi.transport=ALL-UNNAMED
04-May-2026 18:43:31.875 INFOS [main] org.apache.catalina.startup.VersionLoggerListener.log Argument de la ligne de commande : -Dcatalina.base=c:\Users\Ahmed Aziz\.gemini\antigravity\scratch\covoiturage\.tools\apache-tomcat-10.1.31
04-May-2026 18:43:31.875 INFOS [main] org.apache.catalina.startup.VersionLoggerListener.log Argument de la ligne de commande : -Dcatalina.home=c:\Users\Ahmed Aziz\.gemini\antigravity\scratch\covoiturage\.tools\apache-tomcat-10.1.31
04-May-2026 18:43:31.876 INFOS [main] org.apache.catalina.startup.VersionLoggerListener.log Argument de la ligne de commande : -Djava.io.tmpdir=c:\Users\Ahmed Aziz\.gemini\antigravity\scratch\covoiturage\.tools\apache-tomcat-10.1.31\temp
04-May-2026 18:43:31.878 INFOS [main] org.apache.catalina.core.AprLifecycleListener.lifecycleEvent Chargement de la librairie Apache Tomcat Native [2.0.8] en utilisant APR version [1.7.4]
04-May-2026 18:43:31.882 INFOS [main] org.apache.catalina.core.AprLifecycleListener.initializeSSL OpenSSL a été initialisé avec succès [OpenSSL 3.0.14 4 Jun 2024]
04-May-2026 18:43:32.098 INFOS [main] org.apache.coyote.AbstractProtocol.init Initialisation du gestionnaire de protocole ["http-nio-8080"]
04-May-2026 18:43:32.123 INFOS [main] org.apache.catalina.startup.Catalina.load L'initialisation du serveur a pris [437] millisecondes
04-May-2026 18:43:32.179 INFOS [main] org.apache.catalina.core.StandardService.startInternal Démarrage du service [Catalina]
04-May-2026 18:43:32.179 INFOS [main] org.apache.catalina.core.StandardEngine.startInternal Démarrage du moteur de Servlets : [Apache Tomcat/10.1.31]
04-May-2026 18:43:32.198 INFOS [main] org.apache.catalina.startup.HostConfig.deployWAR Déploiement de l'archive [C:\Users\Ahmed Aziz\.gemini\antigravity\scratch\covoiturage\.tools\apache-tomcat-10.1.31\webapps\ROOT.war] de l'application web
04-May-2026 18:43:33.359 INFOS [main] org.apache.catalina.startup.HostConfig.deployWAR Le déploiement de l'archive de l'application web [C:\Users\Ahmed Aziz\.gemini\antigravity\scratch\covoiturage\.tools\apache-tomcat-10.1.31\webapps\ROOT.war] s'est terminé en [1 158] ms
04-May-2026 18:43:33.360 INFOS [main] org.apache.catalina.startup.HostConfig.deployDirectory Déploiement du répertoire d'application web [C:\Users\Ahmed Aziz\.gemini\antigravity\scratch\covoiturage\.tools\apache-tomcat-10.1.31\webapps\docs]
04-May-2026 18:43:33.418 INFOS [main] org.apache.catalina.startup.HostConfig.deployDirectory Le déploiement du répertoire [C:\Users\Ahmed Aziz\.gemini\antigravity\scratch\covoiturage\.tools\apache-tomcat-10.1.31\webapps\docs] de l'application web s'est terminé en [59] ms
04-May-2026 18:43:33.419 INFOS [main] org.apache.catalina.startup.HostConfig.deployDirectory Déploiement du répertoire d'application web [C:\Users\Ahmed Aziz\.gemini\antigravity\scratch\covoiturage\.tools\apache-tomcat-10.1.31\webapps\examples]
04-May-2026 18:43:33.763 INFOS [main] org.apache.catalina.startup.HostConfig.deployDirectory Le déploiement du répertoire [C:\Users\Ahmed Aziz\.gemini\antigravity\scratch\covoiturage\.tools\apache-tomcat-10.1.31\webapps\examples] de l'application web s'est terminé en [343] ms
04-May-2026 18:43:33.763 INFOS [main] org.apache.catalina.startup.HostConfig.deployDirectory Déploiement du répertoire d'application web [C:\Users\Ahmed Aziz\.gemini\antigravity\scratch\covoiturage\.tools\apache-tomcat-10.1.31\webapps\host-manager]
04-May-2026 18:43:33.802 INFOS [main] org.apache.catalina.startup.HostConfig.deployDirectory Le déploiement du répertoire [C:\Users\Ahmed Aziz\.gemini\antigravity\scratch\covoiturage\.tools\apache-tomcat-10.1.31\webapps\host-manager] de l'application web s'est terminé en [39] ms
04-May-2026 18:43:33.803 INFOS [main] org.apache.catalina.startup.HostConfig.deployDirectory Déploiement du répertoire d'application web [C:\Users\Ahmed Aziz\.gemini\antigravity\scratch\covoiturage\.tools\apache-tomcat-10.1.31\webapps\manager]
04-May-2026 18:43:33.838 INFOS [main] org.apache.catalina.startup.HostConfig.deployDirectory Le déploiement du répertoire [C:\Users\Ahmed Aziz\.gemini\antigravity\scratch\covoiturage\.tools\apache-tomcat-10.1.31\webapps\manager] de l'application web s'est terminé en [36] ms
04-May-2026 18:43:33.842 INFOS [main] org.apache.coyote.AbstractProtocol.start Démarrage du gestionnaire de protocole ["http-nio-8080"]
04-May-2026 18:43:33.864 INFOS [main] org.apache.catalina.startup.Catalina.start Le démarrage du serveur a pris [1739] millisecondes
04-May-2026 18:46:08.574 INFOS [Thread-2] org.apache.coyote.AbstractProtocol.pause Le gestionnaire de protocole ["http-nio-8080"] est mis en pause
04-May-2026 18:46:08.584 INFOS [Thread-2] org.apache.catalina.core.StandardService.stopInternal Arrêt du service [Catalina]
04-May-2026 18:46:08.590 AVERTISSEMENT [Thread-2] org.apache.catalina.loader.WebappClassLoaderBase.clearReferencesJdbc L'application web [ROOT] a enregistré un pilote JDBC [org.h2.Driver], mais ne l'a pas désenregistré avant l'arrêt de l'application.  Pour éviter une fuite de mémoire, le pilote JDBC a été désenregistré de force.
04-May-2026 18:46:08.609 INFOS [Thread-2] org.apache.coyote.AbstractProtocol.stop Arrêt du gestionnaire de protocole ["http-nio-8080"]
04-May-2026 18:46:08.619 INFOS [Thread-2] org.apache.coyote.AbstractProtocol.destroy Destruction du gestionnaire de protocole ["http-nio-8080"]
04-May-2026 18:46:19.947 INFOS [main] org.apache.catalina.startup.VersionLoggerListener.log Nom version serveur :              Apache Tomcat/10.1.31
04-May-2026 18:46:19.950 INFOS [main] org.apache.catalina.startup.VersionLoggerListener.log Serveur compilé :                  Oct 3 2024 19:02:38 UTC
04-May-2026 18:46:19.951 INFOS [main] org.apache.catalina.startup.VersionLoggerListener.log Version du serveur :               10.1.31.0
04-May-2026 18:46:19.952 INFOS [main] org.apache.catalina.startup.VersionLoggerListener.log Nom de l'OS :                      Windows 11
04-May-2026 18:46:19.952 INFOS [main] org.apache.catalina.startup.VersionLoggerListener.log Version OS :                       10.0
04-May-2026 18:46:19.953 INFOS [main] org.apache.catalina.startup.VersionLoggerListener.log Architecture :                     amd64
04-May-2026 18:46:19.953 INFOS [main] org.apache.catalina.startup.VersionLoggerListener.log Java Home :                        C:\Program Files\Eclipse Adoptium\jdk-21.0.10.7-hotspot
04-May-2026 18:46:19.954 INFOS [main] org.apache.catalina.startup.VersionLoggerListener.log Version JVM :                      21.0.10+7-LTS
04-May-2026 18:46:19.954 INFOS [main] org.apache.catalina.startup.VersionLoggerListener.log Fournisseur de la JVM :            Eclipse Adoptium
04-May-2026 18:46:19.954 INFOS [main] org.apache.catalina.startup.VersionLoggerListener.log CATALINA_BASE :                    C:\Users\Ahmed Aziz\.gemini\antigravity\scratch\covoiturage\.tools\apache-tomcat-10.1.31
04-May-2026 18:46:19.954 INFOS [main] org.apache.catalina.startup.VersionLoggerListener.log CATALINA_HOME :                    C:\Users\Ahmed Aziz\.gemini\antigravity\scratch\covoiturage\.tools\apache-tomcat-10.1.31
04-May-2026 18:46:19.963 INFOS [main] org.apache.catalina.startup.VersionLoggerListener.log Argument de la ligne de commande : -Djava.util.logging.config.file=c:\Users\Ahmed Aziz\.gemini\antigravity\scratch\covoiturage\.tools\apache-tomcat-10.1.31\conf\logging.properties
04-May-2026 18:46:19.963 INFOS [main] org.apache.catalina.startup.VersionLoggerListener.log Argument de la ligne de commande : -Djava.util.logging.manager=org.apache.juli.ClassLoaderLogManager
04-May-2026 18:46:19.963 INFOS [main] org.apache.catalina.startup.VersionLoggerListener.log Argument de la ligne de commande : -Djdk.tls.ephemeralDHKeySize=2048
04-May-2026 18:46:19.963 INFOS [main] org.apache.catalina.startup.VersionLoggerListener.log Argument de la ligne de commande : -Djava.protocol.handler.pkgs=org.apache.catalina.webresources
04-May-2026 18:46:19.964 INFOS [main] org.apache.catalina.startup.VersionLoggerListener.log Argument de la ligne de commande : --add-opens=java.base/java.lang=ALL-UNNAMED
04-May-2026 18:46:19.964 INFOS [main] org.apache.catalina.startup.VersionLoggerListener.log Argument de la ligne de commande : --add-opens=java.base/java.io=ALL-UNNAMED
04-May-2026 18:46:19.964 INFOS [main] org.apache.catalina.startup.VersionLoggerListener.log Argument de la ligne de commande : --add-opens=java.base/java.util=ALL-UNNAMED
04-May-2026 18:46:19.964 INFOS [main] org.apache.catalina.startup.VersionLoggerListener.log Argument de la ligne de commande : --add-opens=java.base/java.util.concurrent=ALL-UNNAMED
04-May-2026 18:46:19.964 INFOS [main] org.apache.catalina.startup.VersionLoggerListener.log Argument de la ligne de commande : --add-opens=java.rmi/sun.rmi.transport=ALL-UNNAMED
04-May-2026 18:46:19.964 INFOS [main] org.apache.catalina.startup.VersionLoggerListener.log Argument de la ligne de commande : -Dcatalina.base=c:\Users\Ahmed Aziz\.gemini\antigravity\scratch\covoiturage\.tools\apache-tomcat-10.1.31
04-May-2026 18:46:19.964 INFOS [main] org.apache.catalina.startup.VersionLoggerListener.log Argument de la ligne de commande : -Dcatalina.home=c:\Users\Ahmed Aziz\.gemini\antigravity\scratch\covoiturage\.tools\apache-tomcat-10.1.31
04-May-2026 18:46:19.965 INFOS [main] org.apache.catalina.startup.VersionLoggerListener.log Argument de la ligne de commande : -Djava.io.tmpdir=c:\Users\Ahmed Aziz\.gemini\antigravity\scratch\covoiturage\.tools\apache-tomcat-10.1.31\temp
04-May-2026 18:46:19.967 INFOS [main] org.apache.catalina.core.AprLifecycleListener.lifecycleEvent Chargement de la librairie Apache Tomcat Native [2.0.8] en utilisant APR version [1.7.4]
04-May-2026 18:46:19.971 INFOS [main] org.apache.catalina.core.AprLifecycleListener.initializeSSL OpenSSL a été initialisé avec succès [OpenSSL 3.0.14 4 Jun 2024]
04-May-2026 18:46:20.187 INFOS [main] org.apache.coyote.AbstractProtocol.init Initialisation du gestionnaire de protocole ["http-nio-8080"]
04-May-2026 18:46:20.214 INFOS [main] org.apache.catalina.startup.Catalina.load L'initialisation du serveur a pris [439] millisecondes
04-May-2026 18:46:20.277 INFOS [main] org.apache.catalina.core.StandardService.startInternal Démarrage du service [Catalina]
04-May-2026 18:46:20.278 INFOS [main] org.apache.catalina.core.StandardEngine.startInternal Démarrage du moteur de Servlets : [Apache Tomcat/10.1.31]
04-May-2026 18:46:20.300 INFOS [main] org.apache.catalina.startup.HostConfig.deployWAR Déploiement de l'archive [C:\Users\Ahmed Aziz\.gemini\antigravity\scratch\covoiturage\.tools\apache-tomcat-10.1.31\webapps\ROOT.war] de l'application web
04-May-2026 18:46:21.407 INFOS [main] org.apache.catalina.startup.HostConfig.deployWAR Le déploiement de l'archive de l'application web [C:\Users\Ahmed Aziz\.gemini\antigravity\scratch\covoiturage\.tools\apache-tomcat-10.1.31\webapps\ROOT.war] s'est terminé en [1 105] ms
04-May-2026 18:46:21.408 INFOS [main] org.apache.catalina.startup.HostConfig.deployDirectory Déploiement du répertoire d'application web [C:\Users\Ahmed Aziz\.gemini\antigravity\scratch\covoiturage\.tools\apache-tomcat-10.1.31\webapps\docs]
04-May-2026 18:46:21.450 INFOS [main] org.apache.catalina.startup.HostConfig.deployDirectory Le déploiement du répertoire [C:\Users\Ahmed Aziz\.gemini\antigravity\scratch\covoiturage\.tools\apache-tomcat-10.1.31\webapps\docs] de l'application web s'est terminé en [42] ms
04-May-2026 18:46:21.451 INFOS [main] org.apache.catalina.startup.HostConfig.deployDirectory Déploiement du répertoire d'application web [C:\Users\Ahmed Aziz\.gemini\antigravity\scratch\covoiturage\.tools\apache-tomcat-10.1.31\webapps\examples]
04-May-2026 18:46:21.795 INFOS [main] org.apache.catalina.startup.HostConfig.deployDirectory Le déploiement du répertoire [C:\Users\Ahmed Aziz\.gemini\antigravity\scratch\covoiturage\.tools\apache-tomcat-10.1.31\webapps\examples] de l'application web s'est terminé en [343] ms
04-May-2026 18:46:21.795 INFOS [main] org.apache.catalina.startup.HostConfig.deployDirectory Déploiement du répertoire d'application web [C:\Users\Ahmed Aziz\.gemini\antigravity\scratch\covoiturage\.tools\apache-tomcat-10.1.31\webapps\host-manager]
04-May-2026 18:46:21.834 INFOS [main] org.apache.catalina.startup.HostConfig.deployDirectory Le déploiement du répertoire [C:\Users\Ahmed Aziz\.gemini\antigravity\scratch\covoiturage\.tools\apache-tomcat-10.1.31\webapps\host-manager] de l'application web s'est terminé en [39] ms
04-May-2026 18:46:21.835 INFOS [main] org.apache.catalina.startup.HostConfig.deployDirectory Déploiement du répertoire d'application web [C:\Users\Ahmed Aziz\.gemini\antigravity\scratch\covoiturage\.tools\apache-tomcat-10.1.31\webapps\manager]
04-May-2026 18:46:21.879 INFOS [main] org.apache.catalina.startup.HostConfig.deployDirectory Le déploiement du répertoire [C:\Users\Ahmed Aziz\.gemini\antigravity\scratch\covoiturage\.tools\apache-tomcat-10.1.31\webapps\manager] de l'application web s'est terminé en [45] ms
04-May-2026 18:46:21.884 INFOS [main] org.apache.coyote.AbstractProtocol.start Démarrage du gestionnaire de protocole ["http-nio-8080"]
04-May-2026 18:46:21.904 INFOS [main] org.apache.catalina.startup.Catalina.start Le démarrage du serveur a pris [1688] millisecondes
04-May-2026 18:48:39.417 INFOS [Thread-2] org.apache.coyote.AbstractProtocol.pause Le gestionnaire de protocole ["http-nio-8080"] est mis en pause
04-May-2026 18:48:39.423 INFOS [Thread-2] org.apache.catalina.core.StandardService.stopInternal Arrêt du service [Catalina]
04-May-2026 18:48:39.427 AVERTISSEMENT [Thread-2] org.apache.catalina.loader.WebappClassLoaderBase.clearReferencesJdbc L'application web [ROOT] a enregistré un pilote JDBC [org.h2.Driver], mais ne l'a pas désenregistré avant l'arrêt de l'application.  Pour éviter une fuite de mémoire, le pilote JDBC a été désenregistré de force.
04-May-2026 18:48:39.439 INFOS [Thread-2] org.apache.coyote.AbstractProtocol.stop Arrêt du gestionnaire de protocole ["http-nio-8080"]
04-May-2026 18:48:39.449 INFOS [Thread-2] org.apache.coyote.AbstractProtocol.destroy Destruction du gestionnaire de protocole ["http-nio-8080"]
04-May-2026 18:48:49.170 INFOS [main] org.apache.catalina.startup.VersionLoggerListener.log Nom version serveur :              Apache Tomcat/10.1.31
04-May-2026 18:48:49.174 INFOS [main] org.apache.catalina.startup.VersionLoggerListener.log Serveur compilé :                  Oct 3 2024 19:02:38 UTC
04-May-2026 18:48:49.175 INFOS [main] org.apache.catalina.startup.VersionLoggerListener.log Version du serveur :               10.1.31.0
04-May-2026 18:48:49.175 INFOS [main] org.apache.catalina.startup.VersionLoggerListener.log Nom de l'OS :                      Windows 11
04-May-2026 18:48:49.175 INFOS [main] org.apache.catalina.startup.VersionLoggerListener.log Version OS :                       10.0
04-May-2026 18:48:49.176 INFOS [main] org.apache.catalina.startup.VersionLoggerListener.log Architecture :                     amd64
04-May-2026 18:48:49.176 INFOS [main] org.apache.catalina.startup.VersionLoggerListener.log Java Home :                        C:\Program Files\Eclipse Adoptium\jdk-21.0.10.7-hotspot
04-May-2026 18:48:49.176 INFOS [main] org.apache.catalina.startup.VersionLoggerListener.log Version JVM :                      21.0.10+7-LTS
04-May-2026 18:48:49.176 INFOS [main] org.apache.catalina.startup.VersionLoggerListener.log Fournisseur de la JVM :            Eclipse Adoptium
04-May-2026 18:48:49.176 INFOS [main] org.apache.catalina.startup.VersionLoggerListener.log CATALINA_BASE :                    C:\Users\Ahmed Aziz\.gemini\antigravity\scratch\covoiturage\.tools\apache-tomcat-10.1.31
04-May-2026 18:48:49.177 INFOS [main] org.apache.catalina.startup.VersionLoggerListener.log CATALINA_HOME :                    C:\Users\Ahmed Aziz\.gemini\antigravity\scratch\covoiturage\.tools\apache-tomcat-10.1.31
04-May-2026 18:48:49.186 INFOS [main] org.apache.catalina.startup.VersionLoggerListener.log Argument de la ligne de commande : -Djava.util.logging.config.file=c:\Users\Ahmed Aziz\.gemini\antigravity\scratch\covoiturage\.tools\apache-tomcat-10.1.31\conf\logging.properties
04-May-2026 18:48:49.186 INFOS [main] org.apache.catalina.startup.VersionLoggerListener.log Argument de la ligne de commande : -Djava.util.logging.manager=org.apache.juli.ClassLoaderLogManager
04-May-2026 18:48:49.186 INFOS [main] org.apache.catalina.startup.VersionLoggerListener.log Argument de la ligne de commande : -Djdk.tls.ephemeralDHKeySize=2048
04-May-2026 18:48:49.187 INFOS [main] org.apache.catalina.startup.VersionLoggerListener.log Argument de la ligne de commande : -Djava.protocol.handler.pkgs=org.apache.catalina.webresources
04-May-2026 18:48:49.187 INFOS [main] org.apache.catalina.startup.VersionLoggerListener.log Argument de la ligne de commande : --add-opens=java.base/java.lang=ALL-UNNAMED
04-May-2026 18:48:49.187 INFOS [main] org.apache.catalina.startup.VersionLoggerListener.log Argument de la ligne de commande : --add-opens=java.base/java.io=ALL-UNNAMED
04-May-2026 18:48:49.187 INFOS [main] org.apache.catalina.startup.VersionLoggerListener.log Argument de la ligne de commande : --add-opens=java.base/java.util=ALL-UNNAMED
04-May-2026 18:48:49.187 INFOS [main] org.apache.catalina.startup.VersionLoggerListener.log Argument de la ligne de commande : --add-opens=java.base/java.util.concurrent=ALL-UNNAMED
04-May-2026 18:48:49.187 INFOS [main] org.apache.catalina.startup.VersionLoggerListener.log Argument de la ligne de commande : --add-opens=java.rmi/sun.rmi.transport=ALL-UNNAMED
04-May-2026 18:48:49.188 INFOS [main] org.apache.catalina.startup.VersionLoggerListener.log Argument de la ligne de commande : -Dcatalina.base=c:\Users\Ahmed Aziz\.gemini\antigravity\scratch\covoiturage\.tools\apache-tomcat-10.1.31
04-May-2026 18:48:49.188 INFOS [main] org.apache.catalina.startup.VersionLoggerListener.log Argument de la ligne de commande : -Dcatalina.home=c:\Users\Ahmed Aziz\.gemini\antigravity\scratch\covoiturage\.tools\apache-tomcat-10.1.31
04-May-2026 18:48:49.188 INFOS [main] org.apache.catalina.startup.VersionLoggerListener.log Argument de la ligne de commande : -Djava.io.tmpdir=c:\Users\Ahmed Aziz\.gemini\antigravity\scratch\covoiturage\.tools\apache-tomcat-10.1.31\temp
04-May-2026 18:48:49.190 INFOS [main] org.apache.catalina.core.AprLifecycleListener.lifecycleEvent Chargement de la librairie Apache Tomcat Native [2.0.8] en utilisant APR version [1.7.4]
04-May-2026 18:48:49.194 INFOS [main] org.apache.catalina.core.AprLifecycleListener.initializeSSL OpenSSL a été initialisé avec succès [OpenSSL 3.0.14 4 Jun 2024]
04-May-2026 18:48:49.398 INFOS [main] org.apache.coyote.AbstractProtocol.init Initialisation du gestionnaire de protocole ["http-nio-8080"]
04-May-2026 18:48:49.419 INFOS [main] org.apache.catalina.startup.Catalina.load L'initialisation du serveur a pris [414] millisecondes
04-May-2026 18:48:49.481 INFOS [main] org.apache.catalina.core.StandardService.startInternal Démarrage du service [Catalina]
04-May-2026 18:48:49.482 INFOS [main] org.apache.catalina.core.StandardEngine.startInternal Démarrage du moteur de Servlets : [Apache Tomcat/10.1.31]
04-May-2026 18:48:49.499 INFOS [main] org.apache.catalina.startup.HostConfig.deployWAR Déploiement de l'archive [C:\Users\Ahmed Aziz\.gemini\antigravity\scratch\covoiturage\.tools\apache-tomcat-10.1.31\webapps\ROOT.war] de l'application web
04-May-2026 18:48:50.602 INFOS [main] org.apache.catalina.startup.HostConfig.deployWAR Le déploiement de l'archive de l'application web [C:\Users\Ahmed Aziz\.gemini\antigravity\scratch\covoiturage\.tools\apache-tomcat-10.1.31\webapps\ROOT.war] s'est terminé en [1 101] ms
04-May-2026 18:48:50.602 INFOS [main] org.apache.catalina.startup.HostConfig.deployDirectory Déploiement du répertoire d'application web [C:\Users\Ahmed Aziz\.gemini\antigravity\scratch\covoiturage\.tools\apache-tomcat-10.1.31\webapps\docs]
04-May-2026 18:48:50.652 INFOS [main] org.apache.catalina.startup.HostConfig.deployDirectory Le déploiement du répertoire [C:\Users\Ahmed Aziz\.gemini\antigravity\scratch\covoiturage\.tools\apache-tomcat-10.1.31\webapps\docs] de l'application web s'est terminé en [50] ms
04-May-2026 18:48:50.653 INFOS [main] org.apache.catalina.startup.HostConfig.deployDirectory Déploiement du répertoire d'application web [C:\Users\Ahmed Aziz\.gemini\antigravity\scratch\covoiturage\.tools\apache-tomcat-10.1.31\webapps\examples]
04-May-2026 18:48:50.995 INFOS [main] org.apache.catalina.startup.HostConfig.deployDirectory Le déploiement du répertoire [C:\Users\Ahmed Aziz\.gemini\antigravity\scratch\covoiturage\.tools\apache-tomcat-10.1.31\webapps\examples] de l'application web s'est terminé en [343] ms
04-May-2026 18:48:50.996 INFOS [main] org.apache.catalina.startup.HostConfig.deployDirectory Déploiement du répertoire d'application web [C:\Users\Ahmed Aziz\.gemini\antigravity\scratch\covoiturage\.tools\apache-tomcat-10.1.31\webapps\host-manager]
04-May-2026 18:48:51.032 INFOS [main] org.apache.catalina.startup.HostConfig.deployDirectory Le déploiement du répertoire [C:\Users\Ahmed Aziz\.gemini\antigravity\scratch\covoiturage\.tools\apache-tomcat-10.1.31\webapps\host-manager] de l'application web s'est terminé en [36] ms
04-May-2026 18:48:51.033 INFOS [main] org.apache.catalina.startup.HostConfig.deployDirectory Déploiement du répertoire d'application web [C:\Users\Ahmed Aziz\.gemini\antigravity\scratch\covoiturage\.tools\apache-tomcat-10.1.31\webapps\manager]
04-May-2026 18:48:51.068 INFOS [main] org.apache.catalina.startup.HostConfig.deployDirectory Le déploiement du répertoire [C:\Users\Ahmed Aziz\.gemini\antigravity\scratch\covoiturage\.tools\apache-tomcat-10.1.31\webapps\manager] de l'application web s'est terminé en [35] ms
04-May-2026 18:48:51.073 INFOS [main] org.apache.coyote.AbstractProtocol.start Démarrage du gestionnaire de protocole ["http-nio-8080"]
04-May-2026 18:48:51.092 INFOS [main] org.apache.catalina.startup.Catalina.start Le démarrage du serveur a pris [1670] millisecondes
04-May-2026 18:57:14.835 INFOS [Thread-2] org.apache.coyote.AbstractProtocol.pause Le gestionnaire de protocole ["http-nio-8080"] est mis en pause
04-May-2026 18:57:14.843 INFOS [Thread-2] org.apache.catalina.core.StandardService.stopInternal Arrêt du service [Catalina]
04-May-2026 18:57:14.849 AVERTISSEMENT [Thread-2] org.apache.catalina.loader.WebappClassLoaderBase.clearReferencesJdbc L'application web [ROOT] a enregistré un pilote JDBC [org.h2.Driver], mais ne l'a pas désenregistré avant l'arrêt de l'application.  Pour éviter une fuite de mémoire, le pilote JDBC a été désenregistré de force.
04-May-2026 18:57:14.865 INFOS [Thread-2] org.apache.coyote.AbstractProtocol.stop Arrêt du gestionnaire de protocole ["http-nio-8080"]
04-May-2026 18:57:14.878 INFOS [Thread-2] org.apache.coyote.AbstractProtocol.destroy Destruction du gestionnaire de protocole ["http-nio-8080"]
04-May-2026 18:57:24.233 INFOS [main] org.apache.catalina.startup.VersionLoggerListener.log Nom version serveur :              Apache Tomcat/10.1.31
04-May-2026 18:57:24.237 INFOS [main] org.apache.catalina.startup.VersionLoggerListener.log Serveur compilé :                  Oct 3 2024 19:02:38 UTC
04-May-2026 18:57:24.239 INFOS [main] org.apache.catalina.startup.VersionLoggerListener.log Version du serveur :               10.1.31.0
04-May-2026 18:57:24.239 INFOS [main] org.apache.catalina.startup.VersionLoggerListener.log Nom de l'OS :                      Windows 11
04-May-2026 18:57:24.239 INFOS [main] org.apache.catalina.startup.VersionLoggerListener.log Version OS :                       10.0
04-May-2026 18:57:24.239 INFOS [main] org.apache.catalina.startup.VersionLoggerListener.log Architecture :                     amd64
04-May-2026 18:57:24.239 INFOS [main] org.apache.catalina.startup.VersionLoggerListener.log Java Home :                        C:\Program Files\Eclipse Adoptium\jdk-21.0.10.7-hotspot
04-May-2026 18:57:24.239 INFOS [main] org.apache.catalina.startup.VersionLoggerListener.log Version JVM :                      21.0.10+7-LTS
04-May-2026 18:57:24.239 INFOS [main] org.apache.catalina.startup.VersionLoggerListener.log Fournisseur de la JVM :            Eclipse Adoptium
04-May-2026 18:57:24.241 INFOS [main] org.apache.catalina.startup.VersionLoggerListener.log CATALINA_BASE :                    C:\Users\Ahmed Aziz\.gemini\antigravity\scratch\covoiturage\.tools\apache-tomcat-10.1.31
04-May-2026 18:57:24.241 INFOS [main] org.apache.catalina.startup.VersionLoggerListener.log CATALINA_HOME :                    C:\Users\Ahmed Aziz\.gemini\antigravity\scratch\covoiturage\.tools\apache-tomcat-10.1.31
04-May-2026 18:57:24.250 INFOS [main] org.apache.catalina.startup.VersionLoggerListener.log Argument de la ligne de commande : -Djava.util.logging.config.file=c:\Users\Ahmed Aziz\.gemini\antigravity\scratch\covoiturage\.tools\apache-tomcat-10.1.31\conf\logging.properties
04-May-2026 18:57:24.250 INFOS [main] org.apache.catalina.startup.VersionLoggerListener.log Argument de la ligne de commande : -Djava.util.logging.manager=org.apache.juli.ClassLoaderLogManager
04-May-2026 18:57:24.251 INFOS [main] org.apache.catalina.startup.VersionLoggerListener.log Argument de la ligne de commande : -Djdk.tls.ephemeralDHKeySize=2048
04-May-2026 18:57:24.251 INFOS [main] org.apache.catalina.startup.VersionLoggerListener.log Argument de la ligne de commande : -Djava.protocol.handler.pkgs=org.apache.catalina.webresources
04-May-2026 18:57:24.251 INFOS [main] org.apache.catalina.startup.VersionLoggerListener.log Argument de la ligne de commande : --add-opens=java.base/java.lang=ALL-UNNAMED
04-May-2026 18:57:24.251 INFOS [main] org.apache.catalina.startup.VersionLoggerListener.log Argument de la ligne de commande : --add-opens=java.base/java.io=ALL-UNNAMED
04-May-2026 18:57:24.251 INFOS [main] org.apache.catalina.startup.VersionLoggerListener.log Argument de la ligne de commande : --add-opens=java.base/java.util=ALL-UNNAMED
04-May-2026 18:57:24.251 INFOS [main] org.apache.catalina.startup.VersionLoggerListener.log Argument de la ligne de commande : --add-opens=java.base/java.util.concurrent=ALL-UNNAMED
04-May-2026 18:57:24.252 INFOS [main] org.apache.catalina.startup.VersionLoggerListener.log Argument de la ligne de commande : --add-opens=java.rmi/sun.rmi.transport=ALL-UNNAMED
04-May-2026 18:57:24.252 INFOS [main] org.apache.catalina.startup.VersionLoggerListener.log Argument de la ligne de commande : -Dcatalina.base=c:\Users\Ahmed Aziz\.gemini\antigravity\scratch\covoiturage\.tools\apache-tomcat-10.1.31
04-May-2026 18:57:24.252 INFOS [main] org.apache.catalina.startup.VersionLoggerListener.log Argument de la ligne de commande : -Dcatalina.home=c:\Users\Ahmed Aziz\.gemini\antigravity\scratch\covoiturage\.tools\apache-tomcat-10.1.31
04-May-2026 18:57:24.252 INFOS [main] org.apache.catalina.startup.VersionLoggerListener.log Argument de la ligne de commande : -Djava.io.tmpdir=c:\Users\Ahmed Aziz\.gemini\antigravity\scratch\covoiturage\.tools\apache-tomcat-10.1.31\temp
04-May-2026 18:57:24.254 INFOS [main] org.apache.catalina.core.AprLifecycleListener.lifecycleEvent Chargement de la librairie Apache Tomcat Native [2.0.8] en utilisant APR version [1.7.4]
04-May-2026 18:57:24.259 INFOS [main] org.apache.catalina.core.AprLifecycleListener.initializeSSL OpenSSL a été initialisé avec succès [OpenSSL 3.0.14 4 Jun 2024]
04-May-2026 18:57:24.497 INFOS [main] org.apache.coyote.AbstractProtocol.init Initialisation du gestionnaire de protocole ["http-nio-8080"]
04-May-2026 18:57:24.518 INFOS [main] org.apache.catalina.startup.Catalina.load L'initialisation du serveur a pris [447] millisecondes
04-May-2026 18:57:24.569 INFOS [main] org.apache.catalina.core.StandardService.startInternal Démarrage du service [Catalina]
04-May-2026 18:57:24.569 INFOS [main] org.apache.catalina.core.StandardEngine.startInternal Démarrage du moteur de Servlets : [Apache Tomcat/10.1.31]
04-May-2026 18:57:24.586 INFOS [main] org.apache.catalina.startup.HostConfig.deployWAR Déploiement de l'archive [C:\Users\Ahmed Aziz\.gemini\antigravity\scratch\covoiturage\.tools\apache-tomcat-10.1.31\webapps\ROOT.war] de l'application web
04-May-2026 18:57:25.676 INFOS [main] org.apache.catalina.startup.HostConfig.deployWAR Le déploiement de l'archive de l'application web [C:\Users\Ahmed Aziz\.gemini\antigravity\scratch\covoiturage\.tools\apache-tomcat-10.1.31\webapps\ROOT.war] s'est terminé en [1 088] ms
04-May-2026 18:57:25.677 INFOS [main] org.apache.catalina.startup.HostConfig.deployDirectory Déploiement du répertoire d'application web [C:\Users\Ahmed Aziz\.gemini\antigravity\scratch\covoiturage\.tools\apache-tomcat-10.1.31\webapps\docs]
04-May-2026 18:57:25.721 INFOS [main] org.apache.catalina.startup.HostConfig.deployDirectory Le déploiement du répertoire [C:\Users\Ahmed Aziz\.gemini\antigravity\scratch\covoiturage\.tools\apache-tomcat-10.1.31\webapps\docs] de l'application web s'est terminé en [44] ms
04-May-2026 18:57:25.722 INFOS [main] org.apache.catalina.startup.HostConfig.deployDirectory Déploiement du répertoire d'application web [C:\Users\Ahmed Aziz\.gemini\antigravity\scratch\covoiturage\.tools\apache-tomcat-10.1.31\webapps\examples]
04-May-2026 18:57:26.066 INFOS [main] org.apache.catalina.startup.HostConfig.deployDirectory Le déploiement du répertoire [C:\Users\Ahmed Aziz\.gemini\antigravity\scratch\covoiturage\.tools\apache-tomcat-10.1.31\webapps\examples] de l'application web s'est terminé en [344] ms
04-May-2026 18:57:26.066 INFOS [main] org.apache.catalina.startup.HostConfig.deployDirectory Déploiement du répertoire d'application web [C:\Users\Ahmed Aziz\.gemini\antigravity\scratch\covoiturage\.tools\apache-tomcat-10.1.31\webapps\host-manager]
04-May-2026 18:57:26.099 INFOS [main] org.apache.catalina.startup.HostConfig.deployDirectory Le déploiement du répertoire [C:\Users\Ahmed Aziz\.gemini\antigravity\scratch\covoiturage\.tools\apache-tomcat-10.1.31\webapps\host-manager] de l'application web s'est terminé en [33] ms
04-May-2026 18:57:26.100 INFOS [main] org.apache.catalina.startup.HostConfig.deployDirectory Déploiement du répertoire d'application web [C:\Users\Ahmed Aziz\.gemini\antigravity\scratch\covoiturage\.tools\apache-tomcat-10.1.31\webapps\manager]
04-May-2026 18:57:26.133 INFOS [main] org.apache.catalina.startup.HostConfig.deployDirectory Le déploiement du répertoire [C:\Users\Ahmed Aziz\.gemini\antigravity\scratch\covoiturage\.tools\apache-tomcat-10.1.31\webapps\manager] de l'application web s'est terminé en [32] ms
04-May-2026 18:57:26.137 INFOS [main] org.apache.coyote.AbstractProtocol.start Démarrage du gestionnaire de protocole ["http-nio-8080"]
04-May-2026 18:57:26.154 INFOS [main] org.apache.catalina.startup.Catalina.start Le démarrage du serveur a pris [1634] millisecondes
04-May-2026 19:02:41.387 INFOS [Thread-2] org.apache.coyote.AbstractProtocol.pause Le gestionnaire de protocole ["http-nio-8080"] est mis en pause
04-May-2026 19:02:41.395 INFOS [Thread-2] org.apache.catalina.core.StandardService.stopInternal Arrêt du service [Catalina]
04-May-2026 19:02:41.405 AVERTISSEMENT [Thread-2] org.apache.catalina.loader.WebappClassLoaderBase.clearReferencesJdbc L'application web [ROOT] a enregistré un pilote JDBC [org.h2.Driver], mais ne l'a pas désenregistré avant l'arrêt de l'application.  Pour éviter une fuite de mémoire, le pilote JDBC a été désenregistré de force.
04-May-2026 19:02:41.418 INFOS [Thread-2] org.apache.coyote.AbstractProtocol.stop Arrêt du gestionnaire de protocole ["http-nio-8080"]
04-May-2026 19:02:41.432 INFOS [Thread-2] org.apache.coyote.AbstractProtocol.destroy Destruction du gestionnaire de protocole ["http-nio-8080"]
04-May-2026 19:02:53.150 INFOS [main] org.apache.catalina.startup.VersionLoggerListener.log Nom version serveur :              Apache Tomcat/10.1.31
04-May-2026 19:02:53.154 INFOS [main] org.apache.catalina.startup.VersionLoggerListener.log Serveur compilé :                  Oct 3 2024 19:02:38 UTC
04-May-2026 19:02:53.154 INFOS [main] org.apache.catalina.startup.VersionLoggerListener.log Version du serveur :               10.1.31.0
04-May-2026 19:02:53.154 INFOS [main] org.apache.catalina.startup.VersionLoggerListener.log Nom de l'OS :                      Windows 11
04-May-2026 19:02:53.155 INFOS [main] org.apache.catalina.startup.VersionLoggerListener.log Version OS :                       10.0
04-May-2026 19:02:53.155 INFOS [main] org.apache.catalina.startup.VersionLoggerListener.log Architecture :                     amd64
04-May-2026 19:02:53.155 INFOS [main] org.apache.catalina.startup.VersionLoggerListener.log Java Home :                        C:\Program Files\Eclipse Adoptium\jdk-21.0.10.7-hotspot
04-May-2026 19:02:53.155 INFOS [main] org.apache.catalina.startup.VersionLoggerListener.log Version JVM :                      21.0.10+7-LTS
04-May-2026 19:02:53.155 INFOS [main] org.apache.catalina.startup.VersionLoggerListener.log Fournisseur de la JVM :            Eclipse Adoptium
04-May-2026 19:02:53.155 INFOS [main] org.apache.catalina.startup.VersionLoggerListener.log CATALINA_BASE :                    C:\Users\Ahmed Aziz\.gemini\antigravity\scratch\covoiturage\.tools\apache-tomcat-10.1.31
04-May-2026 19:02:53.156 INFOS [main] org.apache.catalina.startup.VersionLoggerListener.log CATALINA_HOME :                    C:\Users\Ahmed Aziz\.gemini\antigravity\scratch\covoiturage\.tools\apache-tomcat-10.1.31
04-May-2026 19:02:53.165 INFOS [main] org.apache.catalina.startup.VersionLoggerListener.log Argument de la ligne de commande : -Djava.util.logging.config.file=c:\Users\Ahmed Aziz\.gemini\antigravity\scratch\covoiturage\.tools\apache-tomcat-10.1.31\conf\logging.properties
04-May-2026 19:02:53.166 INFOS [main] org.apache.catalina.startup.VersionLoggerListener.log Argument de la ligne de commande : -Djava.util.logging.manager=org.apache.juli.ClassLoaderLogManager
04-May-2026 19:02:53.166 INFOS [main] org.apache.catalina.startup.VersionLoggerListener.log Argument de la ligne de commande : -Djdk.tls.ephemeralDHKeySize=2048
04-May-2026 19:02:53.166 INFOS [main] org.apache.catalina.startup.VersionLoggerListener.log Argument de la ligne de commande : -Djava.protocol.handler.pkgs=org.apache.catalina.webresources
04-May-2026 19:02:53.166 INFOS [main] org.apache.catalina.startup.VersionLoggerListener.log Argument de la ligne de commande : --add-opens=java.base/java.lang=ALL-UNNAMED
04-May-2026 19:02:53.167 INFOS [main] org.apache.catalina.startup.VersionLoggerListener.log Argument de la ligne de commande : --add-opens=java.base/java.io=ALL-UNNAMED
04-May-2026 19:02:53.167 INFOS [main] org.apache.catalina.startup.VersionLoggerListener.log Argument de la ligne de commande : --add-opens=java.base/java.util=ALL-UNNAMED
04-May-2026 19:02:53.167 INFOS [main] org.apache.catalina.startup.VersionLoggerListener.log Argument de la ligne de commande : --add-opens=java.base/java.util.concurrent=ALL-UNNAMED
04-May-2026 19:02:53.167 INFOS [main] org.apache.catalina.startup.VersionLoggerListener.log Argument de la ligne de commande : --add-opens=java.rmi/sun.rmi.transport=ALL-UNNAMED
04-May-2026 19:02:53.167 INFOS [main] org.apache.catalina.startup.VersionLoggerListener.log Argument de la ligne de commande : -Dcatalina.base=c:\Users\Ahmed Aziz\.gemini\antigravity\scratch\covoiturage\.tools\apache-tomcat-10.1.31
04-May-2026 19:02:53.168 INFOS [main] org.apache.catalina.startup.VersionLoggerListener.log Argument de la ligne de commande : -Dcatalina.home=c:\Users\Ahmed Aziz\.gemini\antigravity\scratch\covoiturage\.tools\apache-tomcat-10.1.31
04-May-2026 19:02:53.168 INFOS [main] org.apache.catalina.startup.VersionLoggerListener.log Argument de la ligne de commande : -Djava.io.tmpdir=c:\Users\Ahmed Aziz\.gemini\antigravity\scratch\covoiturage\.tools\apache-tomcat-10.1.31\temp
04-May-2026 19:02:53.170 INFOS [main] org.apache.catalina.core.AprLifecycleListener.lifecycleEvent Chargement de la librairie Apache Tomcat Native [2.0.8] en utilisant APR version [1.7.4]
04-May-2026 19:02:53.174 INFOS [main] org.apache.catalina.core.AprLifecycleListener.initializeSSL OpenSSL a été initialisé avec succès [OpenSSL 3.0.14 4 Jun 2024]
04-May-2026 19:02:53.386 INFOS [main] org.apache.coyote.AbstractProtocol.init Initialisation du gestionnaire de protocole ["http-nio-8080"]
04-May-2026 19:02:53.411 INFOS [main] org.apache.catalina.startup.Catalina.load L'initialisation du serveur a pris [425] millisecondes
04-May-2026 19:02:53.462 INFOS [main] org.apache.catalina.core.StandardService.startInternal Démarrage du service [Catalina]
04-May-2026 19:02:53.462 INFOS [main] org.apache.catalina.core.StandardEngine.startInternal Démarrage du moteur de Servlets : [Apache Tomcat/10.1.31]
04-May-2026 19:02:53.485 INFOS [main] org.apache.catalina.startup.HostConfig.deployWAR Déploiement de l'archive [C:\Users\Ahmed Aziz\.gemini\antigravity\scratch\covoiturage\.tools\apache-tomcat-10.1.31\webapps\ROOT.war] de l'application web
04-May-2026 19:02:54.567 INFOS [main] org.apache.catalina.startup.HostConfig.deployWAR Le déploiement de l'archive de l'application web [C:\Users\Ahmed Aziz\.gemini\antigravity\scratch\covoiturage\.tools\apache-tomcat-10.1.31\webapps\ROOT.war] s'est terminé en [1 080] ms
04-May-2026 19:02:54.568 INFOS [main] org.apache.catalina.startup.HostConfig.deployDirectory Déploiement du répertoire d'application web [C:\Users\Ahmed Aziz\.gemini\antigravity\scratch\covoiturage\.tools\apache-tomcat-10.1.31\webapps\docs]
04-May-2026 19:02:54.603 INFOS [main] org.apache.catalina.startup.HostConfig.deployDirectory Le déploiement du répertoire [C:\Users\Ahmed Aziz\.gemini\antigravity\scratch\covoiturage\.tools\apache-tomcat-10.1.31\webapps\docs] de l'application web s'est terminé en [34] ms
04-May-2026 19:02:54.604 INFOS [main] org.apache.catalina.startup.HostConfig.deployDirectory Déploiement du répertoire d'application web [C:\Users\Ahmed Aziz\.gemini\antigravity\scratch\covoiturage\.tools\apache-tomcat-10.1.31\webapps\examples]
04-May-2026 19:02:54.957 INFOS [main] org.apache.catalina.startup.HostConfig.deployDirectory Le déploiement du répertoire [C:\Users\Ahmed Aziz\.gemini\antigravity\scratch\covoiturage\.tools\apache-tomcat-10.1.31\webapps\examples] de l'application web s'est terminé en [352] ms
04-May-2026 19:02:54.957 INFOS [main] org.apache.catalina.startup.HostConfig.deployDirectory Déploiement du répertoire d'application web [C:\Users\Ahmed Aziz\.gemini\antigravity\scratch\covoiturage\.tools\apache-tomcat-10.1.31\webapps\host-manager]
04-May-2026 19:02:54.999 INFOS [main] org.apache.catalina.startup.HostConfig.deployDirectory Le déploiement du répertoire [C:\Users\Ahmed Aziz\.gemini\antigravity\scratch\covoiturage\.tools\apache-tomcat-10.1.31\webapps\host-manager] de l'application web s'est terminé en [42] ms
04-May-2026 19:02:55.000 INFOS [main] org.apache.catalina.startup.HostConfig.deployDirectory Déploiement du répertoire d'application web [C:\Users\Ahmed Aziz\.gemini\antigravity\scratch\covoiturage\.tools\apache-tomcat-10.1.31\webapps\manager]
04-May-2026 19:02:55.038 INFOS [main] org.apache.catalina.startup.HostConfig.deployDirectory Le déploiement du répertoire [C:\Users\Ahmed Aziz\.gemini\antigravity\scratch\covoiturage\.tools\apache-tomcat-10.1.31\webapps\manager] de l'application web s'est terminé en [38] ms
04-May-2026 19:02:55.044 INFOS [main] org.apache.coyote.AbstractProtocol.start Démarrage du gestionnaire de protocole ["http-nio-8080"]
04-May-2026 19:02:55.067 INFOS [main] org.apache.catalina.startup.Catalina.start Le démarrage du serveur a pris [1654] millisecondes
04-May-2026 19:08:29.854 INFOS [Thread-2] org.apache.coyote.AbstractProtocol.pause Le gestionnaire de protocole ["http-nio-8080"] est mis en pause
04-May-2026 19:08:29.861 INFOS [Thread-2] org.apache.catalina.core.StandardService.stopInternal Arrêt du service [Catalina]
04-May-2026 19:08:29.868 AVERTISSEMENT [Thread-2] org.apache.catalina.loader.WebappClassLoaderBase.clearReferencesJdbc L'application web [ROOT] a enregistré un pilote JDBC [org.h2.Driver], mais ne l'a pas désenregistré avant l'arrêt de l'application.  Pour éviter une fuite de mémoire, le pilote JDBC a été désenregistré de force.
04-May-2026 19:08:29.884 INFOS [Thread-2] org.apache.coyote.AbstractProtocol.stop Arrêt du gestionnaire de protocole ["http-nio-8080"]
04-May-2026 19:08:29.897 INFOS [Thread-2] org.apache.coyote.AbstractProtocol.destroy Destruction du gestionnaire de protocole ["http-nio-8080"]
04-May-2026 22:33:49.935 INFOS [main] org.apache.catalina.startup.VersionLoggerListener.log Nom version serveur :              Apache Tomcat/10.1.31
04-May-2026 22:33:49.939 INFOS [main] org.apache.catalina.startup.VersionLoggerListener.log Serveur compilé :                  Oct 3 2024 19:02:38 UTC
04-May-2026 22:33:49.940 INFOS [main] org.apache.catalina.startup.VersionLoggerListener.log Version du serveur :               10.1.31.0
04-May-2026 22:33:49.940 INFOS [main] org.apache.catalina.startup.VersionLoggerListener.log Nom de l'OS :                      Windows 11
04-May-2026 22:33:49.941 INFOS [main] org.apache.catalina.startup.VersionLoggerListener.log Version OS :                       10.0
04-May-2026 22:33:49.941 INFOS [main] org.apache.catalina.startup.VersionLoggerListener.log Architecture :                     amd64
04-May-2026 22:33:49.941 INFOS [main] org.apache.catalina.startup.VersionLoggerListener.log Java Home :                        C:\Program Files\Eclipse Adoptium\jdk-21.0.10.7-hotspot
04-May-2026 22:33:49.941 INFOS [main] org.apache.catalina.startup.VersionLoggerListener.log Version JVM :                      21.0.10+7-LTS
04-May-2026 22:33:49.941 INFOS [main] org.apache.catalina.startup.VersionLoggerListener.log Fournisseur de la JVM :            Eclipse Adoptium
04-May-2026 22:33:49.941 INFOS [main] org.apache.catalina.startup.VersionLoggerListener.log CATALINA_BASE :                    C:\Users\Ahmed Aziz\.gemini\antigravity\scratch\covoiturage\.tools\apache-tomcat-10.1.31
04-May-2026 22:33:49.941 INFOS [main] org.apache.catalina.startup.VersionLoggerListener.log CATALINA_HOME :                    C:\Users\Ahmed Aziz\.gemini\antigravity\scratch\covoiturage\.tools\apache-tomcat-10.1.31
04-May-2026 22:33:49.960 INFOS [main] org.apache.catalina.startup.VersionLoggerListener.log Argument de la ligne de commande : -Djava.util.logging.config.file=c:\Users\Ahmed Aziz\.gemini\antigravity\scratch\covoiturage\.tools\apache-tomcat-10.1.31\conf\logging.properties
04-May-2026 22:33:49.961 INFOS [main] org.apache.catalina.startup.VersionLoggerListener.log Argument de la ligne de commande : -Djava.util.logging.manager=org.apache.juli.ClassLoaderLogManager
04-May-2026 22:33:49.961 INFOS [main] org.apache.catalina.startup.VersionLoggerListener.log Argument de la ligne de commande : -Djdk.tls.ephemeralDHKeySize=2048
04-May-2026 22:33:49.961 INFOS [main] org.apache.catalina.startup.VersionLoggerListener.log Argument de la ligne de commande : -Djava.protocol.handler.pkgs=org.apache.catalina.webresources
04-May-2026 22:33:49.961 INFOS [main] org.apache.catalina.startup.VersionLoggerListener.log Argument de la ligne de commande : --add-opens=java.base/java.lang=ALL-UNNAMED
04-May-2026 22:33:49.961 INFOS [main] org.apache.catalina.startup.VersionLoggerListener.log Argument de la ligne de commande : --add-opens=java.base/java.io=ALL-UNNAMED
04-May-2026 22:33:49.962 INFOS [main] org.apache.catalina.startup.VersionLoggerListener.log Argument de la ligne de commande : --add-opens=java.base/java.util=ALL-UNNAMED
04-May-2026 22:33:49.962 INFOS [main] org.apache.catalina.startup.VersionLoggerListener.log Argument de la ligne de commande : --add-opens=java.base/java.util.concurrent=ALL-UNNAMED
04-May-2026 22:33:49.962 INFOS [main] org.apache.catalina.startup.VersionLoggerListener.log Argument de la ligne de commande : --add-opens=java.rmi/sun.rmi.transport=ALL-UNNAMED
04-May-2026 22:33:49.962 INFOS [main] org.apache.catalina.startup.VersionLoggerListener.log Argument de la ligne de commande : -Dcatalina.base=c:\Users\Ahmed Aziz\.gemini\antigravity\scratch\covoiturage\.tools\apache-tomcat-10.1.31
04-May-2026 22:33:49.962 INFOS [main] org.apache.catalina.startup.VersionLoggerListener.log Argument de la ligne de commande : -Dcatalina.home=c:\Users\Ahmed Aziz\.gemini\antigravity\scratch\covoiturage\.tools\apache-tomcat-10.1.31
04-May-2026 22:33:49.963 INFOS [main] org.apache.catalina.startup.VersionLoggerListener.log Argument de la ligne de commande : -Djava.io.tmpdir=c:\Users\Ahmed Aziz\.gemini\antigravity\scratch\covoiturage\.tools\apache-tomcat-10.1.31\temp
04-May-2026 22:33:49.969 INFOS [main] org.apache.catalina.core.AprLifecycleListener.lifecycleEvent Chargement de la librairie Apache Tomcat Native [2.0.8] en utilisant APR version [1.7.4]
04-May-2026 22:33:49.995 INFOS [main] org.apache.catalina.core.AprLifecycleListener.initializeSSL OpenSSL a été initialisé avec succès [OpenSSL 3.0.14 4 Jun 2024]
04-May-2026 22:33:50.275 INFOS [main] org.apache.coyote.AbstractProtocol.init Initialisation du gestionnaire de protocole ["http-nio-8080"]
04-May-2026 22:33:50.310 INFOS [main] org.apache.catalina.startup.Catalina.load L'initialisation du serveur a pris [605] millisecondes
04-May-2026 22:33:50.382 INFOS [main] org.apache.catalina.core.StandardService.startInternal Démarrage du service [Catalina]
04-May-2026 22:33:50.383 INFOS [main] org.apache.catalina.core.StandardEngine.startInternal Démarrage du moteur de Servlets : [Apache Tomcat/10.1.31]
04-May-2026 22:33:50.401 INFOS [main] org.apache.catalina.startup.HostConfig.deployWAR Déploiement de l'archive [C:\Users\Ahmed Aziz\.gemini\antigravity\scratch\covoiturage\.tools\apache-tomcat-10.1.31\webapps\ROOT.war] de l'application web
04-May-2026 22:33:51.567 INFOS [main] org.apache.catalina.startup.HostConfig.deployWAR Le déploiement de l'archive de l'application web [C:\Users\Ahmed Aziz\.gemini\antigravity\scratch\covoiturage\.tools\apache-tomcat-10.1.31\webapps\ROOT.war] s'est terminé en [1 163] ms
04-May-2026 22:33:51.570 INFOS [main] org.apache.catalina.startup.HostConfig.deployDirectory Déploiement du répertoire d'application web [C:\Users\Ahmed Aziz\.gemini\antigravity\scratch\covoiturage\.tools\apache-tomcat-10.1.31\webapps\docs]
04-May-2026 22:33:51.614 INFOS [main] org.apache.catalina.startup.HostConfig.deployDirectory Le déploiement du répertoire [C:\Users\Ahmed Aziz\.gemini\antigravity\scratch\covoiturage\.tools\apache-tomcat-10.1.31\webapps\docs] de l'application web s'est terminé en [43] ms
04-May-2026 22:33:51.614 INFOS [main] org.apache.catalina.startup.HostConfig.deployDirectory Déploiement du répertoire d'application web [C:\Users\Ahmed Aziz\.gemini\antigravity\scratch\covoiturage\.tools\apache-tomcat-10.1.31\webapps\examples]
04-May-2026 22:33:52.604 INFOS [main] org.apache.catalina.startup.HostConfig.deployDirectory Le déploiement du répertoire [C:\Users\Ahmed Aziz\.gemini\antigravity\scratch\covoiturage\.tools\apache-tomcat-10.1.31\webapps\examples] de l'application web s'est terminé en [990] ms
04-May-2026 22:33:52.606 INFOS [main] org.apache.catalina.startup.HostConfig.deployDirectory Déploiement du répertoire d'application web [C:\Users\Ahmed Aziz\.gemini\antigravity\scratch\covoiturage\.tools\apache-tomcat-10.1.31\webapps\host-manager]
04-May-2026 22:33:52.756 INFOS [main] org.apache.catalina.startup.HostConfig.deployDirectory Le déploiement du répertoire [C:\Users\Ahmed Aziz\.gemini\antigravity\scratch\covoiturage\.tools\apache-tomcat-10.1.31\webapps\host-manager] de l'application web s'est terminé en [151] ms
04-May-2026 22:33:52.758 INFOS [main] org.apache.catalina.startup.HostConfig.deployDirectory Déploiement du répertoire d'application web [C:\Users\Ahmed Aziz\.gemini\antigravity\scratch\covoiturage\.tools\apache-tomcat-10.1.31\webapps\manager]
04-May-2026 22:33:52.926 INFOS [main] org.apache.catalina.startup.HostConfig.deployDirectory Le déploiement du répertoire [C:\Users\Ahmed Aziz\.gemini\antigravity\scratch\covoiturage\.tools\apache-tomcat-10.1.31\webapps\manager] de l'application web s'est terminé en [168] ms
04-May-2026 22:33:52.934 INFOS [main] org.apache.coyote.AbstractProtocol.start Démarrage du gestionnaire de protocole ["http-nio-8080"]
04-May-2026 22:33:52.975 INFOS [main] org.apache.catalina.startup.Catalina.start Le démarrage du serveur a pris [2662] millisecondes
04-May-2026 22:37:29.332 INFOS [Thread-2] org.apache.coyote.AbstractProtocol.pause Le gestionnaire de protocole ["http-nio-8080"] est mis en pause
04-May-2026 22:37:29.343 INFOS [Thread-2] org.apache.catalina.core.StandardService.stopInternal Arrêt du service [Catalina]
04-May-2026 22:37:29.348 AVERTISSEMENT [Thread-2] org.apache.catalina.loader.WebappClassLoaderBase.clearReferencesJdbc L'application web [ROOT] a enregistré un pilote JDBC [org.h2.Driver], mais ne l'a pas désenregistré avant l'arrêt de l'application.  Pour éviter une fuite de mémoire, le pilote JDBC a été désenregistré de force.
04-May-2026 22:37:29.370 INFOS [Thread-2] org.apache.coyote.AbstractProtocol.stop Arrêt du gestionnaire de protocole ["http-nio-8080"]
04-May-2026 22:37:29.382 INFOS [Thread-2] org.apache.coyote.AbstractProtocol.destroy Destruction du gestionnaire de protocole ["http-nio-8080"]
04-May-2026 22:37:38.526 INFOS [main] org.apache.catalina.startup.VersionLoggerListener.log Nom version serveur :              Apache Tomcat/10.1.31
04-May-2026 22:37:38.531 INFOS [main] org.apache.catalina.startup.VersionLoggerListener.log Serveur compilé :                  Oct 3 2024 19:02:38 UTC
04-May-2026 22:37:38.532 INFOS [main] org.apache.catalina.startup.VersionLoggerListener.log Version du serveur :               10.1.31.0
04-May-2026 22:37:38.532 INFOS [main] org.apache.catalina.startup.VersionLoggerListener.log Nom de l'OS :                      Windows 11
04-May-2026 22:37:38.532 INFOS [main] org.apache.catalina.startup.VersionLoggerListener.log Version OS :                       10.0
04-May-2026 22:37:38.533 INFOS [main] org.apache.catalina.startup.VersionLoggerListener.log Architecture :                     amd64
04-May-2026 22:37:38.533 INFOS [main] org.apache.catalina.startup.VersionLoggerListener.log Java Home :                        C:\Program Files\Eclipse Adoptium\jdk-21.0.10.7-hotspot
04-May-2026 22:37:38.533 INFOS [main] org.apache.catalina.startup.VersionLoggerListener.log Version JVM :                      21.0.10+7-LTS
04-May-2026 22:37:38.533 INFOS [main] org.apache.catalina.startup.VersionLoggerListener.log Fournisseur de la JVM :            Eclipse Adoptium
04-May-2026 22:37:38.533 INFOS [main] org.apache.catalina.startup.VersionLoggerListener.log CATALINA_BASE :                    C:\Users\Ahmed Aziz\.gemini\antigravity\scratch\covoiturage\.tools\apache-tomcat-10.1.31
04-May-2026 22:37:38.534 INFOS [main] org.apache.catalina.startup.VersionLoggerListener.log CATALINA_HOME :                    C:\Users\Ahmed Aziz\.gemini\antigravity\scratch\covoiturage\.tools\apache-tomcat-10.1.31
04-May-2026 22:37:38.543 INFOS [main] org.apache.catalina.startup.VersionLoggerListener.log Argument de la ligne de commande : -Djava.util.logging.config.file=c:\Users\Ahmed Aziz\.gemini\antigravity\scratch\covoiturage\.tools\apache-tomcat-10.1.31\conf\logging.properties
04-May-2026 22:37:38.543 INFOS [main] org.apache.catalina.startup.VersionLoggerListener.log Argument de la ligne de commande : -Djava.util.logging.manager=org.apache.juli.ClassLoaderLogManager
04-May-2026 22:37:38.543 INFOS [main] org.apache.catalina.startup.VersionLoggerListener.log Argument de la ligne de commande : -Djdk.tls.ephemeralDHKeySize=2048
04-May-2026 22:37:38.543 INFOS [main] org.apache.catalina.startup.VersionLoggerListener.log Argument de la ligne de commande : -Djava.protocol.handler.pkgs=org.apache.catalina.webresources
04-May-2026 22:37:38.543 INFOS [main] org.apache.catalina.startup.VersionLoggerListener.log Argument de la ligne de commande : --add-opens=java.base/java.lang=ALL-UNNAMED
04-May-2026 22:37:38.544 INFOS [main] org.apache.catalina.startup.VersionLoggerListener.log Argument de la ligne de commande : --add-opens=java.base/java.io=ALL-UNNAMED
04-May-2026 22:37:38.544 INFOS [main] org.apache.catalina.startup.VersionLoggerListener.log Argument de la ligne de commande : --add-opens=java.base/java.util=ALL-UNNAMED
04-May-2026 22:37:38.544 INFOS [main] org.apache.catalina.startup.VersionLoggerListener.log Argument de la ligne de commande : --add-opens=java.base/java.util.concurrent=ALL-UNNAMED
04-May-2026 22:37:38.545 INFOS [main] org.apache.catalina.startup.VersionLoggerListener.log Argument de la ligne de commande : --add-opens=java.rmi/sun.rmi.transport=ALL-UNNAMED
04-May-2026 22:37:38.546 INFOS [main] org.apache.catalina.startup.VersionLoggerListener.log Argument de la ligne de commande : -Dcatalina.base=c:\Users\Ahmed Aziz\.gemini\antigravity\scratch\covoiturage\.tools\apache-tomcat-10.1.31
04-May-2026 22:37:38.546 INFOS [main] org.apache.catalina.startup.VersionLoggerListener.log Argument de la ligne de commande : -Dcatalina.home=c:\Users\Ahmed Aziz\.gemini\antigravity\scratch\covoiturage\.tools\apache-tomcat-10.1.31
04-May-2026 22:37:38.546 INFOS [main] org.apache.catalina.startup.VersionLoggerListener.log Argument de la ligne de commande : -Djava.io.tmpdir=c:\Users\Ahmed Aziz\.gemini\antigravity\scratch\covoiturage\.tools\apache-tomcat-10.1.31\temp
04-May-2026 22:37:38.549 INFOS [main] org.apache.catalina.core.AprLifecycleListener.lifecycleEvent Chargement de la librairie Apache Tomcat Native [2.0.8] en utilisant APR version [1.7.4]
04-May-2026 22:37:38.554 INFOS [main] org.apache.catalina.core.AprLifecycleListener.initializeSSL OpenSSL a été initialisé avec succès [OpenSSL 3.0.14 4 Jun 2024]
04-May-2026 22:37:38.765 INFOS [main] org.apache.coyote.AbstractProtocol.init Initialisation du gestionnaire de protocole ["http-nio-8080"]
04-May-2026 22:37:38.798 INFOS [main] org.apache.catalina.startup.Catalina.load L'initialisation du serveur a pris [430] millisecondes
04-May-2026 22:37:38.858 INFOS [main] org.apache.catalina.core.StandardService.startInternal Démarrage du service [Catalina]
04-May-2026 22:37:38.858 INFOS [main] org.apache.catalina.core.StandardEngine.startInternal Démarrage du moteur de Servlets : [Apache Tomcat/10.1.31]
04-May-2026 22:37:38.876 INFOS [main] org.apache.catalina.startup.HostConfig.deployWAR Déploiement de l'archive [C:\Users\Ahmed Aziz\.gemini\antigravity\scratch\covoiturage\.tools\apache-tomcat-10.1.31\webapps\ROOT.war] de l'application web
04-May-2026 22:37:39.860 INFOS [main] org.apache.catalina.startup.HostConfig.deployWAR Le déploiement de l'archive de l'application web [C:\Users\Ahmed Aziz\.gemini\antigravity\scratch\covoiturage\.tools\apache-tomcat-10.1.31\webapps\ROOT.war] s'est terminé en [981] ms
04-May-2026 22:37:39.861 INFOS [main] org.apache.catalina.startup.HostConfig.deployDirectory Déploiement du répertoire d'application web [C:\Users\Ahmed Aziz\.gemini\antigravity\scratch\covoiturage\.tools\apache-tomcat-10.1.31\webapps\docs]
04-May-2026 22:37:39.910 INFOS [main] org.apache.catalina.startup.HostConfig.deployDirectory Le déploiement du répertoire [C:\Users\Ahmed Aziz\.gemini\antigravity\scratch\covoiturage\.tools\apache-tomcat-10.1.31\webapps\docs] de l'application web s'est terminé en [50] ms
04-May-2026 22:37:39.911 INFOS [main] org.apache.catalina.startup.HostConfig.deployDirectory Déploiement du répertoire d'application web [C:\Users\Ahmed Aziz\.gemini\antigravity\scratch\covoiturage\.tools\apache-tomcat-10.1.31\webapps\examples]
04-May-2026 22:37:40.252 INFOS [main] org.apache.catalina.startup.HostConfig.deployDirectory Le déploiement du répertoire [C:\Users\Ahmed Aziz\.gemini\antigravity\scratch\covoiturage\.tools\apache-tomcat-10.1.31\webapps\examples] de l'application web s'est terminé en [342] ms
04-May-2026 22:37:40.252 INFOS [main] org.apache.catalina.startup.HostConfig.deployDirectory Déploiement du répertoire d'application web [C:\Users\Ahmed Aziz\.gemini\antigravity\scratch\covoiturage\.tools\apache-tomcat-10.1.31\webapps\host-manager]
04-May-2026 22:37:40.289 INFOS [main] org.apache.catalina.startup.HostConfig.deployDirectory Le déploiement du répertoire [C:\Users\Ahmed Aziz\.gemini\antigravity\scratch\covoiturage\.tools\apache-tomcat-10.1.31\webapps\host-manager] de l'application web s'est terminé en [37] ms
04-May-2026 22:37:40.290 INFOS [main] org.apache.catalina.startup.HostConfig.deployDirectory Déploiement du répertoire d'application web [C:\Users\Ahmed Aziz\.gemini\antigravity\scratch\covoiturage\.tools\apache-tomcat-10.1.31\webapps\manager]
04-May-2026 22:37:40.325 INFOS [main] org.apache.catalina.startup.HostConfig.deployDirectory Le déploiement du répertoire [C:\Users\Ahmed Aziz\.gemini\antigravity\scratch\covoiturage\.tools\apache-tomcat-10.1.31\webapps\manager] de l'application web s'est terminé en [35] ms
04-May-2026 22:37:40.330 INFOS [main] org.apache.coyote.AbstractProtocol.start Démarrage du gestionnaire de protocole ["http-nio-8080"]
04-May-2026 22:37:40.353 INFOS [main] org.apache.catalina.startup.Catalina.start Le démarrage du serveur a pris [1553] millisecondes
04-May-2026 22:40:54.166 INFOS [Thread-2] org.apache.coyote.AbstractProtocol.pause Le gestionnaire de protocole ["http-nio-8080"] est mis en pause
04-May-2026 22:40:54.176 INFOS [Thread-2] org.apache.catalina.core.StandardService.stopInternal Arrêt du service [Catalina]
04-May-2026 22:40:54.184 AVERTISSEMENT [Thread-2] org.apache.catalina.loader.WebappClassLoaderBase.clearReferencesJdbc L'application web [ROOT] a enregistré un pilote JDBC [org.h2.Driver], mais ne l'a pas désenregistré avant l'arrêt de l'application.  Pour éviter une fuite de mémoire, le pilote JDBC a été désenregistré de force.
04-May-2026 22:40:54.205 INFOS [Thread-2] org.apache.coyote.AbstractProtocol.stop Arrêt du gestionnaire de protocole ["http-nio-8080"]
04-May-2026 22:40:54.211 INFOS [Thread-2] org.apache.coyote.AbstractProtocol.destroy Destruction du gestionnaire de protocole ["http-nio-8080"]
04-May-2026 22:41:02.966 INFOS [main] org.apache.catalina.startup.VersionLoggerListener.log Nom version serveur :              Apache Tomcat/10.1.31
04-May-2026 22:41:02.969 INFOS [main] org.apache.catalina.startup.VersionLoggerListener.log Serveur compilé :                  Oct 3 2024 19:02:38 UTC
04-May-2026 22:41:02.970 INFOS [main] org.apache.catalina.startup.VersionLoggerListener.log Version du serveur :               10.1.31.0
04-May-2026 22:41:02.970 INFOS [main] org.apache.catalina.startup.VersionLoggerListener.log Nom de l'OS :                      Windows 11
04-May-2026 22:41:02.970 INFOS [main] org.apache.catalina.startup.VersionLoggerListener.log Version OS :                       10.0
04-May-2026 22:41:02.971 INFOS [main] org.apache.catalina.startup.VersionLoggerListener.log Architecture :                     amd64
04-May-2026 22:41:02.971 INFOS [main] org.apache.catalina.startup.VersionLoggerListener.log Java Home :                        C:\Program Files\Eclipse Adoptium\jdk-21.0.10.7-hotspot
04-May-2026 22:41:02.971 INFOS [main] org.apache.catalina.startup.VersionLoggerListener.log Version JVM :                      21.0.10+7-LTS
04-May-2026 22:41:02.971 INFOS [main] org.apache.catalina.startup.VersionLoggerListener.log Fournisseur de la JVM :            Eclipse Adoptium
04-May-2026 22:41:02.971 INFOS [main] org.apache.catalina.startup.VersionLoggerListener.log CATALINA_BASE :                    C:\Users\Ahmed Aziz\.gemini\antigravity\scratch\covoiturage\.tools\apache-tomcat-10.1.31
04-May-2026 22:41:02.972 INFOS [main] org.apache.catalina.startup.VersionLoggerListener.log CATALINA_HOME :                    C:\Users\Ahmed Aziz\.gemini\antigravity\scratch\covoiturage\.tools\apache-tomcat-10.1.31
04-May-2026 22:41:02.982 INFOS [main] org.apache.catalina.startup.VersionLoggerListener.log Argument de la ligne de commande : -Djava.util.logging.config.file=c:\Users\Ahmed Aziz\.gemini\antigravity\scratch\covoiturage\.tools\apache-tomcat-10.1.31\conf\logging.properties
04-May-2026 22:41:02.982 INFOS [main] org.apache.catalina.startup.VersionLoggerListener.log Argument de la ligne de commande : -Djava.util.logging.manager=org.apache.juli.ClassLoaderLogManager
04-May-2026 22:41:02.982 INFOS [main] org.apache.catalina.startup.VersionLoggerListener.log Argument de la ligne de commande : -Djdk.tls.ephemeralDHKeySize=2048
04-May-2026 22:41:02.982 INFOS [main] org.apache.catalina.startup.VersionLoggerListener.log Argument de la ligne de commande : -Djava.protocol.handler.pkgs=org.apache.catalina.webresources
04-May-2026 22:41:02.983 INFOS [main] org.apache.catalina.startup.VersionLoggerListener.log Argument de la ligne de commande : --add-opens=java.base/java.lang=ALL-UNNAMED
04-May-2026 22:41:02.983 INFOS [main] org.apache.catalina.startup.VersionLoggerListener.log Argument de la ligne de commande : --add-opens=java.base/java.io=ALL-UNNAMED
04-May-2026 22:41:02.983 INFOS [main] org.apache.catalina.startup.VersionLoggerListener.log Argument de la ligne de commande : --add-opens=java.base/java.util=ALL-UNNAMED
04-May-2026 22:41:02.983 INFOS [main] org.apache.catalina.startup.VersionLoggerListener.log Argument de la ligne de commande : --add-opens=java.base/java.util.concurrent=ALL-UNNAMED
04-May-2026 22:41:02.983 INFOS [main] org.apache.catalina.startup.VersionLoggerListener.log Argument de la ligne de commande : --add-opens=java.rmi/sun.rmi.transport=ALL-UNNAMED
04-May-2026 22:41:02.983 INFOS [main] org.apache.catalina.startup.VersionLoggerListener.log Argument de la ligne de commande : -Dcatalina.base=c:\Users\Ahmed Aziz\.gemini\antigravity\scratch\covoiturage\.tools\apache-tomcat-10.1.31
04-May-2026 22:41:02.984 INFOS [main] org.apache.catalina.startup.VersionLoggerListener.log Argument de la ligne de commande : -Dcatalina.home=c:\Users\Ahmed Aziz\.gemini\antigravity\scratch\covoiturage\.tools\apache-tomcat-10.1.31
04-May-2026 22:41:02.984 INFOS [main] org.apache.catalina.startup.VersionLoggerListener.log Argument de la ligne de commande : -Djava.io.tmpdir=c:\Users\Ahmed Aziz\.gemini\antigravity\scratch\covoiturage\.tools\apache-tomcat-10.1.31\temp
04-May-2026 22:41:02.986 INFOS [main] org.apache.catalina.core.AprLifecycleListener.lifecycleEvent Chargement de la librairie Apache Tomcat Native [2.0.8] en utilisant APR version [1.7.4]
04-May-2026 22:41:02.991 INFOS [main] org.apache.catalina.core.AprLifecycleListener.initializeSSL OpenSSL a été initialisé avec succès [OpenSSL 3.0.14 4 Jun 2024]
04-May-2026 22:41:03.206 INFOS [main] org.apache.coyote.AbstractProtocol.init Initialisation du gestionnaire de protocole ["http-nio-8080"]
04-May-2026 22:41:03.231 INFOS [main] org.apache.catalina.startup.Catalina.load L'initialisation du serveur a pris [438] millisecondes
04-May-2026 22:41:03.278 INFOS [main] org.apache.catalina.core.StandardService.startInternal Démarrage du service [Catalina]
04-May-2026 22:41:03.279 INFOS [main] org.apache.catalina.core.StandardEngine.startInternal Démarrage du moteur de Servlets : [Apache Tomcat/10.1.31]
04-May-2026 22:41:03.297 INFOS [main] org.apache.catalina.startup.HostConfig.deployWAR Déploiement de l'archive [C:\Users\Ahmed Aziz\.gemini\antigravity\scratch\covoiturage\.tools\apache-tomcat-10.1.31\webapps\ROOT.war] de l'application web
04-May-2026 22:41:04.260 INFOS [main] org.apache.catalina.startup.HostConfig.deployWAR Le déploiement de l'archive de l'application web [C:\Users\Ahmed Aziz\.gemini\antigravity\scratch\covoiturage\.tools\apache-tomcat-10.1.31\webapps\ROOT.war] s'est terminé en [961] ms
04-May-2026 22:41:04.261 INFOS [main] org.apache.catalina.startup.HostConfig.deployDirectory Déploiement du répertoire d'application web [C:\Users\Ahmed Aziz\.gemini\antigravity\scratch\covoiturage\.tools\apache-tomcat-10.1.31\webapps\docs]
04-May-2026 22:41:04.314 INFOS [main] org.apache.catalina.startup.HostConfig.deployDirectory Le déploiement du répertoire [C:\Users\Ahmed Aziz\.gemini\antigravity\scratch\covoiturage\.tools\apache-tomcat-10.1.31\webapps\docs] de l'application web s'est terminé en [53] ms
04-May-2026 22:41:04.315 INFOS [main] org.apache.catalina.startup.HostConfig.deployDirectory Déploiement du répertoire d'application web [C:\Users\Ahmed Aziz\.gemini\antigravity\scratch\covoiturage\.tools\apache-tomcat-10.1.31\webapps\examples]
04-May-2026 22:41:04.643 INFOS [main] org.apache.catalina.startup.HostConfig.deployDirectory Le déploiement du répertoire [C:\Users\Ahmed Aziz\.gemini\antigravity\scratch\covoiturage\.tools\apache-tomcat-10.1.31\webapps\examples] de l'application web s'est terminé en [328] ms
04-May-2026 22:41:04.644 INFOS [main] org.apache.catalina.startup.HostConfig.deployDirectory Déploiement du répertoire d'application web [C:\Users\Ahmed Aziz\.gemini\antigravity\scratch\covoiturage\.tools\apache-tomcat-10.1.31\webapps\host-manager]
04-May-2026 22:41:04.675 INFOS [main] org.apache.catalina.startup.HostConfig.deployDirectory Le déploiement du répertoire [C:\Users\Ahmed Aziz\.gemini\antigravity\scratch\covoiturage\.tools\apache-tomcat-10.1.31\webapps\host-manager] de l'application web s'est terminé en [31] ms
04-May-2026 22:41:04.676 INFOS [main] org.apache.catalina.startup.HostConfig.deployDirectory Déploiement du répertoire d'application web [C:\Users\Ahmed Aziz\.gemini\antigravity\scratch\covoiturage\.tools\apache-tomcat-10.1.31\webapps\manager]
04-May-2026 22:41:04.710 INFOS [main] org.apache.catalina.startup.HostConfig.deployDirectory Le déploiement du répertoire [C:\Users\Ahmed Aziz\.gemini\antigravity\scratch\covoiturage\.tools\apache-tomcat-10.1.31\webapps\manager] de l'application web s'est terminé en [34] ms
04-May-2026 22:41:04.717 INFOS [main] org.apache.coyote.AbstractProtocol.start Démarrage du gestionnaire de protocole ["http-nio-8080"]
04-May-2026 22:41:04.741 INFOS [main] org.apache.catalina.startup.Catalina.start Le démarrage du serveur a pris [1508] millisecondes
04-May-2026 22:43:46.166 INFOS [Thread-2] org.apache.coyote.AbstractProtocol.pause Le gestionnaire de protocole ["http-nio-8080"] est mis en pause
04-May-2026 22:43:46.173 INFOS [Thread-2] org.apache.catalina.core.StandardService.stopInternal Arrêt du service [Catalina]
04-May-2026 22:43:46.180 AVERTISSEMENT [Thread-2] org.apache.catalina.loader.WebappClassLoaderBase.clearReferencesJdbc L'application web [ROOT] a enregistré un pilote JDBC [org.h2.Driver], mais ne l'a pas désenregistré avant l'arrêt de l'application.  Pour éviter une fuite de mémoire, le pilote JDBC a été désenregistré de force.
04-May-2026 22:43:46.199 INFOS [Thread-2] org.apache.coyote.AbstractProtocol.stop Arrêt du gestionnaire de protocole ["http-nio-8080"]
04-May-2026 22:43:46.208 INFOS [Thread-2] org.apache.coyote.AbstractProtocol.destroy Destruction du gestionnaire de protocole ["http-nio-8080"]
04-May-2026 22:43:57.847 INFOS [main] org.apache.catalina.startup.VersionLoggerListener.log Nom version serveur :              Apache Tomcat/10.1.31
04-May-2026 22:43:57.852 INFOS [main] org.apache.catalina.startup.VersionLoggerListener.log Serveur compilé :                  Oct 3 2024 19:02:38 UTC
04-May-2026 22:43:57.852 INFOS [main] org.apache.catalina.startup.VersionLoggerListener.log Version du serveur :               10.1.31.0
04-May-2026 22:43:57.853 INFOS [main] org.apache.catalina.startup.VersionLoggerListener.log Nom de l'OS :                      Windows 11
04-May-2026 22:43:57.853 INFOS [main] org.apache.catalina.startup.VersionLoggerListener.log Version OS :                       10.0
04-May-2026 22:43:57.853 INFOS [main] org.apache.catalina.startup.VersionLoggerListener.log Architecture :                     amd64
04-May-2026 22:43:57.854 INFOS [main] org.apache.catalina.startup.VersionLoggerListener.log Java Home :                        C:\Program Files\Eclipse Adoptium\jdk-21.0.10.7-hotspot
04-May-2026 22:43:57.854 INFOS [main] org.apache.catalina.startup.VersionLoggerListener.log Version JVM :                      21.0.10+7-LTS
04-May-2026 22:43:57.854 INFOS [main] org.apache.catalina.startup.VersionLoggerListener.log Fournisseur de la JVM :            Eclipse Adoptium
04-May-2026 22:43:57.855 INFOS [main] org.apache.catalina.startup.VersionLoggerListener.log CATALINA_BASE :                    C:\Users\Ahmed Aziz\.gemini\antigravity\scratch\covoiturage\.tools\apache-tomcat-10.1.31
04-May-2026 22:43:57.855 INFOS [main] org.apache.catalina.startup.VersionLoggerListener.log CATALINA_HOME :                    C:\Users\Ahmed Aziz\.gemini\antigravity\scratch\covoiturage\.tools\apache-tomcat-10.1.31
04-May-2026 22:43:57.869 INFOS [main] org.apache.catalina.startup.VersionLoggerListener.log Argument de la ligne de commande : -Djava.util.logging.config.file=c:\Users\Ahmed Aziz\.gemini\antigravity\scratch\covoiturage\.tools\apache-tomcat-10.1.31\conf\logging.properties
04-May-2026 22:43:57.869 INFOS [main] org.apache.catalina.startup.VersionLoggerListener.log Argument de la ligne de commande : -Djava.util.logging.manager=org.apache.juli.ClassLoaderLogManager
04-May-2026 22:43:57.869 INFOS [main] org.apache.catalina.startup.VersionLoggerListener.log Argument de la ligne de commande : -Djdk.tls.ephemeralDHKeySize=2048
04-May-2026 22:43:57.869 INFOS [main] org.apache.catalina.startup.VersionLoggerListener.log Argument de la ligne de commande : -Djava.protocol.handler.pkgs=org.apache.catalina.webresources
04-May-2026 22:43:57.869 INFOS [main] org.apache.catalina.startup.VersionLoggerListener.log Argument de la ligne de commande : --add-opens=java.base/java.lang=ALL-UNNAMED
04-May-2026 22:43:57.870 INFOS [main] org.apache.catalina.startup.VersionLoggerListener.log Argument de la ligne de commande : --add-opens=java.base/java.io=ALL-UNNAMED
04-May-2026 22:43:57.870 INFOS [main] org.apache.catalina.startup.VersionLoggerListener.log Argument de la ligne de commande : --add-opens=java.base/java.util=ALL-UNNAMED
04-May-2026 22:43:57.870 INFOS [main] org.apache.catalina.startup.VersionLoggerListener.log Argument de la ligne de commande : --add-opens=java.base/java.util.concurrent=ALL-UNNAMED
04-May-2026 22:43:57.870 INFOS [main] org.apache.catalina.startup.VersionLoggerListener.log Argument de la ligne de commande : --add-opens=java.rmi/sun.rmi.transport=ALL-UNNAMED
04-May-2026 22:43:57.870 INFOS [main] org.apache.catalina.startup.VersionLoggerListener.log Argument de la ligne de commande : -Dcatalina.base=c:\Users\Ahmed Aziz\.gemini\antigravity\scratch\covoiturage\.tools\apache-tomcat-10.1.31
04-May-2026 22:43:57.870 INFOS [main] org.apache.catalina.startup.VersionLoggerListener.log Argument de la ligne de commande : -Dcatalina.home=c:\Users\Ahmed Aziz\.gemini\antigravity\scratch\covoiturage\.tools\apache-tomcat-10.1.31
04-May-2026 22:43:57.871 INFOS [main] org.apache.catalina.startup.VersionLoggerListener.log Argument de la ligne de commande : -Djava.io.tmpdir=c:\Users\Ahmed Aziz\.gemini\antigravity\scratch\covoiturage\.tools\apache-tomcat-10.1.31\temp
04-May-2026 22:43:57.873 INFOS [main] org.apache.catalina.core.AprLifecycleListener.lifecycleEvent Chargement de la librairie Apache Tomcat Native [2.0.8] en utilisant APR version [1.7.4]
04-May-2026 22:43:57.878 INFOS [main] org.apache.catalina.core.AprLifecycleListener.initializeSSL OpenSSL a été initialisé avec succès [OpenSSL 3.0.14 4 Jun 2024]
04-May-2026 22:43:58.101 INFOS [main] org.apache.coyote.AbstractProtocol.init Initialisation du gestionnaire de protocole ["http-nio-8080"]
04-May-2026 22:43:58.124 INFOS [main] org.apache.catalina.startup.Catalina.load L'initialisation du serveur a pris [445] millisecondes
04-May-2026 22:43:58.177 INFOS [main] org.apache.catalina.core.StandardService.startInternal Démarrage du service [Catalina]
04-May-2026 22:43:58.178 INFOS [main] org.apache.catalina.core.StandardEngine.startInternal Démarrage du moteur de Servlets : [Apache Tomcat/10.1.31]
04-May-2026 22:43:58.196 INFOS [main] org.apache.catalina.startup.HostConfig.deployWAR Déploiement de l'archive [C:\Users\Ahmed Aziz\.gemini\antigravity\scratch\covoiturage\.tools\apache-tomcat-10.1.31\webapps\ROOT.war] de l'application web
04-May-2026 22:43:59.296 INFOS [main] org.apache.catalina.startup.HostConfig.deployWAR Le déploiement de l'archive de l'application web [C:\Users\Ahmed Aziz\.gemini\antigravity\scratch\covoiturage\.tools\apache-tomcat-10.1.31\webapps\ROOT.war] s'est terminé en [1 098] ms
04-May-2026 22:43:59.297 INFOS [main] org.apache.catalina.startup.HostConfig.deployDirectory Déploiement du répertoire d'application web [C:\Users\Ahmed Aziz\.gemini\antigravity\scratch\covoiturage\.tools\apache-tomcat-10.1.31\webapps\docs]
04-May-2026 22:43:59.344 INFOS [main] org.apache.catalina.startup.HostConfig.deployDirectory Le déploiement du répertoire [C:\Users\Ahmed Aziz\.gemini\antigravity\scratch\covoiturage\.tools\apache-tomcat-10.1.31\webapps\docs] de l'application web s'est terminé en [46] ms
04-May-2026 22:43:59.345 INFOS [main] org.apache.catalina.startup.HostConfig.deployDirectory Déploiement du répertoire d'application web [C:\Users\Ahmed Aziz\.gemini\antigravity\scratch\covoiturage\.tools\apache-tomcat-10.1.31\webapps\examples]
04-May-2026 22:43:59.707 INFOS [main] org.apache.catalina.startup.HostConfig.deployDirectory Le déploiement du répertoire [C:\Users\Ahmed Aziz\.gemini\antigravity\scratch\covoiturage\.tools\apache-tomcat-10.1.31\webapps\examples] de l'application web s'est terminé en [361] ms
04-May-2026 22:43:59.707 INFOS [main] org.apache.catalina.startup.HostConfig.deployDirectory Déploiement du répertoire d'application web [C:\Users\Ahmed Aziz\.gemini\antigravity\scratch\covoiturage\.tools\apache-tomcat-10.1.31\webapps\host-manager]
04-May-2026 22:43:59.749 INFOS [main] org.apache.catalina.startup.HostConfig.deployDirectory Le déploiement du répertoire [C:\Users\Ahmed Aziz\.gemini\antigravity\scratch\covoiturage\.tools\apache-tomcat-10.1.31\webapps\host-manager] de l'application web s'est terminé en [41] ms
04-May-2026 22:43:59.750 INFOS [main] org.apache.catalina.startup.HostConfig.deployDirectory Déploiement du répertoire d'application web [C:\Users\Ahmed Aziz\.gemini\antigravity\scratch\covoiturage\.tools\apache-tomcat-10.1.31\webapps\manager]
04-May-2026 22:43:59.788 INFOS [main] org.apache.catalina.startup.HostConfig.deployDirectory Le déploiement du répertoire [C:\Users\Ahmed Aziz\.gemini\antigravity\scratch\covoiturage\.tools\apache-tomcat-10.1.31\webapps\manager] de l'application web s'est terminé en [39] ms
04-May-2026 22:43:59.793 INFOS [main] org.apache.coyote.AbstractProtocol.start Démarrage du gestionnaire de protocole ["http-nio-8080"]
04-May-2026 22:43:59.815 INFOS [main] org.apache.catalina.startup.Catalina.start Le démarrage du serveur a pris [1688] millisecondes
04-May-2026 22:46:01.106 INFOS [Thread-2] org.apache.coyote.AbstractProtocol.pause Le gestionnaire de protocole ["http-nio-8080"] est mis en pause
04-May-2026 22:46:01.116 INFOS [Thread-2] org.apache.catalina.core.StandardService.stopInternal Arrêt du service [Catalina]
04-May-2026 22:46:01.122 AVERTISSEMENT [Thread-2] org.apache.catalina.loader.WebappClassLoaderBase.clearReferencesJdbc L'application web [ROOT] a enregistré un pilote JDBC [org.h2.Driver], mais ne l'a pas désenregistré avant l'arrêt de l'application.  Pour éviter une fuite de mémoire, le pilote JDBC a été désenregistré de force.
04-May-2026 22:46:01.147 INFOS [Thread-2] org.apache.coyote.AbstractProtocol.stop Arrêt du gestionnaire de protocole ["http-nio-8080"]
04-May-2026 22:46:01.153 INFOS [Thread-2] org.apache.coyote.AbstractProtocol.destroy Destruction du gestionnaire de protocole ["http-nio-8080"]
04-May-2026 22:46:09.952 INFOS [main] org.apache.catalina.startup.VersionLoggerListener.log Nom version serveur :              Apache Tomcat/10.1.31
04-May-2026 22:46:09.955 INFOS [main] org.apache.catalina.startup.VersionLoggerListener.log Serveur compilé :                  Oct 3 2024 19:02:38 UTC
04-May-2026 22:46:09.956 INFOS [main] org.apache.catalina.startup.VersionLoggerListener.log Version du serveur :               10.1.31.0
04-May-2026 22:46:09.957 INFOS [main] org.apache.catalina.startup.VersionLoggerListener.log Nom de l'OS :                      Windows 11
04-May-2026 22:46:09.957 INFOS [main] org.apache.catalina.startup.VersionLoggerListener.log Version OS :                       10.0
04-May-2026 22:46:09.958 INFOS [main] org.apache.catalina.startup.VersionLoggerListener.log Architecture :                     amd64
04-May-2026 22:46:09.958 INFOS [main] org.apache.catalina.startup.VersionLoggerListener.log Java Home :                        C:\Program Files\Eclipse Adoptium\jdk-21.0.10.7-hotspot
04-May-2026 22:46:09.959 INFOS [main] org.apache.catalina.startup.VersionLoggerListener.log Version JVM :                      21.0.10+7-LTS
04-May-2026 22:46:09.959 INFOS [main] org.apache.catalina.startup.VersionLoggerListener.log Fournisseur de la JVM :            Eclipse Adoptium
04-May-2026 22:46:09.959 INFOS [main] org.apache.catalina.startup.VersionLoggerListener.log CATALINA_BASE :                    C:\Users\Ahmed Aziz\.gemini\antigravity\scratch\covoiturage\.tools\apache-tomcat-10.1.31
04-May-2026 22:46:09.959 INFOS [main] org.apache.catalina.startup.VersionLoggerListener.log CATALINA_HOME :                    C:\Users\Ahmed Aziz\.gemini\antigravity\scratch\covoiturage\.tools\apache-tomcat-10.1.31
04-May-2026 22:46:09.968 INFOS [main] org.apache.catalina.startup.VersionLoggerListener.log Argument de la ligne de commande : -Djava.util.logging.config.file=c:\Users\Ahmed Aziz\.gemini\antigravity\scratch\covoiturage\.tools\apache-tomcat-10.1.31\conf\logging.properties
04-May-2026 22:46:09.969 INFOS [main] org.apache.catalina.startup.VersionLoggerListener.log Argument de la ligne de commande : -Djava.util.logging.manager=org.apache.juli.ClassLoaderLogManager
04-May-2026 22:46:09.969 INFOS [main] org.apache.catalina.startup.VersionLoggerListener.log Argument de la ligne de commande : -Djdk.tls.ephemeralDHKeySize=2048
04-May-2026 22:46:09.969 INFOS [main] org.apache.catalina.startup.VersionLoggerListener.log Argument de la ligne de commande : -Djava.protocol.handler.pkgs=org.apache.catalina.webresources
04-May-2026 22:46:09.969 INFOS [main] org.apache.catalina.startup.VersionLoggerListener.log Argument de la ligne de commande : --add-opens=java.base/java.lang=ALL-UNNAMED
04-May-2026 22:46:09.970 INFOS [main] org.apache.catalina.startup.VersionLoggerListener.log Argument de la ligne de commande : --add-opens=java.base/java.io=ALL-UNNAMED
04-May-2026 22:46:09.970 INFOS [main] org.apache.catalina.startup.VersionLoggerListener.log Argument de la ligne de commande : --add-opens=java.base/java.util=ALL-UNNAMED
04-May-2026 22:46:09.970 INFOS [main] org.apache.catalina.startup.VersionLoggerListener.log Argument de la ligne de commande : --add-opens=java.base/java.util.concurrent=ALL-UNNAMED
04-May-2026 22:46:09.970 INFOS [main] org.apache.catalina.startup.VersionLoggerListener.log Argument de la ligne de commande : --add-opens=java.rmi/sun.rmi.transport=ALL-UNNAMED
04-May-2026 22:46:09.971 INFOS [main] org.apache.catalina.startup.VersionLoggerListener.log Argument de la ligne de commande : -Dcatalina.base=c:\Users\Ahmed Aziz\.gemini\antigravity\scratch\covoiturage\.tools\apache-tomcat-10.1.31
04-May-2026 22:46:09.971 INFOS [main] org.apache.catalina.startup.VersionLoggerListener.log Argument de la ligne de commande : -Dcatalina.home=c:\Users\Ahmed Aziz\.gemini\antigravity\scratch\covoiturage\.tools\apache-tomcat-10.1.31
04-May-2026 22:46:09.971 INFOS [main] org.apache.catalina.startup.VersionLoggerListener.log Argument de la ligne de commande : -Djava.io.tmpdir=c:\Users\Ahmed Aziz\.gemini\antigravity\scratch\covoiturage\.tools\apache-tomcat-10.1.31\temp
04-May-2026 22:46:09.973 INFOS [main] org.apache.catalina.core.AprLifecycleListener.lifecycleEvent Chargement de la librairie Apache Tomcat Native [2.0.8] en utilisant APR version [1.7.4]
04-May-2026 22:46:09.978 INFOS [main] org.apache.catalina.core.AprLifecycleListener.initializeSSL OpenSSL a été initialisé avec succès [OpenSSL 3.0.14 4 Jun 2024]
04-May-2026 22:46:10.198 INFOS [main] org.apache.coyote.AbstractProtocol.init Initialisation du gestionnaire de protocole ["http-nio-8080"]
04-May-2026 22:46:10.223 INFOS [main] org.apache.catalina.startup.Catalina.load L'initialisation du serveur a pris [438] millisecondes
04-May-2026 22:46:10.282 INFOS [main] org.apache.catalina.core.StandardService.startInternal Démarrage du service [Catalina]
04-May-2026 22:46:10.282 INFOS [main] org.apache.catalina.core.StandardEngine.startInternal Démarrage du moteur de Servlets : [Apache Tomcat/10.1.31]
04-May-2026 22:46:10.302 INFOS [main] org.apache.catalina.startup.HostConfig.deployWAR Déploiement de l'archive [C:\Users\Ahmed Aziz\.gemini\antigravity\scratch\covoiturage\.tools\apache-tomcat-10.1.31\webapps\ROOT.war] de l'application web
04-May-2026 22:46:11.432 INFOS [main] org.apache.catalina.startup.HostConfig.deployWAR Le déploiement de l'archive de l'application web [C:\Users\Ahmed Aziz\.gemini\antigravity\scratch\covoiturage\.tools\apache-tomcat-10.1.31\webapps\ROOT.war] s'est terminé en [1 128] ms
04-May-2026 22:46:11.435 INFOS [main] org.apache.catalina.startup.HostConfig.deployDirectory Déploiement du répertoire d'application web [C:\Users\Ahmed Aziz\.gemini\antigravity\scratch\covoiturage\.tools\apache-tomcat-10.1.31\webapps\docs]
04-May-2026 22:46:11.486 INFOS [main] org.apache.catalina.startup.HostConfig.deployDirectory Le déploiement du répertoire [C:\Users\Ahmed Aziz\.gemini\antigravity\scratch\covoiturage\.tools\apache-tomcat-10.1.31\webapps\docs] de l'application web s'est terminé en [50] ms
04-May-2026 22:46:11.486 INFOS [main] org.apache.catalina.startup.HostConfig.deployDirectory Déploiement du répertoire d'application web [C:\Users\Ahmed Aziz\.gemini\antigravity\scratch\covoiturage\.tools\apache-tomcat-10.1.31\webapps\examples]
04-May-2026 22:46:11.808 INFOS [main] org.apache.catalina.startup.HostConfig.deployDirectory Le déploiement du répertoire [C:\Users\Ahmed Aziz\.gemini\antigravity\scratch\covoiturage\.tools\apache-tomcat-10.1.31\webapps\examples] de l'application web s'est terminé en [322] ms
04-May-2026 22:46:11.809 INFOS [main] org.apache.catalina.startup.HostConfig.deployDirectory Déploiement du répertoire d'application web [C:\Users\Ahmed Aziz\.gemini\antigravity\scratch\covoiturage\.tools\apache-tomcat-10.1.31\webapps\host-manager]
04-May-2026 22:46:11.840 INFOS [main] org.apache.catalina.startup.HostConfig.deployDirectory Le déploiement du répertoire [C:\Users\Ahmed Aziz\.gemini\antigravity\scratch\covoiturage\.tools\apache-tomcat-10.1.31\webapps\host-manager] de l'application web s'est terminé en [31] ms
04-May-2026 22:46:11.840 INFOS [main] org.apache.catalina.startup.HostConfig.deployDirectory Déploiement du répertoire d'application web [C:\Users\Ahmed Aziz\.gemini\antigravity\scratch\covoiturage\.tools\apache-tomcat-10.1.31\webapps\manager]
04-May-2026 22:46:11.871 INFOS [main] org.apache.catalina.startup.HostConfig.deployDirectory Le déploiement du répertoire [C:\Users\Ahmed Aziz\.gemini\antigravity\scratch\covoiturage\.tools\apache-tomcat-10.1.31\webapps\manager] de l'application web s'est terminé en [30] ms
04-May-2026 22:46:11.875 INFOS [main] org.apache.coyote.AbstractProtocol.start Démarrage du gestionnaire de protocole ["http-nio-8080"]
04-May-2026 22:46:11.893 INFOS [main] org.apache.catalina.startup.Catalina.start Le démarrage du serveur a pris [1668] millisecondes
04-May-2026 22:50:52.877 INFOS [Thread-2] org.apache.coyote.AbstractProtocol.pause Le gestionnaire de protocole ["http-nio-8080"] est mis en pause
04-May-2026 22:50:52.885 INFOS [Thread-2] org.apache.catalina.core.StandardService.stopInternal Arrêt du service [Catalina]
04-May-2026 22:50:52.890 AVERTISSEMENT [Thread-2] org.apache.catalina.loader.WebappClassLoaderBase.clearReferencesJdbc L'application web [ROOT] a enregistré un pilote JDBC [org.h2.Driver], mais ne l'a pas désenregistré avant l'arrêt de l'application.  Pour éviter une fuite de mémoire, le pilote JDBC a été désenregistré de force.
04-May-2026 22:50:52.904 INFOS [Thread-2] org.apache.coyote.AbstractProtocol.stop Arrêt du gestionnaire de protocole ["http-nio-8080"]
04-May-2026 22:50:52.921 INFOS [Thread-2] org.apache.coyote.AbstractProtocol.destroy Destruction du gestionnaire de protocole ["http-nio-8080"]
04-May-2026 22:51:01.287 INFOS [main] org.apache.catalina.startup.VersionLoggerListener.log Nom version serveur :              Apache Tomcat/10.1.31
04-May-2026 22:51:01.292 INFOS [main] org.apache.catalina.startup.VersionLoggerListener.log Serveur compilé :                  Oct 3 2024 19:02:38 UTC
04-May-2026 22:51:01.293 INFOS [main] org.apache.catalina.startup.VersionLoggerListener.log Version du serveur :               10.1.31.0
04-May-2026 22:51:01.293 INFOS [main] org.apache.catalina.startup.VersionLoggerListener.log Nom de l'OS :                      Windows 11
04-May-2026 22:51:01.293 INFOS [main] org.apache.catalina.startup.VersionLoggerListener.log Version OS :                       10.0
04-May-2026 22:51:01.293 INFOS [main] org.apache.catalina.startup.VersionLoggerListener.log Architecture :                     amd64
04-May-2026 22:51:01.294 INFOS [main] org.apache.catalina.startup.VersionLoggerListener.log Java Home :                        C:\Program Files\Eclipse Adoptium\jdk-21.0.10.7-hotspot
04-May-2026 22:51:01.294 INFOS [main] org.apache.catalina.startup.VersionLoggerListener.log Version JVM :                      21.0.10+7-LTS
04-May-2026 22:51:01.294 INFOS [main] org.apache.catalina.startup.VersionLoggerListener.log Fournisseur de la JVM :            Eclipse Adoptium
04-May-2026 22:51:01.294 INFOS [main] org.apache.catalina.startup.VersionLoggerListener.log CATALINA_BASE :                    C:\Users\Ahmed Aziz\.gemini\antigravity\scratch\covoiturage\.tools\apache-tomcat-10.1.31
04-May-2026 22:51:01.294 INFOS [main] org.apache.catalina.startup.VersionLoggerListener.log CATALINA_HOME :                    C:\Users\Ahmed Aziz\.gemini\antigravity\scratch\covoiturage\.tools\apache-tomcat-10.1.31
04-May-2026 22:51:01.303 INFOS [main] org.apache.catalina.startup.VersionLoggerListener.log Argument de la ligne de commande : -Djava.util.logging.config.file=c:\Users\Ahmed Aziz\.gemini\antigravity\scratch\covoiturage\.tools\apache-tomcat-10.1.31\conf\logging.properties
04-May-2026 22:51:01.304 INFOS [main] org.apache.catalina.startup.VersionLoggerListener.log Argument de la ligne de commande : -Djava.util.logging.manager=org.apache.juli.ClassLoaderLogManager
04-May-2026 22:51:01.305 INFOS [main] org.apache.catalina.startup.VersionLoggerListener.log Argument de la ligne de commande : -Djdk.tls.ephemeralDHKeySize=2048
04-May-2026 22:51:01.305 INFOS [main] org.apache.catalina.startup.VersionLoggerListener.log Argument de la ligne de commande : -Djava.protocol.handler.pkgs=org.apache.catalina.webresources
04-May-2026 22:51:01.305 INFOS [main] org.apache.catalina.startup.VersionLoggerListener.log Argument de la ligne de commande : --add-opens=java.base/java.lang=ALL-UNNAMED
04-May-2026 22:51:01.305 INFOS [main] org.apache.catalina.startup.VersionLoggerListener.log Argument de la ligne de commande : --add-opens=java.base/java.io=ALL-UNNAMED
04-May-2026 22:51:01.306 INFOS [main] org.apache.catalina.startup.VersionLoggerListener.log Argument de la ligne de commande : --add-opens=java.base/java.util=ALL-UNNAMED
04-May-2026 22:51:01.306 INFOS [main] org.apache.catalina.startup.VersionLoggerListener.log Argument de la ligne de commande : --add-opens=java.base/java.util.concurrent=ALL-UNNAMED
04-May-2026 22:51:01.306 INFOS [main] org.apache.catalina.startup.VersionLoggerListener.log Argument de la ligne de commande : --add-opens=java.rmi/sun.rmi.transport=ALL-UNNAMED
04-May-2026 22:51:01.306 INFOS [main] org.apache.catalina.startup.VersionLoggerListener.log Argument de la ligne de commande : -Dcatalina.base=c:\Users\Ahmed Aziz\.gemini\antigravity\scratch\covoiturage\.tools\apache-tomcat-10.1.31
04-May-2026 22:51:01.306 INFOS [main] org.apache.catalina.startup.VersionLoggerListener.log Argument de la ligne de commande : -Dcatalina.home=c:\Users\Ahmed Aziz\.gemini\antigravity\scratch\covoiturage\.tools\apache-tomcat-10.1.31
04-May-2026 22:51:01.306 INFOS [main] org.apache.catalina.startup.VersionLoggerListener.log Argument de la ligne de commande : -Djava.io.tmpdir=c:\Users\Ahmed Aziz\.gemini\antigravity\scratch\covoiturage\.tools\apache-tomcat-10.1.31\temp
04-May-2026 22:51:01.309 INFOS [main] org.apache.catalina.core.AprLifecycleListener.lifecycleEvent Chargement de la librairie Apache Tomcat Native [2.0.8] en utilisant APR version [1.7.4]
04-May-2026 22:51:01.313 INFOS [main] org.apache.catalina.core.AprLifecycleListener.initializeSSL OpenSSL a été initialisé avec succès [OpenSSL 3.0.14 4 Jun 2024]
04-May-2026 22:51:01.533 INFOS [main] org.apache.coyote.AbstractProtocol.init Initialisation du gestionnaire de protocole ["http-nio-8080"]
04-May-2026 22:51:01.561 INFOS [main] org.apache.catalina.startup.Catalina.load L'initialisation du serveur a pris [447] millisecondes
04-May-2026 22:51:01.622 INFOS [main] org.apache.catalina.core.StandardService.startInternal Démarrage du service [Catalina]
04-May-2026 22:51:01.622 INFOS [main] org.apache.catalina.core.StandardEngine.startInternal Démarrage du moteur de Servlets : [Apache Tomcat/10.1.31]
04-May-2026 22:51:01.647 INFOS [main] org.apache.catalina.startup.HostConfig.deployWAR Déploiement de l'archive [C:\Users\Ahmed Aziz\.gemini\antigravity\scratch\covoiturage\.tools\apache-tomcat-10.1.31\webapps\ROOT.war] de l'application web
04-May-2026 22:51:02.776 INFOS [main] org.apache.catalina.startup.HostConfig.deployWAR Le déploiement de l'archive de l'application web [C:\Users\Ahmed Aziz\.gemini\antigravity\scratch\covoiturage\.tools\apache-tomcat-10.1.31\webapps\ROOT.war] s'est terminé en [1 127] ms
04-May-2026 22:51:02.777 INFOS [main] org.apache.catalina.startup.HostConfig.deployDirectory Déploiement du répertoire d'application web [C:\Users\Ahmed Aziz\.gemini\antigravity\scratch\covoiturage\.tools\apache-tomcat-10.1.31\webapps\docs]
04-May-2026 22:51:02.824 INFOS [main] org.apache.catalina.startup.HostConfig.deployDirectory Le déploiement du répertoire [C:\Users\Ahmed Aziz\.gemini\antigravity\scratch\covoiturage\.tools\apache-tomcat-10.1.31\webapps\docs] de l'application web s'est terminé en [47] ms
04-May-2026 22:51:02.825 INFOS [main] org.apache.catalina.startup.HostConfig.deployDirectory Déploiement du répertoire d'application web [C:\Users\Ahmed Aziz\.gemini\antigravity\scratch\covoiturage\.tools\apache-tomcat-10.1.31\webapps\examples]
04-May-2026 22:51:03.189 INFOS [main] org.apache.catalina.startup.HostConfig.deployDirectory Le déploiement du répertoire [C:\Users\Ahmed Aziz\.gemini\antigravity\scratch\covoiturage\.tools\apache-tomcat-10.1.31\webapps\examples] de l'application web s'est terminé en [364] ms
04-May-2026 22:51:03.190 INFOS [main] org.apache.catalina.startup.HostConfig.deployDirectory Déploiement du répertoire d'application web [C:\Users\Ahmed Aziz\.gemini\antigravity\scratch\covoiturage\.tools\apache-tomcat-10.1.31\webapps\host-manager]
04-May-2026 22:51:03.226 INFOS [main] org.apache.catalina.startup.HostConfig.deployDirectory Le déploiement du répertoire [C:\Users\Ahmed Aziz\.gemini\antigravity\scratch\covoiturage\.tools\apache-tomcat-10.1.31\webapps\host-manager] de l'application web s'est terminé en [36] ms
04-May-2026 22:51:03.227 INFOS [main] org.apache.catalina.startup.HostConfig.deployDirectory Déploiement du répertoire d'application web [C:\Users\Ahmed Aziz\.gemini\antigravity\scratch\covoiturage\.tools\apache-tomcat-10.1.31\webapps\manager]
04-May-2026 22:51:03.261 INFOS [main] org.apache.catalina.startup.HostConfig.deployDirectory Le déploiement du répertoire [C:\Users\Ahmed Aziz\.gemini\antigravity\scratch\covoiturage\.tools\apache-tomcat-10.1.31\webapps\manager] de l'application web s'est terminé en [34] ms
04-May-2026 22:51:03.267 INFOS [main] org.apache.coyote.AbstractProtocol.start Démarrage du gestionnaire de protocole ["http-nio-8080"]
04-May-2026 22:51:03.286 INFOS [main] org.apache.catalina.startup.Catalina.start Le démarrage du serveur a pris [1722] millisecondes
04-May-2026 22:56:20.729 INFOS [Thread-2] org.apache.coyote.AbstractProtocol.pause Le gestionnaire de protocole ["http-nio-8080"] est mis en pause
04-May-2026 22:56:20.736 INFOS [Thread-2] org.apache.catalina.core.StandardService.stopInternal Arrêt du service [Catalina]
04-May-2026 22:56:20.741 AVERTISSEMENT [Thread-2] org.apache.catalina.loader.WebappClassLoaderBase.clearReferencesJdbc L'application web [ROOT] a enregistré un pilote JDBC [org.h2.Driver], mais ne l'a pas désenregistré avant l'arrêt de l'application.  Pour éviter une fuite de mémoire, le pilote JDBC a été désenregistré de force.
04-May-2026 22:56:20.755 INFOS [Thread-2] org.apache.coyote.AbstractProtocol.stop Arrêt du gestionnaire de protocole ["http-nio-8080"]
04-May-2026 22:56:20.767 INFOS [Thread-2] org.apache.coyote.AbstractProtocol.destroy Destruction du gestionnaire de protocole ["http-nio-8080"]
04-May-2026 22:56:29.752 INFOS [main] org.apache.catalina.startup.VersionLoggerListener.log Nom version serveur :              Apache Tomcat/10.1.31
04-May-2026 22:56:29.756 INFOS [main] org.apache.catalina.startup.VersionLoggerListener.log Serveur compilé :                  Oct 3 2024 19:02:38 UTC
04-May-2026 22:56:29.757 INFOS [main] org.apache.catalina.startup.VersionLoggerListener.log Version du serveur :               10.1.31.0
04-May-2026 22:56:29.757 INFOS [main] org.apache.catalina.startup.VersionLoggerListener.log Nom de l'OS :                      Windows 11
04-May-2026 22:56:29.758 INFOS [main] org.apache.catalina.startup.VersionLoggerListener.log Version OS :                       10.0
04-May-2026 22:56:29.758 INFOS [main] org.apache.catalina.startup.VersionLoggerListener.log Architecture :                     amd64
04-May-2026 22:56:29.758 INFOS [main] org.apache.catalina.startup.VersionLoggerListener.log Java Home :                        C:\Program Files\Eclipse Adoptium\jdk-21.0.10.7-hotspot
04-May-2026 22:56:29.758 INFOS [main] org.apache.catalina.startup.VersionLoggerListener.log Version JVM :                      21.0.10+7-LTS
04-May-2026 22:56:29.758 INFOS [main] org.apache.catalina.startup.VersionLoggerListener.log Fournisseur de la JVM :            Eclipse Adoptium
04-May-2026 22:56:29.759 INFOS [main] org.apache.catalina.startup.VersionLoggerListener.log CATALINA_BASE :                    C:\Users\Ahmed Aziz\.gemini\antigravity\scratch\covoiturage\.tools\apache-tomcat-10.1.31
04-May-2026 22:56:29.759 INFOS [main] org.apache.catalina.startup.VersionLoggerListener.log CATALINA_HOME :                    C:\Users\Ahmed Aziz\.gemini\antigravity\scratch\covoiturage\.tools\apache-tomcat-10.1.31
04-May-2026 22:56:29.770 INFOS [main] org.apache.catalina.startup.VersionLoggerListener.log Argument de la ligne de commande : -Djava.util.logging.config.file=c:\Users\Ahmed Aziz\.gemini\antigravity\scratch\covoiturage\.tools\apache-tomcat-10.1.31\conf\logging.properties
04-May-2026 22:56:29.770 INFOS [main] org.apache.catalina.startup.VersionLoggerListener.log Argument de la ligne de commande : -Djava.util.logging.manager=org.apache.juli.ClassLoaderLogManager
04-May-2026 22:56:29.771 INFOS [main] org.apache.catalina.startup.VersionLoggerListener.log Argument de la ligne de commande : -Djdk.tls.ephemeralDHKeySize=2048
04-May-2026 22:56:29.771 INFOS [main] org.apache.catalina.startup.VersionLoggerListener.log Argument de la ligne de commande : -Djava.protocol.handler.pkgs=org.apache.catalina.webresources
04-May-2026 22:56:29.771 INFOS [main] org.apache.catalina.startup.VersionLoggerListener.log Argument de la ligne de commande : --add-opens=java.base/java.lang=ALL-UNNAMED
04-May-2026 22:56:29.771 INFOS [main] org.apache.catalina.startup.VersionLoggerListener.log Argument de la ligne de commande : --add-opens=java.base/java.io=ALL-UNNAMED
04-May-2026 22:56:29.772 INFOS [main] org.apache.catalina.startup.VersionLoggerListener.log Argument de la ligne de commande : --add-opens=java.base/java.util=ALL-UNNAMED
04-May-2026 22:56:29.772 INFOS [main] org.apache.catalina.startup.VersionLoggerListener.log Argument de la ligne de commande : --add-opens=java.base/java.util.concurrent=ALL-UNNAMED
04-May-2026 22:56:29.772 INFOS [main] org.apache.catalina.startup.VersionLoggerListener.log Argument de la ligne de commande : --add-opens=java.rmi/sun.rmi.transport=ALL-UNNAMED
04-May-2026 22:56:29.773 INFOS [main] org.apache.catalina.startup.VersionLoggerListener.log Argument de la ligne de commande : -Dcatalina.base=c:\Users\Ahmed Aziz\.gemini\antigravity\scratch\covoiturage\.tools\apache-tomcat-10.1.31
04-May-2026 22:56:29.773 INFOS [main] org.apache.catalina.startup.VersionLoggerListener.log Argument de la ligne de commande : -Dcatalina.home=c:\Users\Ahmed Aziz\.gemini\antigravity\scratch\covoiturage\.tools\apache-tomcat-10.1.31
04-May-2026 22:56:29.773 INFOS [main] org.apache.catalina.startup.VersionLoggerListener.log Argument de la ligne de commande : -Djava.io.tmpdir=c:\Users\Ahmed Aziz\.gemini\antigravity\scratch\covoiturage\.tools\apache-tomcat-10.1.31\temp
04-May-2026 22:56:29.776 INFOS [main] org.apache.catalina.core.AprLifecycleListener.lifecycleEvent Chargement de la librairie Apache Tomcat Native [2.0.8] en utilisant APR version [1.7.4]
04-May-2026 22:56:29.780 INFOS [main] org.apache.catalina.core.AprLifecycleListener.initializeSSL OpenSSL a été initialisé avec succès [OpenSSL 3.0.14 4 Jun 2024]
04-May-2026 22:56:29.994 INFOS [main] org.apache.coyote.AbstractProtocol.init Initialisation du gestionnaire de protocole ["http-nio-8080"]
04-May-2026 22:56:30.021 INFOS [main] org.apache.catalina.startup.Catalina.load L'initialisation du serveur a pris [437] millisecondes
04-May-2026 22:56:30.078 INFOS [main] org.apache.catalina.core.StandardService.startInternal Démarrage du service [Catalina]
04-May-2026 22:56:30.079 INFOS [main] org.apache.catalina.core.StandardEngine.startInternal Démarrage du moteur de Servlets : [Apache Tomcat/10.1.31]
04-May-2026 22:56:30.095 INFOS [main] org.apache.catalina.startup.HostConfig.deployWAR Déploiement de l'archive [C:\Users\Ahmed Aziz\.gemini\antigravity\scratch\covoiturage\.tools\apache-tomcat-10.1.31\webapps\ROOT.war] de l'application web
04-May-2026 22:56:31.223 INFOS [main] org.apache.catalina.startup.HostConfig.deployWAR Le déploiement de l'archive de l'application web [C:\Users\Ahmed Aziz\.gemini\antigravity\scratch\covoiturage\.tools\apache-tomcat-10.1.31\webapps\ROOT.war] s'est terminé en [1 125] ms
04-May-2026 22:56:31.224 INFOS [main] org.apache.catalina.startup.HostConfig.deployDirectory Déploiement du répertoire d'application web [C:\Users\Ahmed Aziz\.gemini\antigravity\scratch\covoiturage\.tools\apache-tomcat-10.1.31\webapps\docs]
04-May-2026 22:56:31.269 INFOS [main] org.apache.catalina.startup.HostConfig.deployDirectory Le déploiement du répertoire [C:\Users\Ahmed Aziz\.gemini\antigravity\scratch\covoiturage\.tools\apache-tomcat-10.1.31\webapps\docs] de l'application web s'est terminé en [45] ms
04-May-2026 22:56:31.270 INFOS [main] org.apache.catalina.startup.HostConfig.deployDirectory Déploiement du répertoire d'application web [C:\Users\Ahmed Aziz\.gemini\antigravity\scratch\covoiturage\.tools\apache-tomcat-10.1.31\webapps\examples]
04-May-2026 22:56:31.632 INFOS [main] org.apache.catalina.startup.HostConfig.deployDirectory Le déploiement du répertoire [C:\Users\Ahmed Aziz\.gemini\antigravity\scratch\covoiturage\.tools\apache-tomcat-10.1.31\webapps\examples] de l'application web s'est terminé en [362] ms
04-May-2026 22:56:31.633 INFOS [main] org.apache.catalina.startup.HostConfig.deployDirectory Déploiement du répertoire d'application web [C:\Users\Ahmed Aziz\.gemini\antigravity\scratch\covoiturage\.tools\apache-tomcat-10.1.31\webapps\host-manager]
04-May-2026 22:56:31.670 INFOS [main] org.apache.catalina.startup.HostConfig.deployDirectory Le déploiement du répertoire [C:\Users\Ahmed Aziz\.gemini\antigravity\scratch\covoiturage\.tools\apache-tomcat-10.1.31\webapps\host-manager] de l'application web s'est terminé en [36] ms
04-May-2026 22:56:31.671 INFOS [main] org.apache.catalina.startup.HostConfig.deployDirectory Déploiement du répertoire d'application web [C:\Users\Ahmed Aziz\.gemini\antigravity\scratch\covoiturage\.tools\apache-tomcat-10.1.31\webapps\manager]
04-May-2026 22:56:31.709 INFOS [main] org.apache.catalina.startup.HostConfig.deployDirectory Le déploiement du répertoire [C:\Users\Ahmed Aziz\.gemini\antigravity\scratch\covoiturage\.tools\apache-tomcat-10.1.31\webapps\manager] de l'application web s'est terminé en [39] ms
04-May-2026 22:56:31.713 INFOS [main] org.apache.coyote.AbstractProtocol.start Démarrage du gestionnaire de protocole ["http-nio-8080"]
04-May-2026 22:56:31.734 INFOS [main] org.apache.catalina.startup.Catalina.start Le démarrage du serveur a pris [1712] millisecondes
04-May-2026 23:01:26.866 INFOS [Thread-2] org.apache.coyote.AbstractProtocol.pause Le gestionnaire de protocole ["http-nio-8080"] est mis en pause
04-May-2026 23:01:26.872 INFOS [Thread-2] org.apache.catalina.core.StandardService.stopInternal Arrêt du service [Catalina]
04-May-2026 23:01:26.880 AVERTISSEMENT [Thread-2] org.apache.catalina.loader.WebappClassLoaderBase.clearReferencesJdbc L'application web [ROOT] a enregistré un pilote JDBC [org.h2.Driver], mais ne l'a pas désenregistré avant l'arrêt de l'application.  Pour éviter une fuite de mémoire, le pilote JDBC a été désenregistré de force.
04-May-2026 23:01:26.897 INFOS [Thread-2] org.apache.coyote.AbstractProtocol.stop Arrêt du gestionnaire de protocole ["http-nio-8080"]
04-May-2026 23:01:26.908 INFOS [Thread-2] org.apache.coyote.AbstractProtocol.destroy Destruction du gestionnaire de protocole ["http-nio-8080"]
04-May-2026 23:01:35.665 INFOS [main] org.apache.catalina.startup.VersionLoggerListener.log Nom version serveur :              Apache Tomcat/10.1.31
04-May-2026 23:01:35.668 INFOS [main] org.apache.catalina.startup.VersionLoggerListener.log Serveur compilé :                  Oct 3 2024 19:02:38 UTC
04-May-2026 23:01:35.669 INFOS [main] org.apache.catalina.startup.VersionLoggerListener.log Version du serveur :               10.1.31.0
04-May-2026 23:01:35.669 INFOS [main] org.apache.catalina.startup.VersionLoggerListener.log Nom de l'OS :                      Windows 11
04-May-2026 23:01:35.669 INFOS [main] org.apache.catalina.startup.VersionLoggerListener.log Version OS :                       10.0
04-May-2026 23:01:35.669 INFOS [main] org.apache.catalina.startup.VersionLoggerListener.log Architecture :                     amd64
04-May-2026 23:01:35.670 INFOS [main] org.apache.catalina.startup.VersionLoggerListener.log Java Home :                        C:\Program Files\Eclipse Adoptium\jdk-21.0.10.7-hotspot
04-May-2026 23:01:35.670 INFOS [main] org.apache.catalina.startup.VersionLoggerListener.log Version JVM :                      21.0.10+7-LTS
04-May-2026 23:01:35.671 INFOS [main] org.apache.catalina.startup.VersionLoggerListener.log Fournisseur de la JVM :            Eclipse Adoptium
04-May-2026 23:01:35.671 INFOS [main] org.apache.catalina.startup.VersionLoggerListener.log CATALINA_BASE :                    C:\Users\Ahmed Aziz\.gemini\antigravity\scratch\covoiturage\.tools\apache-tomcat-10.1.31
04-May-2026 23:01:35.671 INFOS [main] org.apache.catalina.startup.VersionLoggerListener.log CATALINA_HOME :                    C:\Users\Ahmed Aziz\.gemini\antigravity\scratch\covoiturage\.tools\apache-tomcat-10.1.31
04-May-2026 23:01:35.680 INFOS [main] org.apache.catalina.startup.VersionLoggerListener.log Argument de la ligne de commande : -Djava.util.logging.config.file=c:\Users\Ahmed Aziz\.gemini\antigravity\scratch\covoiturage\.tools\apache-tomcat-10.1.31\conf\logging.properties
04-May-2026 23:01:35.680 INFOS [main] org.apache.catalina.startup.VersionLoggerListener.log Argument de la ligne de commande : -Djava.util.logging.manager=org.apache.juli.ClassLoaderLogManager
04-May-2026 23:01:35.680 INFOS [main] org.apache.catalina.startup.VersionLoggerListener.log Argument de la ligne de commande : -Djdk.tls.ephemeralDHKeySize=2048
04-May-2026 23:01:35.681 INFOS [main] org.apache.catalina.startup.VersionLoggerListener.log Argument de la ligne de commande : -Djava.protocol.handler.pkgs=org.apache.catalina.webresources
04-May-2026 23:01:35.681 INFOS [main] org.apache.catalina.startup.VersionLoggerListener.log Argument de la ligne de commande : --add-opens=java.base/java.lang=ALL-UNNAMED
04-May-2026 23:01:35.681 INFOS [main] org.apache.catalina.startup.VersionLoggerListener.log Argument de la ligne de commande : --add-opens=java.base/java.io=ALL-UNNAMED
04-May-2026 23:01:35.681 INFOS [main] org.apache.catalina.startup.VersionLoggerListener.log Argument de la ligne de commande : --add-opens=java.base/java.util=ALL-UNNAMED
04-May-2026 23:01:35.682 INFOS [main] org.apache.catalina.startup.VersionLoggerListener.log Argument de la ligne de commande : --add-opens=java.base/java.util.concurrent=ALL-UNNAMED
04-May-2026 23:01:35.682 INFOS [main] org.apache.catalina.startup.VersionLoggerListener.log Argument de la ligne de commande : --add-opens=java.rmi/sun.rmi.transport=ALL-UNNAMED
04-May-2026 23:01:35.682 INFOS [main] org.apache.catalina.startup.VersionLoggerListener.log Argument de la ligne de commande : -Dcatalina.base=c:\Users\Ahmed Aziz\.gemini\antigravity\scratch\covoiturage\.tools\apache-tomcat-10.1.31
04-May-2026 23:01:35.683 INFOS [main] org.apache.catalina.startup.VersionLoggerListener.log Argument de la ligne de commande : -Dcatalina.home=c:\Users\Ahmed Aziz\.gemini\antigravity\scratch\covoiturage\.tools\apache-tomcat-10.1.31
04-May-2026 23:01:35.683 INFOS [main] org.apache.catalina.startup.VersionLoggerListener.log Argument de la ligne de commande : -Djava.io.tmpdir=c:\Users\Ahmed Aziz\.gemini\antigravity\scratch\covoiturage\.tools\apache-tomcat-10.1.31\temp
04-May-2026 23:01:35.686 INFOS [main] org.apache.catalina.core.AprLifecycleListener.lifecycleEvent Chargement de la librairie Apache Tomcat Native [2.0.8] en utilisant APR version [1.7.4]
04-May-2026 23:01:35.690 INFOS [main] org.apache.catalina.core.AprLifecycleListener.initializeSSL OpenSSL a été initialisé avec succès [OpenSSL 3.0.14 4 Jun 2024]
04-May-2026 23:01:35.945 INFOS [main] org.apache.coyote.AbstractProtocol.init Initialisation du gestionnaire de protocole ["http-nio-8080"]
04-May-2026 23:01:35.971 INFOS [main] org.apache.catalina.startup.Catalina.load L'initialisation du serveur a pris [482] millisecondes
04-May-2026 23:01:36.035 INFOS [main] org.apache.catalina.core.StandardService.startInternal Démarrage du service [Catalina]
04-May-2026 23:01:36.035 INFOS [main] org.apache.catalina.core.StandardEngine.startInternal Démarrage du moteur de Servlets : [Apache Tomcat/10.1.31]
04-May-2026 23:01:36.061 INFOS [main] org.apache.catalina.startup.HostConfig.deployWAR Déploiement de l'archive [C:\Users\Ahmed Aziz\.gemini\antigravity\scratch\covoiturage\.tools\apache-tomcat-10.1.31\webapps\ROOT.war] de l'application web
04-May-2026 23:01:37.180 INFOS [main] org.apache.catalina.startup.HostConfig.deployWAR Le déploiement de l'archive de l'application web [C:\Users\Ahmed Aziz\.gemini\antigravity\scratch\covoiturage\.tools\apache-tomcat-10.1.31\webapps\ROOT.war] s'est terminé en [1 115] ms
04-May-2026 23:01:37.184 INFOS [main] org.apache.catalina.startup.HostConfig.deployDirectory Déploiement du répertoire d'application web [C:\Users\Ahmed Aziz\.gemini\antigravity\scratch\covoiturage\.tools\apache-tomcat-10.1.31\webapps\docs]
04-May-2026 23:01:37.226 INFOS [main] org.apache.catalina.startup.HostConfig.deployDirectory Le déploiement du répertoire [C:\Users\Ahmed Aziz\.gemini\antigravity\scratch\covoiturage\.tools\apache-tomcat-10.1.31\webapps\docs] de l'application web s'est terminé en [43] ms
04-May-2026 23:01:37.227 INFOS [main] org.apache.catalina.startup.HostConfig.deployDirectory Déploiement du répertoire d'application web [C:\Users\Ahmed Aziz\.gemini\antigravity\scratch\covoiturage\.tools\apache-tomcat-10.1.31\webapps\examples]
04-May-2026 23:01:37.593 INFOS [main] org.apache.catalina.startup.HostConfig.deployDirectory Le déploiement du répertoire [C:\Users\Ahmed Aziz\.gemini\antigravity\scratch\covoiturage\.tools\apache-tomcat-10.1.31\webapps\examples] de l'application web s'est terminé en [366] ms
04-May-2026 23:01:37.594 INFOS [main] org.apache.catalina.startup.HostConfig.deployDirectory Déploiement du répertoire d'application web [C:\Users\Ahmed Aziz\.gemini\antigravity\scratch\covoiturage\.tools\apache-tomcat-10.1.31\webapps\host-manager]
04-May-2026 23:01:37.638 INFOS [main] org.apache.catalina.startup.HostConfig.deployDirectory Le déploiement du répertoire [C:\Users\Ahmed Aziz\.gemini\antigravity\scratch\covoiturage\.tools\apache-tomcat-10.1.31\webapps\host-manager] de l'application web s'est terminé en [44] ms
04-May-2026 23:01:37.639 INFOS [main] org.apache.catalina.startup.HostConfig.deployDirectory Déploiement du répertoire d'application web [C:\Users\Ahmed Aziz\.gemini\antigravity\scratch\covoiturage\.tools\apache-tomcat-10.1.31\webapps\manager]
04-May-2026 23:01:37.676 INFOS [main] org.apache.catalina.startup.HostConfig.deployDirectory Le déploiement du répertoire [C:\Users\Ahmed Aziz\.gemini\antigravity\scratch\covoiturage\.tools\apache-tomcat-10.1.31\webapps\manager] de l'application web s'est terminé en [38] ms
04-May-2026 23:01:37.681 INFOS [main] org.apache.coyote.AbstractProtocol.start Démarrage du gestionnaire de protocole ["http-nio-8080"]
04-May-2026 23:01:37.701 INFOS [main] org.apache.catalina.startup.Catalina.start Le démarrage du serveur a pris [1728] millisecondes
04-May-2026 23:05:27.410 INFOS [Thread-2] org.apache.coyote.AbstractProtocol.pause Le gestionnaire de protocole ["http-nio-8080"] est mis en pause
04-May-2026 23:05:27.418 INFOS [Thread-2] org.apache.catalina.core.StandardService.stopInternal Arrêt du service [Catalina]
04-May-2026 23:05:27.425 AVERTISSEMENT [Thread-2] org.apache.catalina.loader.WebappClassLoaderBase.clearReferencesJdbc L'application web [ROOT] a enregistré un pilote JDBC [org.h2.Driver], mais ne l'a pas désenregistré avant l'arrêt de l'application.  Pour éviter une fuite de mémoire, le pilote JDBC a été désenregistré de force.
04-May-2026 23:05:27.437 INFOS [Thread-2] org.apache.coyote.AbstractProtocol.stop Arrêt du gestionnaire de protocole ["http-nio-8080"]
04-May-2026 23:05:27.444 INFOS [Thread-2] org.apache.coyote.AbstractProtocol.destroy Destruction du gestionnaire de protocole ["http-nio-8080"]
04-May-2026 23:05:41.431 INFOS [main] org.apache.catalina.startup.VersionLoggerListener.log Nom version serveur :              Apache Tomcat/10.1.31
04-May-2026 23:05:41.434 INFOS [main] org.apache.catalina.startup.VersionLoggerListener.log Serveur compilé :                  Oct 3 2024 19:02:38 UTC
04-May-2026 23:05:41.435 INFOS [main] org.apache.catalina.startup.VersionLoggerListener.log Version du serveur :               10.1.31.0
04-May-2026 23:05:41.436 INFOS [main] org.apache.catalina.startup.VersionLoggerListener.log Nom de l'OS :                      Windows 11
04-May-2026 23:05:41.436 INFOS [main] org.apache.catalina.startup.VersionLoggerListener.log Version OS :                       10.0
04-May-2026 23:05:41.437 INFOS [main] org.apache.catalina.startup.VersionLoggerListener.log Architecture :                     amd64
04-May-2026 23:05:41.437 INFOS [main] org.apache.catalina.startup.VersionLoggerListener.log Java Home :                        C:\Program Files\Eclipse Adoptium\jdk-21.0.10.7-hotspot
04-May-2026 23:05:41.437 INFOS [main] org.apache.catalina.startup.VersionLoggerListener.log Version JVM :                      21.0.10+7-LTS
04-May-2026 23:05:41.438 INFOS [main] org.apache.catalina.startup.VersionLoggerListener.log Fournisseur de la JVM :            Eclipse Adoptium
04-May-2026 23:05:41.438 INFOS [main] org.apache.catalina.startup.VersionLoggerListener.log CATALINA_BASE :                    C:\Users\Ahmed Aziz\.gemini\antigravity\scratch\covoiturage\.tools\apache-tomcat-10.1.31
04-May-2026 23:05:41.438 INFOS [main] org.apache.catalina.startup.VersionLoggerListener.log CATALINA_HOME :                    C:\Users\Ahmed Aziz\.gemini\antigravity\scratch\covoiturage\.tools\apache-tomcat-10.1.31
04-May-2026 23:05:41.447 INFOS [main] org.apache.catalina.startup.VersionLoggerListener.log Argument de la ligne de commande : -Djava.util.logging.config.file=c:\Users\Ahmed Aziz\.gemini\antigravity\scratch\covoiturage\.tools\apache-tomcat-10.1.31\conf\logging.properties
04-May-2026 23:05:41.447 INFOS [main] org.apache.catalina.startup.VersionLoggerListener.log Argument de la ligne de commande : -Djava.util.logging.manager=org.apache.juli.ClassLoaderLogManager
04-May-2026 23:05:41.447 INFOS [main] org.apache.catalina.startup.VersionLoggerListener.log Argument de la ligne de commande : -Djdk.tls.ephemeralDHKeySize=2048
04-May-2026 23:05:41.447 INFOS [main] org.apache.catalina.startup.VersionLoggerListener.log Argument de la ligne de commande : -Djava.protocol.handler.pkgs=org.apache.catalina.webresources
04-May-2026 23:05:41.447 INFOS [main] org.apache.catalina.startup.VersionLoggerListener.log Argument de la ligne de commande : --add-opens=java.base/java.lang=ALL-UNNAMED
04-May-2026 23:05:41.448 INFOS [main] org.apache.catalina.startup.VersionLoggerListener.log Argument de la ligne de commande : --add-opens=java.base/java.io=ALL-UNNAMED
04-May-2026 23:05:41.448 INFOS [main] org.apache.catalina.startup.VersionLoggerListener.log Argument de la ligne de commande : --add-opens=java.base/java.util=ALL-UNNAMED
04-May-2026 23:05:41.448 INFOS [main] org.apache.catalina.startup.VersionLoggerListener.log Argument de la ligne de commande : --add-opens=java.base/java.util.concurrent=ALL-UNNAMED
04-May-2026 23:05:41.448 INFOS [main] org.apache.catalina.startup.VersionLoggerListener.log Argument de la ligne de commande : --add-opens=java.rmi/sun.rmi.transport=ALL-UNNAMED
04-May-2026 23:05:41.448 INFOS [main] org.apache.catalina.startup.VersionLoggerListener.log Argument de la ligne de commande : -Dcatalina.base=c:\Users\Ahmed Aziz\.gemini\antigravity\scratch\covoiturage\.tools\apache-tomcat-10.1.31
04-May-2026 23:05:41.448 INFOS [main] org.apache.catalina.startup.VersionLoggerListener.log Argument de la ligne de commande : -Dcatalina.home=c:\Users\Ahmed Aziz\.gemini\antigravity\scratch\covoiturage\.tools\apache-tomcat-10.1.31
04-May-2026 23:05:41.449 INFOS [main] org.apache.catalina.startup.VersionLoggerListener.log Argument de la ligne de commande : -Djava.io.tmpdir=c:\Users\Ahmed Aziz\.gemini\antigravity\scratch\covoiturage\.tools\apache-tomcat-10.1.31\temp
04-May-2026 23:05:41.451 INFOS [main] org.apache.catalina.core.AprLifecycleListener.lifecycleEvent Chargement de la librairie Apache Tomcat Native [2.0.8] en utilisant APR version [1.7.4]
04-May-2026 23:05:41.456 INFOS [main] org.apache.catalina.core.AprLifecycleListener.initializeSSL OpenSSL a été initialisé avec succès [OpenSSL 3.0.14 4 Jun 2024]
04-May-2026 23:05:41.665 INFOS [main] org.apache.coyote.AbstractProtocol.init Initialisation du gestionnaire de protocole ["http-nio-8080"]
04-May-2026 23:05:41.688 INFOS [main] org.apache.catalina.startup.Catalina.load L'initialisation du serveur a pris [417] millisecondes
04-May-2026 23:05:41.743 INFOS [main] org.apache.catalina.core.StandardService.startInternal Démarrage du service [Catalina]
04-May-2026 23:05:41.743 INFOS [main] org.apache.catalina.core.StandardEngine.startInternal Démarrage du moteur de Servlets : [Apache Tomcat/10.1.31]
04-May-2026 23:05:41.763 INFOS [main] org.apache.catalina.startup.HostConfig.deployWAR Déploiement de l'archive [C:\Users\Ahmed Aziz\.gemini\antigravity\scratch\covoiturage\.tools\apache-tomcat-10.1.31\webapps\ROOT.war] de l'application web
04-May-2026 23:05:42.941 INFOS [main] org.apache.catalina.startup.HostConfig.deployWAR Le déploiement de l'archive de l'application web [C:\Users\Ahmed Aziz\.gemini\antigravity\scratch\covoiturage\.tools\apache-tomcat-10.1.31\webapps\ROOT.war] s'est terminé en [1 175] ms
04-May-2026 23:05:42.942 INFOS [main] org.apache.catalina.startup.HostConfig.deployDirectory Déploiement du répertoire d'application web [C:\Users\Ahmed Aziz\.gemini\antigravity\scratch\covoiturage\.tools\apache-tomcat-10.1.31\webapps\docs]
04-May-2026 23:05:42.974 INFOS [main] org.apache.catalina.startup.HostConfig.deployDirectory Le déploiement du répertoire [C:\Users\Ahmed Aziz\.gemini\antigravity\scratch\covoiturage\.tools\apache-tomcat-10.1.31\webapps\docs] de l'application web s'est terminé en [32] ms
04-May-2026 23:05:42.974 INFOS [main] org.apache.catalina.startup.HostConfig.deployDirectory Déploiement du répertoire d'application web [C:\Users\Ahmed Aziz\.gemini\antigravity\scratch\covoiturage\.tools\apache-tomcat-10.1.31\webapps\examples]
04-May-2026 23:05:43.320 INFOS [main] org.apache.catalina.startup.HostConfig.deployDirectory Le déploiement du répertoire [C:\Users\Ahmed Aziz\.gemini\antigravity\scratch\covoiturage\.tools\apache-tomcat-10.1.31\webapps\examples] de l'application web s'est terminé en [346] ms
04-May-2026 23:05:43.321 INFOS [main] org.apache.catalina.startup.HostConfig.deployDirectory Déploiement du répertoire d'application web [C:\Users\Ahmed Aziz\.gemini\antigravity\scratch\covoiturage\.tools\apache-tomcat-10.1.31\webapps\host-manager]
04-May-2026 23:05:43.365 INFOS [main] org.apache.catalina.startup.HostConfig.deployDirectory Le déploiement du répertoire [C:\Users\Ahmed Aziz\.gemini\antigravity\scratch\covoiturage\.tools\apache-tomcat-10.1.31\webapps\host-manager] de l'application web s'est terminé en [44] ms
04-May-2026 23:05:43.366 INFOS [main] org.apache.catalina.startup.HostConfig.deployDirectory Déploiement du répertoire d'application web [C:\Users\Ahmed Aziz\.gemini\antigravity\scratch\covoiturage\.tools\apache-tomcat-10.1.31\webapps\manager]
04-May-2026 23:05:43.402 INFOS [main] org.apache.catalina.startup.HostConfig.deployDirectory Le déploiement du répertoire [C:\Users\Ahmed Aziz\.gemini\antigravity\scratch\covoiturage\.tools\apache-tomcat-10.1.31\webapps\manager] de l'application web s'est terminé en [36] ms
04-May-2026 23:05:43.408 INFOS [main] org.apache.coyote.AbstractProtocol.start Démarrage du gestionnaire de protocole ["http-nio-8080"]
04-May-2026 23:05:43.428 INFOS [main] org.apache.catalina.startup.Catalina.start Le démarrage du serveur a pris [1739] millisecondes
04-May-2026 23:10:43.912 INFOS [Thread-2] org.apache.coyote.AbstractProtocol.pause Le gestionnaire de protocole ["http-nio-8080"] est mis en pause
04-May-2026 23:10:43.919 INFOS [Thread-2] org.apache.catalina.core.StandardService.stopInternal Arrêt du service [Catalina]
04-May-2026 23:10:43.930 AVERTISSEMENT [Thread-2] org.apache.catalina.loader.WebappClassLoaderBase.clearReferencesJdbc L'application web [ROOT] a enregistré un pilote JDBC [org.h2.Driver], mais ne l'a pas désenregistré avant l'arrêt de l'application.  Pour éviter une fuite de mémoire, le pilote JDBC a été désenregistré de force.
04-May-2026 23:10:43.943 INFOS [Thread-2] org.apache.coyote.AbstractProtocol.stop Arrêt du gestionnaire de protocole ["http-nio-8080"]
04-May-2026 23:10:43.954 INFOS [Thread-2] org.apache.coyote.AbstractProtocol.destroy Destruction du gestionnaire de protocole ["http-nio-8080"]
04-May-2026 23:10:58.082 INFOS [main] org.apache.catalina.startup.VersionLoggerListener.log Nom version serveur :              Apache Tomcat/10.1.31
04-May-2026 23:10:58.086 INFOS [main] org.apache.catalina.startup.VersionLoggerListener.log Serveur compilé :                  Oct 3 2024 19:02:38 UTC
04-May-2026 23:10:58.086 INFOS [main] org.apache.catalina.startup.VersionLoggerListener.log Version du serveur :               10.1.31.0
04-May-2026 23:10:58.087 INFOS [main] org.apache.catalina.startup.VersionLoggerListener.log Nom de l'OS :                      Windows 11
04-May-2026 23:10:58.087 INFOS [main] org.apache.catalina.startup.VersionLoggerListener.log Version OS :                       10.0
04-May-2026 23:10:58.087 INFOS [main] org.apache.catalina.startup.VersionLoggerListener.log Architecture :                     amd64
04-May-2026 23:10:58.087 INFOS [main] org.apache.catalina.startup.VersionLoggerListener.log Java Home :                        C:\Program Files\Eclipse Adoptium\jdk-21.0.10.7-hotspot
04-May-2026 23:10:58.087 INFOS [main] org.apache.catalina.startup.VersionLoggerListener.log Version JVM :                      21.0.10+7-LTS
04-May-2026 23:10:58.087 INFOS [main] org.apache.catalina.startup.VersionLoggerListener.log Fournisseur de la JVM :            Eclipse Adoptium
04-May-2026 23:10:58.087 INFOS [main] org.apache.catalina.startup.VersionLoggerListener.log CATALINA_BASE :                    C:\Users\Ahmed Aziz\.gemini\antigravity\scratch\covoiturage\.tools\apache-tomcat-10.1.31
04-May-2026 23:10:58.088 INFOS [main] org.apache.catalina.startup.VersionLoggerListener.log CATALINA_HOME :                    C:\Users\Ahmed Aziz\.gemini\antigravity\scratch\covoiturage\.tools\apache-tomcat-10.1.31
04-May-2026 23:10:58.097 INFOS [main] org.apache.catalina.startup.VersionLoggerListener.log Argument de la ligne de commande : -Djava.util.logging.config.file=c:\Users\Ahmed Aziz\.gemini\antigravity\scratch\covoiturage\.tools\apache-tomcat-10.1.31\conf\logging.properties
04-May-2026 23:10:58.098 INFOS [main] org.apache.catalina.startup.VersionLoggerListener.log Argument de la ligne de commande : -Djava.util.logging.manager=org.apache.juli.ClassLoaderLogManager
04-May-2026 23:10:58.098 INFOS [main] org.apache.catalina.startup.VersionLoggerListener.log Argument de la ligne de commande : -Djdk.tls.ephemeralDHKeySize=2048
04-May-2026 23:10:58.098 INFOS [main] org.apache.catalina.startup.VersionLoggerListener.log Argument de la ligne de commande : -Djava.protocol.handler.pkgs=org.apache.catalina.webresources
04-May-2026 23:10:58.098 INFOS [main] org.apache.catalina.startup.VersionLoggerListener.log Argument de la ligne de commande : --add-opens=java.base/java.lang=ALL-UNNAMED
04-May-2026 23:10:58.098 INFOS [main] org.apache.catalina.startup.VersionLoggerListener.log Argument de la ligne de commande : --add-opens=java.base/java.io=ALL-UNNAMED
04-May-2026 23:10:58.099 INFOS [main] org.apache.catalina.startup.VersionLoggerListener.log Argument de la ligne de commande : --add-opens=java.base/java.util=ALL-UNNAMED
04-May-2026 23:10:58.099 INFOS [main] org.apache.catalina.startup.VersionLoggerListener.log Argument de la ligne de commande : --add-opens=java.base/java.util.concurrent=ALL-UNNAMED
04-May-2026 23:10:58.099 INFOS [main] org.apache.catalina.startup.VersionLoggerListener.log Argument de la ligne de commande : --add-opens=java.rmi/sun.rmi.transport=ALL-UNNAMED
04-May-2026 23:10:58.099 INFOS [main] org.apache.catalina.startup.VersionLoggerListener.log Argument de la ligne de commande : -Dcatalina.base=c:\Users\Ahmed Aziz\.gemini\antigravity\scratch\covoiturage\.tools\apache-tomcat-10.1.31
04-May-2026 23:10:58.099 INFOS [main] org.apache.catalina.startup.VersionLoggerListener.log Argument de la ligne de commande : -Dcatalina.home=c:\Users\Ahmed Aziz\.gemini\antigravity\scratch\covoiturage\.tools\apache-tomcat-10.1.31
04-May-2026 23:10:58.099 INFOS [main] org.apache.catalina.startup.VersionLoggerListener.log Argument de la ligne de commande : -Djava.io.tmpdir=c:\Users\Ahmed Aziz\.gemini\antigravity\scratch\covoiturage\.tools\apache-tomcat-10.1.31\temp
04-May-2026 23:10:58.102 INFOS [main] org.apache.catalina.core.AprLifecycleListener.lifecycleEvent Chargement de la librairie Apache Tomcat Native [2.0.8] en utilisant APR version [1.7.4]
04-May-2026 23:10:58.106 INFOS [main] org.apache.catalina.core.AprLifecycleListener.initializeSSL OpenSSL a été initialisé avec succès [OpenSSL 3.0.14 4 Jun 2024]
04-May-2026 23:10:58.337 INFOS [main] org.apache.coyote.AbstractProtocol.init Initialisation du gestionnaire de protocole ["http-nio-8080"]
04-May-2026 23:10:58.364 INFOS [main] org.apache.catalina.startup.Catalina.load L'initialisation du serveur a pris [457] millisecondes
04-May-2026 23:10:58.427 INFOS [main] org.apache.catalina.core.StandardService.startInternal Démarrage du service [Catalina]
04-May-2026 23:10:58.428 INFOS [main] org.apache.catalina.core.StandardEngine.startInternal Démarrage du moteur de Servlets : [Apache Tomcat/10.1.31]
04-May-2026 23:10:58.449 INFOS [main] org.apache.catalina.startup.HostConfig.deployWAR Déploiement de l'archive [C:\Users\Ahmed Aziz\.gemini\antigravity\scratch\covoiturage\.tools\apache-tomcat-10.1.31\webapps\ROOT.war] de l'application web
04-May-2026 23:10:59.586 INFOS [main] org.apache.catalina.startup.HostConfig.deployWAR Le déploiement de l'archive de l'application web [C:\Users\Ahmed Aziz\.gemini\antigravity\scratch\covoiturage\.tools\apache-tomcat-10.1.31\webapps\ROOT.war] s'est terminé en [1 135] ms
04-May-2026 23:10:59.587 INFOS [main] org.apache.catalina.startup.HostConfig.deployDirectory Déploiement du répertoire d'application web [C:\Users\Ahmed Aziz\.gemini\antigravity\scratch\covoiturage\.tools\apache-tomcat-10.1.31\webapps\docs]
04-May-2026 23:10:59.647 INFOS [main] org.apache.catalina.startup.HostConfig.deployDirectory Le déploiement du répertoire [C:\Users\Ahmed Aziz\.gemini\antigravity\scratch\covoiturage\.tools\apache-tomcat-10.1.31\webapps\docs] de l'application web s'est terminé en [60] ms
04-May-2026 23:10:59.649 INFOS [main] org.apache.catalina.startup.HostConfig.deployDirectory Déploiement du répertoire d'application web [C:\Users\Ahmed Aziz\.gemini\antigravity\scratch\covoiturage\.tools\apache-tomcat-10.1.31\webapps\examples]
04-May-2026 23:11:00.002 INFOS [main] org.apache.catalina.startup.HostConfig.deployDirectory Le déploiement du répertoire [C:\Users\Ahmed Aziz\.gemini\antigravity\scratch\covoiturage\.tools\apache-tomcat-10.1.31\webapps\examples] de l'application web s'est terminé en [354] ms
04-May-2026 23:11:00.002 INFOS [main] org.apache.catalina.startup.HostConfig.deployDirectory Déploiement du répertoire d'application web [C:\Users\Ahmed Aziz\.gemini\antigravity\scratch\covoiturage\.tools\apache-tomcat-10.1.31\webapps\host-manager]
04-May-2026 23:11:00.046 INFOS [main] org.apache.catalina.startup.HostConfig.deployDirectory Le déploiement du répertoire [C:\Users\Ahmed Aziz\.gemini\antigravity\scratch\covoiturage\.tools\apache-tomcat-10.1.31\webapps\host-manager] de l'application web s'est terminé en [43] ms
04-May-2026 23:11:00.047 INFOS [main] org.apache.catalina.startup.HostConfig.deployDirectory Déploiement du répertoire d'application web [C:\Users\Ahmed Aziz\.gemini\antigravity\scratch\covoiturage\.tools\apache-tomcat-10.1.31\webapps\manager]
04-May-2026 23:11:00.081 INFOS [main] org.apache.catalina.startup.HostConfig.deployDirectory Le déploiement du répertoire [C:\Users\Ahmed Aziz\.gemini\antigravity\scratch\covoiturage\.tools\apache-tomcat-10.1.31\webapps\manager] de l'application web s'est terminé en [35] ms
04-May-2026 23:11:00.086 INFOS [main] org.apache.coyote.AbstractProtocol.start Démarrage du gestionnaire de protocole ["http-nio-8080"]
04-May-2026 23:11:00.110 INFOS [main] org.apache.catalina.startup.Catalina.start Le démarrage du serveur a pris [1743] millisecondes
04-May-2026 23:12:03.922 INFOS [Thread-2] org.apache.coyote.AbstractProtocol.pause Le gestionnaire de protocole ["http-nio-8080"] est mis en pause
04-May-2026 23:12:03.931 INFOS [Thread-2] org.apache.catalina.core.StandardService.stopInternal Arrêt du service [Catalina]
04-May-2026 23:12:03.936 AVERTISSEMENT [Thread-2] org.apache.catalina.loader.WebappClassLoaderBase.clearReferencesJdbc L'application web [ROOT] a enregistré un pilote JDBC [org.h2.Driver], mais ne l'a pas désenregistré avant l'arrêt de l'application.  Pour éviter une fuite de mémoire, le pilote JDBC a été désenregistré de force.
04-May-2026 23:12:03.948 INFOS [Thread-2] org.apache.coyote.AbstractProtocol.stop Arrêt du gestionnaire de protocole ["http-nio-8080"]
04-May-2026 23:12:03.957 INFOS [Thread-2] org.apache.coyote.AbstractProtocol.destroy Destruction du gestionnaire de protocole ["http-nio-8080"]
04-May-2026 23:12:17.121 INFOS [main] org.apache.catalina.startup.VersionLoggerListener.log Nom version serveur :              Apache Tomcat/10.1.31
04-May-2026 23:12:17.126 INFOS [main] org.apache.catalina.startup.VersionLoggerListener.log Serveur compilé :                  Oct 3 2024 19:02:38 UTC
04-May-2026 23:12:17.126 INFOS [main] org.apache.catalina.startup.VersionLoggerListener.log Version du serveur :               10.1.31.0
04-May-2026 23:12:17.126 INFOS [main] org.apache.catalina.startup.VersionLoggerListener.log Nom de l'OS :                      Windows 11
04-May-2026 23:12:17.126 INFOS [main] org.apache.catalina.startup.VersionLoggerListener.log Version OS :                       10.0
04-May-2026 23:12:17.127 INFOS [main] org.apache.catalina.startup.VersionLoggerListener.log Architecture :                     amd64
04-May-2026 23:12:17.127 INFOS [main] org.apache.catalina.startup.VersionLoggerListener.log Java Home :                        C:\Program Files\Eclipse Adoptium\jdk-21.0.10.7-hotspot
04-May-2026 23:12:17.127 INFOS [main] org.apache.catalina.startup.VersionLoggerListener.log Version JVM :                      21.0.10+7-LTS
04-May-2026 23:12:17.127 INFOS [main] org.apache.catalina.startup.VersionLoggerListener.log Fournisseur de la JVM :            Eclipse Adoptium
04-May-2026 23:12:17.128 INFOS [main] org.apache.catalina.startup.VersionLoggerListener.log CATALINA_BASE :                    C:\Users\Ahmed Aziz\.gemini\antigravity\scratch\covoiturage\.tools\apache-tomcat-10.1.31
04-May-2026 23:12:17.128 INFOS [main] org.apache.catalina.startup.VersionLoggerListener.log CATALINA_HOME :                    C:\Users\Ahmed Aziz\.gemini\antigravity\scratch\covoiturage\.tools\apache-tomcat-10.1.31
04-May-2026 23:12:17.139 INFOS [main] org.apache.catalina.startup.VersionLoggerListener.log Argument de la ligne de commande : -Djava.util.logging.config.file=c:\Users\Ahmed Aziz\.gemini\antigravity\scratch\covoiturage\.tools\apache-tomcat-10.1.31\conf\logging.properties
04-May-2026 23:12:17.139 INFOS [main] org.apache.catalina.startup.VersionLoggerListener.log Argument de la ligne de commande : -Djava.util.logging.manager=org.apache.juli.ClassLoaderLogManager
04-May-2026 23:12:17.139 INFOS [main] org.apache.catalina.startup.VersionLoggerListener.log Argument de la ligne de commande : -Djdk.tls.ephemeralDHKeySize=2048
04-May-2026 23:12:17.139 INFOS [main] org.apache.catalina.startup.VersionLoggerListener.log Argument de la ligne de commande : -Djava.protocol.handler.pkgs=org.apache.catalina.webresources
04-May-2026 23:12:17.139 INFOS [main] org.apache.catalina.startup.VersionLoggerListener.log Argument de la ligne de commande : --add-opens=java.base/java.lang=ALL-UNNAMED
04-May-2026 23:12:17.140 INFOS [main] org.apache.catalina.startup.VersionLoggerListener.log Argument de la ligne de commande : --add-opens=java.base/java.io=ALL-UNNAMED
04-May-2026 23:12:17.140 INFOS [main] org.apache.catalina.startup.VersionLoggerListener.log Argument de la ligne de commande : --add-opens=java.base/java.util=ALL-UNNAMED
04-May-2026 23:12:17.140 INFOS [main] org.apache.catalina.startup.VersionLoggerListener.log Argument de la ligne de commande : --add-opens=java.base/java.util.concurrent=ALL-UNNAMED
04-May-2026 23:12:17.140 INFOS [main] org.apache.catalina.startup.VersionLoggerListener.log Argument de la ligne de commande : --add-opens=java.rmi/sun.rmi.transport=ALL-UNNAMED
04-May-2026 23:12:17.140 INFOS [main] org.apache.catalina.startup.VersionLoggerListener.log Argument de la ligne de commande : -Dcatalina.base=c:\Users\Ahmed Aziz\.gemini\antigravity\scratch\covoiturage\.tools\apache-tomcat-10.1.31
04-May-2026 23:12:17.141 INFOS [main] org.apache.catalina.startup.VersionLoggerListener.log Argument de la ligne de commande : -Dcatalina.home=c:\Users\Ahmed Aziz\.gemini\antigravity\scratch\covoiturage\.tools\apache-tomcat-10.1.31
04-May-2026 23:12:17.141 INFOS [main] org.apache.catalina.startup.VersionLoggerListener.log Argument de la ligne de commande : -Djava.io.tmpdir=c:\Users\Ahmed Aziz\.gemini\antigravity\scratch\covoiturage\.tools\apache-tomcat-10.1.31\temp
04-May-2026 23:12:17.144 INFOS [main] org.apache.catalina.core.AprLifecycleListener.lifecycleEvent Chargement de la librairie Apache Tomcat Native [2.0.8] en utilisant APR version [1.7.4]
04-May-2026 23:12:17.148 INFOS [main] org.apache.catalina.core.AprLifecycleListener.initializeSSL OpenSSL a été initialisé avec succès [OpenSSL 3.0.14 4 Jun 2024]
04-May-2026 23:12:17.398 INFOS [main] org.apache.coyote.AbstractProtocol.init Initialisation du gestionnaire de protocole ["http-nio-8080"]
04-May-2026 23:12:17.429 INFOS [main] org.apache.catalina.startup.Catalina.load L'initialisation du serveur a pris [503] millisecondes
04-May-2026 23:12:17.499 INFOS [main] org.apache.catalina.core.StandardService.startInternal Démarrage du service [Catalina]
04-May-2026 23:12:17.500 INFOS [main] org.apache.catalina.core.StandardEngine.startInternal Démarrage du moteur de Servlets : [Apache Tomcat/10.1.31]
04-May-2026 23:12:17.520 INFOS [main] org.apache.catalina.startup.HostConfig.deployWAR Déploiement de l'archive [C:\Users\Ahmed Aziz\.gemini\antigravity\scratch\covoiturage\.tools\apache-tomcat-10.1.31\webapps\ROOT.war] de l'application web
04-May-2026 23:12:18.675 INFOS [main] org.apache.catalina.startup.HostConfig.deployWAR Le déploiement de l'archive de l'application web [C:\Users\Ahmed Aziz\.gemini\antigravity\scratch\covoiturage\.tools\apache-tomcat-10.1.31\webapps\ROOT.war] s'est terminé en [1 153] ms
04-May-2026 23:12:18.676 INFOS [main] org.apache.catalina.startup.HostConfig.deployDirectory Déploiement du répertoire d'application web [C:\Users\Ahmed Aziz\.gemini\antigravity\scratch\covoiturage\.tools\apache-tomcat-10.1.31\webapps\docs]
04-May-2026 23:12:18.718 INFOS [main] org.apache.catalina.startup.HostConfig.deployDirectory Le déploiement du répertoire [C:\Users\Ahmed Aziz\.gemini\antigravity\scratch\covoiturage\.tools\apache-tomcat-10.1.31\webapps\docs] de l'application web s'est terminé en [42] ms
04-May-2026 23:12:18.719 INFOS [main] org.apache.catalina.startup.HostConfig.deployDirectory Déploiement du répertoire d'application web [C:\Users\Ahmed Aziz\.gemini\antigravity\scratch\covoiturage\.tools\apache-tomcat-10.1.31\webapps\examples]
04-May-2026 23:12:19.064 INFOS [main] org.apache.catalina.startup.HostConfig.deployDirectory Le déploiement du répertoire [C:\Users\Ahmed Aziz\.gemini\antigravity\scratch\covoiturage\.tools\apache-tomcat-10.1.31\webapps\examples] de l'application web s'est terminé en [345] ms
04-May-2026 23:12:19.065 INFOS [main] org.apache.catalina.startup.HostConfig.deployDirectory Déploiement du répertoire d'application web [C:\Users\Ahmed Aziz\.gemini\antigravity\scratch\covoiturage\.tools\apache-tomcat-10.1.31\webapps\host-manager]
04-May-2026 23:12:19.104 INFOS [main] org.apache.catalina.startup.HostConfig.deployDirectory Le déploiement du répertoire [C:\Users\Ahmed Aziz\.gemini\antigravity\scratch\covoiturage\.tools\apache-tomcat-10.1.31\webapps\host-manager] de l'application web s'est terminé en [40] ms
04-May-2026 23:12:19.105 INFOS [main] org.apache.catalina.startup.HostConfig.deployDirectory Déploiement du répertoire d'application web [C:\Users\Ahmed Aziz\.gemini\antigravity\scratch\covoiturage\.tools\apache-tomcat-10.1.31\webapps\manager]
04-May-2026 23:12:19.142 INFOS [main] org.apache.catalina.startup.HostConfig.deployDirectory Le déploiement du répertoire [C:\Users\Ahmed Aziz\.gemini\antigravity\scratch\covoiturage\.tools\apache-tomcat-10.1.31\webapps\manager] de l'application web s'est terminé en [38] ms
04-May-2026 23:12:19.147 INFOS [main] org.apache.coyote.AbstractProtocol.start Démarrage du gestionnaire de protocole ["http-nio-8080"]
04-May-2026 23:12:19.170 INFOS [main] org.apache.catalina.startup.Catalina.start Le démarrage du serveur a pris [1739] millisecondes
04-May-2026 23:13:03.014 INFOS [Thread-2] org.apache.coyote.AbstractProtocol.pause Le gestionnaire de protocole ["http-nio-8080"] est mis en pause
04-May-2026 23:13:03.019 INFOS [Thread-2] org.apache.catalina.core.StandardService.stopInternal Arrêt du service [Catalina]
04-May-2026 23:13:03.024 AVERTISSEMENT [Thread-2] org.apache.catalina.loader.WebappClassLoaderBase.clearReferencesJdbc L'application web [ROOT] a enregistré un pilote JDBC [org.h2.Driver], mais ne l'a pas désenregistré avant l'arrêt de l'application.  Pour éviter une fuite de mémoire, le pilote JDBC a été désenregistré de force.
04-May-2026 23:13:03.035 INFOS [Thread-2] org.apache.coyote.AbstractProtocol.stop Arrêt du gestionnaire de protocole ["http-nio-8080"]
04-May-2026 23:13:03.044 INFOS [Thread-2] org.apache.coyote.AbstractProtocol.destroy Destruction du gestionnaire de protocole ["http-nio-8080"]
04-May-2026 23:13:14.163 INFOS [main] org.apache.catalina.startup.VersionLoggerListener.log Nom version serveur :              Apache Tomcat/10.1.31
04-May-2026 23:13:14.167 INFOS [main] org.apache.catalina.startup.VersionLoggerListener.log Serveur compilé :                  Oct 3 2024 19:02:38 UTC
04-May-2026 23:13:14.168 INFOS [main] org.apache.catalina.startup.VersionLoggerListener.log Version du serveur :               10.1.31.0
04-May-2026 23:13:14.169 INFOS [main] org.apache.catalina.startup.VersionLoggerListener.log Nom de l'OS :                      Windows 11
04-May-2026 23:13:14.170 INFOS [main] org.apache.catalina.startup.VersionLoggerListener.log Version OS :                       10.0
04-May-2026 23:13:14.170 INFOS [main] org.apache.catalina.startup.VersionLoggerListener.log Architecture :                     amd64
04-May-2026 23:13:14.170 INFOS [main] org.apache.catalina.startup.VersionLoggerListener.log Java Home :                        C:\Program Files\Eclipse Adoptium\jdk-21.0.10.7-hotspot
04-May-2026 23:13:14.170 INFOS [main] org.apache.catalina.startup.VersionLoggerListener.log Version JVM :                      21.0.10+7-LTS
04-May-2026 23:13:14.171 INFOS [main] org.apache.catalina.startup.VersionLoggerListener.log Fournisseur de la JVM :            Eclipse Adoptium
04-May-2026 23:13:14.171 INFOS [main] org.apache.catalina.startup.VersionLoggerListener.log CATALINA_BASE :                    C:\Users\Ahmed Aziz\.gemini\antigravity\scratch\covoiturage\.tools\apache-tomcat-10.1.31
04-May-2026 23:13:14.171 INFOS [main] org.apache.catalina.startup.VersionLoggerListener.log CATALINA_HOME :                    C:\Users\Ahmed Aziz\.gemini\antigravity\scratch\covoiturage\.tools\apache-tomcat-10.1.31
04-May-2026 23:13:14.181 INFOS [main] org.apache.catalina.startup.VersionLoggerListener.log Argument de la ligne de commande : -Djava.util.logging.config.file=c:\Users\Ahmed Aziz\.gemini\antigravity\scratch\covoiturage\.tools\apache-tomcat-10.1.31\conf\logging.properties
04-May-2026 23:13:14.181 INFOS [main] org.apache.catalina.startup.VersionLoggerListener.log Argument de la ligne de commande : -Djava.util.logging.manager=org.apache.juli.ClassLoaderLogManager
04-May-2026 23:13:14.182 INFOS [main] org.apache.catalina.startup.VersionLoggerListener.log Argument de la ligne de commande : -Djdk.tls.ephemeralDHKeySize=2048
04-May-2026 23:13:14.182 INFOS [main] org.apache.catalina.startup.VersionLoggerListener.log Argument de la ligne de commande : -Djava.protocol.handler.pkgs=org.apache.catalina.webresources
04-May-2026 23:13:14.182 INFOS [main] org.apache.catalina.startup.VersionLoggerListener.log Argument de la ligne de commande : --add-opens=java.base/java.lang=ALL-UNNAMED
04-May-2026 23:13:14.183 INFOS [main] org.apache.catalina.startup.VersionLoggerListener.log Argument de la ligne de commande : --add-opens=java.base/java.io=ALL-UNNAMED
04-May-2026 23:13:14.183 INFOS [main] org.apache.catalina.startup.VersionLoggerListener.log Argument de la ligne de commande : --add-opens=java.base/java.util=ALL-UNNAMED
04-May-2026 23:13:14.183 INFOS [main] org.apache.catalina.startup.VersionLoggerListener.log Argument de la ligne de commande : --add-opens=java.base/java.util.concurrent=ALL-UNNAMED
04-May-2026 23:13:14.183 INFOS [main] org.apache.catalina.startup.VersionLoggerListener.log Argument de la ligne de commande : --add-opens=java.rmi/sun.rmi.transport=ALL-UNNAMED
04-May-2026 23:13:14.184 INFOS [main] org.apache.catalina.startup.VersionLoggerListener.log Argument de la ligne de commande : -Dcatalina.base=c:\Users\Ahmed Aziz\.gemini\antigravity\scratch\covoiturage\.tools\apache-tomcat-10.1.31
04-May-2026 23:13:14.184 INFOS [main] org.apache.catalina.startup.VersionLoggerListener.log Argument de la ligne de commande : -Dcatalina.home=c:\Users\Ahmed Aziz\.gemini\antigravity\scratch\covoiturage\.tools\apache-tomcat-10.1.31
04-May-2026 23:13:14.184 INFOS [main] org.apache.catalina.startup.VersionLoggerListener.log Argument de la ligne de commande : -Djava.io.tmpdir=c:\Users\Ahmed Aziz\.gemini\antigravity\scratch\covoiturage\.tools\apache-tomcat-10.1.31\temp
04-May-2026 23:13:14.186 INFOS [main] org.apache.catalina.core.AprLifecycleListener.lifecycleEvent Chargement de la librairie Apache Tomcat Native [2.0.8] en utilisant APR version [1.7.4]
04-May-2026 23:13:14.191 INFOS [main] org.apache.catalina.core.AprLifecycleListener.initializeSSL OpenSSL a été initialisé avec succès [OpenSSL 3.0.14 4 Jun 2024]
04-May-2026 23:13:14.428 INFOS [main] org.apache.coyote.AbstractProtocol.init Initialisation du gestionnaire de protocole ["http-nio-8080"]
04-May-2026 23:13:14.456 INFOS [main] org.apache.catalina.startup.Catalina.load L'initialisation du serveur a pris [484] millisecondes
04-May-2026 23:13:14.520 INFOS [main] org.apache.catalina.core.StandardService.startInternal Démarrage du service [Catalina]
04-May-2026 23:13:14.520 INFOS [main] org.apache.catalina.core.StandardEngine.startInternal Démarrage du moteur de Servlets : [Apache Tomcat/10.1.31]
04-May-2026 23:13:14.544 INFOS [main] org.apache.catalina.startup.HostConfig.deployWAR Déploiement de l'archive [C:\Users\Ahmed Aziz\.gemini\antigravity\scratch\covoiturage\.tools\apache-tomcat-10.1.31\webapps\ROOT.war] de l'application web
04-May-2026 23:13:15.679 INFOS [main] org.apache.catalina.startup.HostConfig.deployWAR Le déploiement de l'archive de l'application web [C:\Users\Ahmed Aziz\.gemini\antigravity\scratch\covoiturage\.tools\apache-tomcat-10.1.31\webapps\ROOT.war] s'est terminé en [1 134] ms
04-May-2026 23:13:15.680 INFOS [main] org.apache.catalina.startup.HostConfig.deployDirectory Déploiement du répertoire d'application web [C:\Users\Ahmed Aziz\.gemini\antigravity\scratch\covoiturage\.tools\apache-tomcat-10.1.31\webapps\docs]
04-May-2026 23:13:15.738 INFOS [main] org.apache.catalina.startup.HostConfig.deployDirectory Le déploiement du répertoire [C:\Users\Ahmed Aziz\.gemini\antigravity\scratch\covoiturage\.tools\apache-tomcat-10.1.31\webapps\docs] de l'application web s'est terminé en [58] ms
04-May-2026 23:13:15.739 INFOS [main] org.apache.catalina.startup.HostConfig.deployDirectory Déploiement du répertoire d'application web [C:\Users\Ahmed Aziz\.gemini\antigravity\scratch\covoiturage\.tools\apache-tomcat-10.1.31\webapps\examples]
04-May-2026 23:13:16.095 INFOS [main] org.apache.catalina.startup.HostConfig.deployDirectory Le déploiement du répertoire [C:\Users\Ahmed Aziz\.gemini\antigravity\scratch\covoiturage\.tools\apache-tomcat-10.1.31\webapps\examples] de l'application web s'est terminé en [356] ms
04-May-2026 23:13:16.095 INFOS [main] org.apache.catalina.startup.HostConfig.deployDirectory Déploiement du répertoire d'application web [C:\Users\Ahmed Aziz\.gemini\antigravity\scratch\covoiturage\.tools\apache-tomcat-10.1.31\webapps\host-manager]
04-May-2026 23:13:16.132 INFOS [main] org.apache.catalina.startup.HostConfig.deployDirectory Le déploiement du répertoire [C:\Users\Ahmed Aziz\.gemini\antigravity\scratch\covoiturage\.tools\apache-tomcat-10.1.31\webapps\host-manager] de l'application web s'est terminé en [37] ms
04-May-2026 23:13:16.132 INFOS [main] org.apache.catalina.startup.HostConfig.deployDirectory Déploiement du répertoire d'application web [C:\Users\Ahmed Aziz\.gemini\antigravity\scratch\covoiturage\.tools\apache-tomcat-10.1.31\webapps\manager]
04-May-2026 23:13:16.166 INFOS [main] org.apache.catalina.startup.HostConfig.deployDirectory Le déploiement du répertoire [C:\Users\Ahmed Aziz\.gemini\antigravity\scratch\covoiturage\.tools\apache-tomcat-10.1.31\webapps\manager] de l'application web s'est terminé en [34] ms
04-May-2026 23:13:16.170 INFOS [main] org.apache.coyote.AbstractProtocol.start Démarrage du gestionnaire de protocole ["http-nio-8080"]
04-May-2026 23:13:16.188 INFOS [main] org.apache.catalina.startup.Catalina.start Le démarrage du serveur a pris [1730] millisecondes
04-May-2026 23:15:26.602 INFOS [Thread-2] org.apache.coyote.AbstractProtocol.pause Le gestionnaire de protocole ["http-nio-8080"] est mis en pause
04-May-2026 23:15:26.609 INFOS [Thread-2] org.apache.catalina.core.StandardService.stopInternal Arrêt du service [Catalina]
04-May-2026 23:15:26.613 AVERTISSEMENT [Thread-2] org.apache.catalina.loader.WebappClassLoaderBase.clearReferencesJdbc L'application web [ROOT] a enregistré un pilote JDBC [org.h2.Driver], mais ne l'a pas désenregistré avant l'arrêt de l'application.  Pour éviter une fuite de mémoire, le pilote JDBC a été désenregistré de force.
04-May-2026 23:15:26.623 INFOS [Thread-2] org.apache.coyote.AbstractProtocol.stop Arrêt du gestionnaire de protocole ["http-nio-8080"]
04-May-2026 23:15:26.635 INFOS [Thread-2] org.apache.coyote.AbstractProtocol.destroy Destruction du gestionnaire de protocole ["http-nio-8080"]
04-May-2026 23:15:37.497 INFOS [main] org.apache.catalina.startup.VersionLoggerListener.log Nom version serveur :              Apache Tomcat/10.1.31
04-May-2026 23:15:37.501 INFOS [main] org.apache.catalina.startup.VersionLoggerListener.log Serveur compilé :                  Oct 3 2024 19:02:38 UTC
04-May-2026 23:15:37.502 INFOS [main] org.apache.catalina.startup.VersionLoggerListener.log Version du serveur :               10.1.31.0
04-May-2026 23:15:37.502 INFOS [main] org.apache.catalina.startup.VersionLoggerListener.log Nom de l'OS :                      Windows 11
04-May-2026 23:15:37.502 INFOS [main] org.apache.catalina.startup.VersionLoggerListener.log Version OS :                       10.0
04-May-2026 23:15:37.502 INFOS [main] org.apache.catalina.startup.VersionLoggerListener.log Architecture :                     amd64
04-May-2026 23:15:37.503 INFOS [main] org.apache.catalina.startup.VersionLoggerListener.log Java Home :                        C:\Program Files\Eclipse Adoptium\jdk-21.0.10.7-hotspot
04-May-2026 23:15:37.503 INFOS [main] org.apache.catalina.startup.VersionLoggerListener.log Version JVM :                      21.0.10+7-LTS
04-May-2026 23:15:37.503 INFOS [main] org.apache.catalina.startup.VersionLoggerListener.log Fournisseur de la JVM :            Eclipse Adoptium
04-May-2026 23:15:37.503 INFOS [main] org.apache.catalina.startup.VersionLoggerListener.log CATALINA_BASE :                    C:\Users\Ahmed Aziz\.gemini\antigravity\scratch\covoiturage\.tools\apache-tomcat-10.1.31
04-May-2026 23:15:37.503 INFOS [main] org.apache.catalina.startup.VersionLoggerListener.log CATALINA_HOME :                    C:\Users\Ahmed Aziz\.gemini\antigravity\scratch\covoiturage\.tools\apache-tomcat-10.1.31
04-May-2026 23:15:37.512 INFOS [main] org.apache.catalina.startup.VersionLoggerListener.log Argument de la ligne de commande : -Djava.util.logging.config.file=c:\Users\Ahmed Aziz\.gemini\antigravity\scratch\covoiturage\.tools\apache-tomcat-10.1.31\conf\logging.properties
04-May-2026 23:15:37.513 INFOS [main] org.apache.catalina.startup.VersionLoggerListener.log Argument de la ligne de commande : -Djava.util.logging.manager=org.apache.juli.ClassLoaderLogManager
04-May-2026 23:15:37.513 INFOS [main] org.apache.catalina.startup.VersionLoggerListener.log Argument de la ligne de commande : -Djdk.tls.ephemeralDHKeySize=2048
04-May-2026 23:15:37.514 INFOS [main] org.apache.catalina.startup.VersionLoggerListener.log Argument de la ligne de commande : -Djava.protocol.handler.pkgs=org.apache.catalina.webresources
04-May-2026 23:15:37.514 INFOS [main] org.apache.catalina.startup.VersionLoggerListener.log Argument de la ligne de commande : --add-opens=java.base/java.lang=ALL-UNNAMED
04-May-2026 23:15:37.514 INFOS [main] org.apache.catalina.startup.VersionLoggerListener.log Argument de la ligne de commande : --add-opens=java.base/java.io=ALL-UNNAMED
04-May-2026 23:15:37.514 INFOS [main] org.apache.catalina.startup.VersionLoggerListener.log Argument de la ligne de commande : --add-opens=java.base/java.util=ALL-UNNAMED
04-May-2026 23:15:37.514 INFOS [main] org.apache.catalina.startup.VersionLoggerListener.log Argument de la ligne de commande : --add-opens=java.base/java.util.concurrent=ALL-UNNAMED
04-May-2026 23:15:37.515 INFOS [main] org.apache.catalina.startup.VersionLoggerListener.log Argument de la ligne de commande : --add-opens=java.rmi/sun.rmi.transport=ALL-UNNAMED
04-May-2026 23:15:37.515 INFOS [main] org.apache.catalina.startup.VersionLoggerListener.log Argument de la ligne de commande : -Dcatalina.base=c:\Users\Ahmed Aziz\.gemini\antigravity\scratch\covoiturage\.tools\apache-tomcat-10.1.31
04-May-2026 23:15:37.515 INFOS [main] org.apache.catalina.startup.VersionLoggerListener.log Argument de la ligne de commande : -Dcatalina.home=c:\Users\Ahmed Aziz\.gemini\antigravity\scratch\covoiturage\.tools\apache-tomcat-10.1.31
04-May-2026 23:15:37.515 INFOS [main] org.apache.catalina.startup.VersionLoggerListener.log Argument de la ligne de commande : -Djava.io.tmpdir=c:\Users\Ahmed Aziz\.gemini\antigravity\scratch\covoiturage\.tools\apache-tomcat-10.1.31\temp
04-May-2026 23:15:37.518 INFOS [main] org.apache.catalina.core.AprLifecycleListener.lifecycleEvent Chargement de la librairie Apache Tomcat Native [2.0.8] en utilisant APR version [1.7.4]
04-May-2026 23:15:37.521 INFOS [main] org.apache.catalina.core.AprLifecycleListener.initializeSSL OpenSSL a été initialisé avec succès [OpenSSL 3.0.14 4 Jun 2024]
04-May-2026 23:15:37.746 INFOS [main] org.apache.coyote.AbstractProtocol.init Initialisation du gestionnaire de protocole ["http-nio-8080"]
04-May-2026 23:15:37.769 INFOS [main] org.apache.catalina.startup.Catalina.load L'initialisation du serveur a pris [442] millisecondes
04-May-2026 23:15:37.826 INFOS [main] org.apache.catalina.core.StandardService.startInternal Démarrage du service [Catalina]
04-May-2026 23:15:37.827 INFOS [main] org.apache.catalina.core.StandardEngine.startInternal Démarrage du moteur de Servlets : [Apache Tomcat/10.1.31]
04-May-2026 23:15:37.844 INFOS [main] org.apache.catalina.startup.HostConfig.deployWAR Déploiement de l'archive [C:\Users\Ahmed Aziz\.gemini\antigravity\scratch\covoiturage\.tools\apache-tomcat-10.1.31\webapps\ROOT.war] de l'application web
04-May-2026 23:15:39.570 INFOS [main] org.apache.catalina.startup.HostConfig.deployWAR Le déploiement de l'archive de l'application web [C:\Users\Ahmed Aziz\.gemini\antigravity\scratch\covoiturage\.tools\apache-tomcat-10.1.31\webapps\ROOT.war] s'est terminé en [1 712] ms
04-May-2026 23:15:39.574 INFOS [main] org.apache.catalina.startup.HostConfig.deployDirectory Déploiement du répertoire d'application web [C:\Users\Ahmed Aziz\.gemini\antigravity\scratch\covoiturage\.tools\apache-tomcat-10.1.31\webapps\docs]
04-May-2026 23:15:39.769 INFOS [main] org.apache.catalina.startup.HostConfig.deployDirectory Le déploiement du répertoire [C:\Users\Ahmed Aziz\.gemini\antigravity\scratch\covoiturage\.tools\apache-tomcat-10.1.31\webapps\docs] de l'application web s'est terminé en [196] ms
04-May-2026 23:15:39.770 INFOS [main] org.apache.catalina.startup.HostConfig.deployDirectory Déploiement du répertoire d'application web [C:\Users\Ahmed Aziz\.gemini\antigravity\scratch\covoiturage\.tools\apache-tomcat-10.1.31\webapps\examples]
04-May-2026 23:15:41.155 INFOS [main] org.apache.catalina.startup.HostConfig.deployDirectory Le déploiement du répertoire [C:\Users\Ahmed Aziz\.gemini\antigravity\scratch\covoiturage\.tools\apache-tomcat-10.1.31\webapps\examples] de l'application web s'est terminé en [1 385] ms
04-May-2026 23:15:41.158 INFOS [main] org.apache.catalina.startup.HostConfig.deployDirectory Déploiement du répertoire d'application web [C:\Users\Ahmed Aziz\.gemini\antigravity\scratch\covoiturage\.tools\apache-tomcat-10.1.31\webapps\host-manager]
04-May-2026 23:15:41.323 INFOS [main] org.apache.catalina.startup.HostConfig.deployDirectory Le déploiement du répertoire [C:\Users\Ahmed Aziz\.gemini\antigravity\scratch\covoiturage\.tools\apache-tomcat-10.1.31\webapps\host-manager] de l'application web s'est terminé en [165] ms
04-May-2026 23:15:41.324 INFOS [main] org.apache.catalina.startup.HostConfig.deployDirectory Déploiement du répertoire d'application web [C:\Users\Ahmed Aziz\.gemini\antigravity\scratch\covoiturage\.tools\apache-tomcat-10.1.31\webapps\manager]
04-May-2026 23:15:41.542 INFOS [main] org.apache.catalina.startup.HostConfig.deployDirectory Le déploiement du répertoire [C:\Users\Ahmed Aziz\.gemini\antigravity\scratch\covoiturage\.tools\apache-tomcat-10.1.31\webapps\manager] de l'application web s'est terminé en [217] ms
04-May-2026 23:15:41.552 INFOS [main] org.apache.coyote.AbstractProtocol.start Démarrage du gestionnaire de protocole ["http-nio-8080"]
04-May-2026 23:15:41.600 INFOS [main] org.apache.catalina.startup.Catalina.start Le démarrage du serveur a pris [3829] millisecondes
04-May-2026 23:32:54.976 INFOS [Thread-2] org.apache.coyote.AbstractProtocol.pause Le gestionnaire de protocole ["http-nio-8080"] est mis en pause
04-May-2026 23:32:54.982 INFOS [Thread-2] org.apache.catalina.core.StandardService.stopInternal Arrêt du service [Catalina]
04-May-2026 23:32:54.986 AVERTISSEMENT [Thread-2] org.apache.catalina.loader.WebappClassLoaderBase.clearReferencesJdbc L'application web [ROOT] a enregistré un pilote JDBC [org.h2.Driver], mais ne l'a pas désenregistré avant l'arrêt de l'application.  Pour éviter une fuite de mémoire, le pilote JDBC a été désenregistré de force.
04-May-2026 23:32:55.004 INFOS [Thread-2] org.apache.coyote.AbstractProtocol.stop Arrêt du gestionnaire de protocole ["http-nio-8080"]
04-May-2026 23:32:55.008 INFOS [Thread-2] org.apache.coyote.AbstractProtocol.destroy Destruction du gestionnaire de protocole ["http-nio-8080"]
04-May-2026 23:33:06.258 INFOS [main] org.apache.catalina.startup.VersionLoggerListener.log Nom version serveur :              Apache Tomcat/10.1.31
04-May-2026 23:33:06.262 INFOS [main] org.apache.catalina.startup.VersionLoggerListener.log Serveur compilé :                  Oct 3 2024 19:02:38 UTC
04-May-2026 23:33:06.263 INFOS [main] org.apache.catalina.startup.VersionLoggerListener.log Version du serveur :               10.1.31.0
04-May-2026 23:33:06.263 INFOS [main] org.apache.catalina.startup.VersionLoggerListener.log Nom de l'OS :                      Windows 11
04-May-2026 23:33:06.263 INFOS [main] org.apache.catalina.startup.VersionLoggerListener.log Version OS :                       10.0
04-May-2026 23:33:06.263 INFOS [main] org.apache.catalina.startup.VersionLoggerListener.log Architecture :                     amd64
04-May-2026 23:33:06.264 INFOS [main] org.apache.catalina.startup.VersionLoggerListener.log Java Home :                        C:\Program Files\Eclipse Adoptium\jdk-21.0.10.7-hotspot
04-May-2026 23:33:06.264 INFOS [main] org.apache.catalina.startup.VersionLoggerListener.log Version JVM :                      21.0.10+7-LTS
04-May-2026 23:33:06.264 INFOS [main] org.apache.catalina.startup.VersionLoggerListener.log Fournisseur de la JVM :            Eclipse Adoptium
04-May-2026 23:33:06.264 INFOS [main] org.apache.catalina.startup.VersionLoggerListener.log CATALINA_BASE :                    C:\Users\Ahmed Aziz\.gemini\antigravity\scratch\covoiturage\.tools\apache-tomcat-10.1.31
04-May-2026 23:33:06.264 INFOS [main] org.apache.catalina.startup.VersionLoggerListener.log CATALINA_HOME :                    C:\Users\Ahmed Aziz\.gemini\antigravity\scratch\covoiturage\.tools\apache-tomcat-10.1.31
04-May-2026 23:33:06.274 INFOS [main] org.apache.catalina.startup.VersionLoggerListener.log Argument de la ligne de commande : -Djava.util.logging.config.file=c:\Users\Ahmed Aziz\.gemini\antigravity\scratch\covoiturage\.tools\apache-tomcat-10.1.31\conf\logging.properties
04-May-2026 23:33:06.274 INFOS [main] org.apache.catalina.startup.VersionLoggerListener.log Argument de la ligne de commande : -Djava.util.logging.manager=org.apache.juli.ClassLoaderLogManager
04-May-2026 23:33:06.274 INFOS [main] org.apache.catalina.startup.VersionLoggerListener.log Argument de la ligne de commande : -Djdk.tls.ephemeralDHKeySize=2048
04-May-2026 23:33:06.274 INFOS [main] org.apache.catalina.startup.VersionLoggerListener.log Argument de la ligne de commande : -Djava.protocol.handler.pkgs=org.apache.catalina.webresources
04-May-2026 23:33:06.275 INFOS [main] org.apache.catalina.startup.VersionLoggerListener.log Argument de la ligne de commande : --add-opens=java.base/java.lang=ALL-UNNAMED
04-May-2026 23:33:06.275 INFOS [main] org.apache.catalina.startup.VersionLoggerListener.log Argument de la ligne de commande : --add-opens=java.base/java.io=ALL-UNNAMED
04-May-2026 23:33:06.275 INFOS [main] org.apache.catalina.startup.VersionLoggerListener.log Argument de la ligne de commande : --add-opens=java.base/java.util=ALL-UNNAMED
04-May-2026 23:33:06.275 INFOS [main] org.apache.catalina.startup.VersionLoggerListener.log Argument de la ligne de commande : --add-opens=java.base/java.util.concurrent=ALL-UNNAMED
04-May-2026 23:33:06.275 INFOS [main] org.apache.catalina.startup.VersionLoggerListener.log Argument de la ligne de commande : --add-opens=java.rmi/sun.rmi.transport=ALL-UNNAMED
04-May-2026 23:33:06.275 INFOS [main] org.apache.catalina.startup.VersionLoggerListener.log Argument de la ligne de commande : -Dcatalina.base=c:\Users\Ahmed Aziz\.gemini\antigravity\scratch\covoiturage\.tools\apache-tomcat-10.1.31
04-May-2026 23:33:06.276 INFOS [main] org.apache.catalina.startup.VersionLoggerListener.log Argument de la ligne de commande : -Dcatalina.home=c:\Users\Ahmed Aziz\.gemini\antigravity\scratch\covoiturage\.tools\apache-tomcat-10.1.31
04-May-2026 23:33:06.276 INFOS [main] org.apache.catalina.startup.VersionLoggerListener.log Argument de la ligne de commande : -Djava.io.tmpdir=c:\Users\Ahmed Aziz\.gemini\antigravity\scratch\covoiturage\.tools\apache-tomcat-10.1.31\temp
04-May-2026 23:33:06.278 INFOS [main] org.apache.catalina.core.AprLifecycleListener.lifecycleEvent Chargement de la librairie Apache Tomcat Native [2.0.8] en utilisant APR version [1.7.4]
04-May-2026 23:33:06.282 INFOS [main] org.apache.catalina.core.AprLifecycleListener.initializeSSL OpenSSL a été initialisé avec succès [OpenSSL 3.0.14 4 Jun 2024]
04-May-2026 23:33:06.500 INFOS [main] org.apache.coyote.AbstractProtocol.init Initialisation du gestionnaire de protocole ["http-nio-8080"]
04-May-2026 23:33:06.526 INFOS [main] org.apache.catalina.startup.Catalina.load L'initialisation du serveur a pris [436] millisecondes
04-May-2026 23:33:06.591 INFOS [main] org.apache.catalina.core.StandardService.startInternal Démarrage du service [Catalina]
04-May-2026 23:33:06.591 INFOS [main] org.apache.catalina.core.StandardEngine.startInternal Démarrage du moteur de Servlets : [Apache Tomcat/10.1.31]
04-May-2026 23:33:06.610 INFOS [main] org.apache.catalina.startup.HostConfig.deployWAR Déploiement de l'archive [C:\Users\Ahmed Aziz\.gemini\antigravity\scratch\covoiturage\.tools\apache-tomcat-10.1.31\webapps\ROOT.war] de l'application web
04-May-2026 23:33:07.863 INFOS [main] org.apache.catalina.startup.HostConfig.deployWAR Le déploiement de l'archive de l'application web [C:\Users\Ahmed Aziz\.gemini\antigravity\scratch\covoiturage\.tools\apache-tomcat-10.1.31\webapps\ROOT.war] s'est terminé en [1 250] ms
04-May-2026 23:33:07.864 INFOS [main] org.apache.catalina.startup.HostConfig.deployDirectory Déploiement du répertoire d'application web [C:\Users\Ahmed Aziz\.gemini\antigravity\scratch\covoiturage\.tools\apache-tomcat-10.1.31\webapps\docs]
04-May-2026 23:33:07.908 INFOS [main] org.apache.catalina.startup.HostConfig.deployDirectory Le déploiement du répertoire [C:\Users\Ahmed Aziz\.gemini\antigravity\scratch\covoiturage\.tools\apache-tomcat-10.1.31\webapps\docs] de l'application web s'est terminé en [44] ms
04-May-2026 23:33:07.908 INFOS [main] org.apache.catalina.startup.HostConfig.deployDirectory Déploiement du répertoire d'application web [C:\Users\Ahmed Aziz\.gemini\antigravity\scratch\covoiturage\.tools\apache-tomcat-10.1.31\webapps\examples]
04-May-2026 23:33:08.290 INFOS [main] org.apache.catalina.startup.HostConfig.deployDirectory Le déploiement du répertoire [C:\Users\Ahmed Aziz\.gemini\antigravity\scratch\covoiturage\.tools\apache-tomcat-10.1.31\webapps\examples] de l'application web s'est terminé en [382] ms
04-May-2026 23:33:08.291 INFOS [main] org.apache.catalina.startup.HostConfig.deployDirectory Déploiement du répertoire d'application web [C:\Users\Ahmed Aziz\.gemini\antigravity\scratch\covoiturage\.tools\apache-tomcat-10.1.31\webapps\host-manager]
04-May-2026 23:33:08.343 INFOS [main] org.apache.catalina.startup.HostConfig.deployDirectory Le déploiement du répertoire [C:\Users\Ahmed Aziz\.gemini\antigravity\scratch\covoiturage\.tools\apache-tomcat-10.1.31\webapps\host-manager] de l'application web s'est terminé en [52] ms
04-May-2026 23:33:08.345 INFOS [main] org.apache.catalina.startup.HostConfig.deployDirectory Déploiement du répertoire d'application web [C:\Users\Ahmed Aziz\.gemini\antigravity\scratch\covoiturage\.tools\apache-tomcat-10.1.31\webapps\manager]
04-May-2026 23:33:08.392 INFOS [main] org.apache.catalina.startup.HostConfig.deployDirectory Le déploiement du répertoire [C:\Users\Ahmed Aziz\.gemini\antigravity\scratch\covoiturage\.tools\apache-tomcat-10.1.31\webapps\manager] de l'application web s'est terminé en [48] ms
04-May-2026 23:33:08.398 INFOS [main] org.apache.coyote.AbstractProtocol.start Démarrage du gestionnaire de protocole ["http-nio-8080"]
04-May-2026 23:33:08.435 INFOS [main] org.apache.catalina.startup.Catalina.start Le démarrage du serveur a pris [1906] millisecondes
04-May-2026 23:35:33.398 INFOS [Thread-2] org.apache.coyote.AbstractProtocol.pause Le gestionnaire de protocole ["http-nio-8080"] est mis en pause
04-May-2026 23:35:33.403 INFOS [Thread-2] org.apache.catalina.core.StandardService.stopInternal Arrêt du service [Catalina]
04-May-2026 23:35:33.409 AVERTISSEMENT [Thread-2] org.apache.catalina.loader.WebappClassLoaderBase.clearReferencesJdbc L'application web [ROOT] a enregistré un pilote JDBC [org.h2.Driver], mais ne l'a pas désenregistré avant l'arrêt de l'application.  Pour éviter une fuite de mémoire, le pilote JDBC a été désenregistré de force.
04-May-2026 23:35:33.423 INFOS [Thread-2] org.apache.coyote.AbstractProtocol.stop Arrêt du gestionnaire de protocole ["http-nio-8080"]
04-May-2026 23:35:33.437 INFOS [Thread-2] org.apache.coyote.AbstractProtocol.destroy Destruction du gestionnaire de protocole ["http-nio-8080"]
04-May-2026 23:35:51.710 INFOS [main] org.apache.catalina.startup.VersionLoggerListener.log Nom version serveur :              Apache Tomcat/10.1.31
04-May-2026 23:35:51.715 INFOS [main] org.apache.catalina.startup.VersionLoggerListener.log Serveur compilé :                  Oct 3 2024 19:02:38 UTC
04-May-2026 23:35:51.717 INFOS [main] org.apache.catalina.startup.VersionLoggerListener.log Version du serveur :               10.1.31.0
04-May-2026 23:35:51.717 INFOS [main] org.apache.catalina.startup.VersionLoggerListener.log Nom de l'OS :                      Windows 11
04-May-2026 23:35:51.718 INFOS [main] org.apache.catalina.startup.VersionLoggerListener.log Version OS :                       10.0
04-May-2026 23:35:51.718 INFOS [main] org.apache.catalina.startup.VersionLoggerListener.log Architecture :                     amd64
04-May-2026 23:35:51.718 INFOS [main] org.apache.catalina.startup.VersionLoggerListener.log Java Home :                        C:\Program Files\Eclipse Adoptium\jdk-21.0.10.7-hotspot
04-May-2026 23:35:51.718 INFOS [main] org.apache.catalina.startup.VersionLoggerListener.log Version JVM :                      21.0.10+7-LTS
04-May-2026 23:35:51.719 INFOS [main] org.apache.catalina.startup.VersionLoggerListener.log Fournisseur de la JVM :            Eclipse Adoptium
04-May-2026 23:35:51.719 INFOS [main] org.apache.catalina.startup.VersionLoggerListener.log CATALINA_BASE :                    C:\Users\Ahmed Aziz\.gemini\antigravity\scratch\covoiturage\.tools\apache-tomcat-10.1.31
04-May-2026 23:35:51.719 INFOS [main] org.apache.catalina.startup.VersionLoggerListener.log CATALINA_HOME :                    C:\Users\Ahmed Aziz\.gemini\antigravity\scratch\covoiturage\.tools\apache-tomcat-10.1.31
04-May-2026 23:35:51.729 INFOS [main] org.apache.catalina.startup.VersionLoggerListener.log Argument de la ligne de commande : -Djava.util.logging.config.file=c:\Users\Ahmed Aziz\.gemini\antigravity\scratch\covoiturage\.tools\apache-tomcat-10.1.31\conf\logging.properties
04-May-2026 23:35:51.730 INFOS [main] org.apache.catalina.startup.VersionLoggerListener.log Argument de la ligne de commande : -Djava.util.logging.manager=org.apache.juli.ClassLoaderLogManager
04-May-2026 23:35:51.730 INFOS [main] org.apache.catalina.startup.VersionLoggerListener.log Argument de la ligne de commande : -Djdk.tls.ephemeralDHKeySize=2048
04-May-2026 23:35:51.730 INFOS [main] org.apache.catalina.startup.VersionLoggerListener.log Argument de la ligne de commande : -Djava.protocol.handler.pkgs=org.apache.catalina.webresources
04-May-2026 23:35:51.731 INFOS [main] org.apache.catalina.startup.VersionLoggerListener.log Argument de la ligne de commande : --add-opens=java.base/java.lang=ALL-UNNAMED
04-May-2026 23:35:51.731 INFOS [main] org.apache.catalina.startup.VersionLoggerListener.log Argument de la ligne de commande : --add-opens=java.base/java.io=ALL-UNNAMED
04-May-2026 23:35:51.731 INFOS [main] org.apache.catalina.startup.VersionLoggerListener.log Argument de la ligne de commande : --add-opens=java.base/java.util=ALL-UNNAMED
04-May-2026 23:35:51.731 INFOS [main] org.apache.catalina.startup.VersionLoggerListener.log Argument de la ligne de commande : --add-opens=java.base/java.util.concurrent=ALL-UNNAMED
04-May-2026 23:35:51.731 INFOS [main] org.apache.catalina.startup.VersionLoggerListener.log Argument de la ligne de commande : --add-opens=java.rmi/sun.rmi.transport=ALL-UNNAMED
04-May-2026 23:35:51.732 INFOS [main] org.apache.catalina.startup.VersionLoggerListener.log Argument de la ligne de commande : -Dcatalina.base=c:\Users\Ahmed Aziz\.gemini\antigravity\scratch\covoiturage\.tools\apache-tomcat-10.1.31
04-May-2026 23:35:51.732 INFOS [main] org.apache.catalina.startup.VersionLoggerListener.log Argument de la ligne de commande : -Dcatalina.home=c:\Users\Ahmed Aziz\.gemini\antigravity\scratch\covoiturage\.tools\apache-tomcat-10.1.31
04-May-2026 23:35:51.732 INFOS [main] org.apache.catalina.startup.VersionLoggerListener.log Argument de la ligne de commande : -Djava.io.tmpdir=c:\Users\Ahmed Aziz\.gemini\antigravity\scratch\covoiturage\.tools\apache-tomcat-10.1.31\temp
04-May-2026 23:35:51.735 INFOS [main] org.apache.catalina.core.AprLifecycleListener.lifecycleEvent Chargement de la librairie Apache Tomcat Native [2.0.8] en utilisant APR version [1.7.4]
04-May-2026 23:35:51.739 INFOS [main] org.apache.catalina.core.AprLifecycleListener.initializeSSL OpenSSL a été initialisé avec succès [OpenSSL 3.0.14 4 Jun 2024]
04-May-2026 23:35:51.946 INFOS [main] org.apache.coyote.AbstractProtocol.init Initialisation du gestionnaire de protocole ["http-nio-8080"]
04-May-2026 23:35:51.969 INFOS [main] org.apache.catalina.startup.Catalina.load L'initialisation du serveur a pris [431] millisecondes
04-May-2026 23:35:52.030 INFOS [main] org.apache.catalina.core.StandardService.startInternal Démarrage du service [Catalina]
04-May-2026 23:35:52.030 INFOS [main] org.apache.catalina.core.StandardEngine.startInternal Démarrage du moteur de Servlets : [Apache Tomcat/10.1.31]
04-May-2026 23:35:52.052 INFOS [main] org.apache.catalina.startup.HostConfig.deployWAR Déploiement de l'archive [C:\Users\Ahmed Aziz\.gemini\antigravity\scratch\covoiturage\.tools\apache-tomcat-10.1.31\webapps\ROOT.war] de l'application web
04-May-2026 23:35:53.223 INFOS [main] org.apache.catalina.startup.HostConfig.deployWAR Le déploiement de l'archive de l'application web [C:\Users\Ahmed Aziz\.gemini\antigravity\scratch\covoiturage\.tools\apache-tomcat-10.1.31\webapps\ROOT.war] s'est terminé en [1 168] ms
04-May-2026 23:35:53.225 INFOS [main] org.apache.catalina.startup.HostConfig.deployDirectory Déploiement du répertoire d'application web [C:\Users\Ahmed Aziz\.gemini\antigravity\scratch\covoiturage\.tools\apache-tomcat-10.1.31\webapps\docs]
04-May-2026 23:35:53.267 INFOS [main] org.apache.catalina.startup.HostConfig.deployDirectory Le déploiement du répertoire [C:\Users\Ahmed Aziz\.gemini\antigravity\scratch\covoiturage\.tools\apache-tomcat-10.1.31\webapps\docs] de l'application web s'est terminé en [42] ms
04-May-2026 23:35:53.268 INFOS [main] org.apache.catalina.startup.HostConfig.deployDirectory Déploiement du répertoire d'application web [C:\Users\Ahmed Aziz\.gemini\antigravity\scratch\covoiturage\.tools\apache-tomcat-10.1.31\webapps\examples]
04-May-2026 23:35:53.609 INFOS [main] org.apache.catalina.startup.HostConfig.deployDirectory Le déploiement du répertoire [C:\Users\Ahmed Aziz\.gemini\antigravity\scratch\covoiturage\.tools\apache-tomcat-10.1.31\webapps\examples] de l'application web s'est terminé en [341] ms
04-May-2026 23:35:53.609 INFOS [main] org.apache.catalina.startup.HostConfig.deployDirectory Déploiement du répertoire d'application web [C:\Users\Ahmed Aziz\.gemini\antigravity\scratch\covoiturage\.tools\apache-tomcat-10.1.31\webapps\host-manager]
04-May-2026 23:35:53.649 INFOS [main] org.apache.catalina.startup.HostConfig.deployDirectory Le déploiement du répertoire [C:\Users\Ahmed Aziz\.gemini\antigravity\scratch\covoiturage\.tools\apache-tomcat-10.1.31\webapps\host-manager] de l'application web s'est terminé en [39] ms
04-May-2026 23:35:53.649 INFOS [main] org.apache.catalina.startup.HostConfig.deployDirectory Déploiement du répertoire d'application web [C:\Users\Ahmed Aziz\.gemini\antigravity\scratch\covoiturage\.tools\apache-tomcat-10.1.31\webapps\manager]
04-May-2026 23:35:53.687 INFOS [main] org.apache.catalina.startup.HostConfig.deployDirectory Le déploiement du répertoire [C:\Users\Ahmed Aziz\.gemini\antigravity\scratch\covoiturage\.tools\apache-tomcat-10.1.31\webapps\manager] de l'application web s'est terminé en [37] ms
04-May-2026 23:35:53.694 INFOS [main] org.apache.coyote.AbstractProtocol.start Démarrage du gestionnaire de protocole ["http-nio-8080"]
04-May-2026 23:35:53.724 INFOS [main] org.apache.catalina.startup.Catalina.start Le démarrage du serveur a pris [1752] millisecondes
04-May-2026 23:41:45.402 INFOS [Thread-2] org.apache.coyote.AbstractProtocol.pause Le gestionnaire de protocole ["http-nio-8080"] est mis en pause
04-May-2026 23:41:45.410 INFOS [Thread-2] org.apache.catalina.core.StandardService.stopInternal Arrêt du service [Catalina]
04-May-2026 23:41:45.415 AVERTISSEMENT [Thread-2] org.apache.catalina.loader.WebappClassLoaderBase.clearReferencesJdbc L'application web [ROOT] a enregistré un pilote JDBC [org.h2.Driver], mais ne l'a pas désenregistré avant l'arrêt de l'application.  Pour éviter une fuite de mémoire, le pilote JDBC a été désenregistré de force.
04-May-2026 23:41:45.429 INFOS [Thread-2] org.apache.coyote.AbstractProtocol.stop Arrêt du gestionnaire de protocole ["http-nio-8080"]
04-May-2026 23:41:45.434 INFOS [Thread-2] org.apache.coyote.AbstractProtocol.destroy Destruction du gestionnaire de protocole ["http-nio-8080"]
04-May-2026 23:41:53.766 INFOS [main] org.apache.catalina.startup.VersionLoggerListener.log Nom version serveur :              Apache Tomcat/10.1.31
04-May-2026 23:41:53.770 INFOS [main] org.apache.catalina.startup.VersionLoggerListener.log Serveur compilé :                  Oct 3 2024 19:02:38 UTC
04-May-2026 23:41:53.771 INFOS [main] org.apache.catalina.startup.VersionLoggerListener.log Version du serveur :               10.1.31.0
04-May-2026 23:41:53.771 INFOS [main] org.apache.catalina.startup.VersionLoggerListener.log Nom de l'OS :                      Windows 11
04-May-2026 23:41:53.772 INFOS [main] org.apache.catalina.startup.VersionLoggerListener.log Version OS :                       10.0
04-May-2026 23:41:53.772 INFOS [main] org.apache.catalina.startup.VersionLoggerListener.log Architecture :                     amd64
04-May-2026 23:41:53.772 INFOS [main] org.apache.catalina.startup.VersionLoggerListener.log Java Home :                        C:\Program Files\Eclipse Adoptium\jdk-21.0.10.7-hotspot
04-May-2026 23:41:53.772 INFOS [main] org.apache.catalina.startup.VersionLoggerListener.log Version JVM :                      21.0.10+7-LTS
04-May-2026 23:41:53.772 INFOS [main] org.apache.catalina.startup.VersionLoggerListener.log Fournisseur de la JVM :            Eclipse Adoptium
04-May-2026 23:41:53.772 INFOS [main] org.apache.catalina.startup.VersionLoggerListener.log CATALINA_BASE :                    C:\Users\Ahmed Aziz\.gemini\antigravity\scratch\covoiturage\.tools\apache-tomcat-10.1.31
04-May-2026 23:41:53.773 INFOS [main] org.apache.catalina.startup.VersionLoggerListener.log CATALINA_HOME :                    C:\Users\Ahmed Aziz\.gemini\antigravity\scratch\covoiturage\.tools\apache-tomcat-10.1.31
04-May-2026 23:41:53.782 INFOS [main] org.apache.catalina.startup.VersionLoggerListener.log Argument de la ligne de commande : -Djava.util.logging.config.file=c:\Users\Ahmed Aziz\.gemini\antigravity\scratch\covoiturage\.tools\apache-tomcat-10.1.31\conf\logging.properties
04-May-2026 23:41:53.782 INFOS [main] org.apache.catalina.startup.VersionLoggerListener.log Argument de la ligne de commande : -Djava.util.logging.manager=org.apache.juli.ClassLoaderLogManager
04-May-2026 23:41:53.783 INFOS [main] org.apache.catalina.startup.VersionLoggerListener.log Argument de la ligne de commande : -Djdk.tls.ephemeralDHKeySize=2048
04-May-2026 23:41:53.783 INFOS [main] org.apache.catalina.startup.VersionLoggerListener.log Argument de la ligne de commande : -Djava.protocol.handler.pkgs=org.apache.catalina.webresources
04-May-2026 23:41:53.783 INFOS [main] org.apache.catalina.startup.VersionLoggerListener.log Argument de la ligne de commande : --add-opens=java.base/java.lang=ALL-UNNAMED
04-May-2026 23:41:53.783 INFOS [main] org.apache.catalina.startup.VersionLoggerListener.log Argument de la ligne de commande : --add-opens=java.base/java.io=ALL-UNNAMED
04-May-2026 23:41:53.784 INFOS [main] org.apache.catalina.startup.VersionLoggerListener.log Argument de la ligne de commande : --add-opens=java.base/java.util=ALL-UNNAMED
04-May-2026 23:41:53.784 INFOS [main] org.apache.catalina.startup.VersionLoggerListener.log Argument de la ligne de commande : --add-opens=java.base/java.util.concurrent=ALL-UNNAMED
04-May-2026 23:41:53.784 INFOS [main] org.apache.catalina.startup.VersionLoggerListener.log Argument de la ligne de commande : --add-opens=java.rmi/sun.rmi.transport=ALL-UNNAMED
04-May-2026 23:41:53.784 INFOS [main] org.apache.catalina.startup.VersionLoggerListener.log Argument de la ligne de commande : -Dcatalina.base=c:\Users\Ahmed Aziz\.gemini\antigravity\scratch\covoiturage\.tools\apache-tomcat-10.1.31
04-May-2026 23:41:53.784 INFOS [main] org.apache.catalina.startup.VersionLoggerListener.log Argument de la ligne de commande : -Dcatalina.home=c:\Users\Ahmed Aziz\.gemini\antigravity\scratch\covoiturage\.tools\apache-tomcat-10.1.31
04-May-2026 23:41:53.784 INFOS [main] org.apache.catalina.startup.VersionLoggerListener.log Argument de la ligne de commande : -Djava.io.tmpdir=c:\Users\Ahmed Aziz\.gemini\antigravity\scratch\covoiturage\.tools\apache-tomcat-10.1.31\temp
04-May-2026 23:41:53.787 INFOS [main] org.apache.catalina.core.AprLifecycleListener.lifecycleEvent Chargement de la librairie Apache Tomcat Native [2.0.8] en utilisant APR version [1.7.4]
04-May-2026 23:41:53.791 INFOS [main] org.apache.catalina.core.AprLifecycleListener.initializeSSL OpenSSL a été initialisé avec succès [OpenSSL 3.0.14 4 Jun 2024]
04-May-2026 23:41:54.007 INFOS [main] org.apache.coyote.AbstractProtocol.init Initialisation du gestionnaire de protocole ["http-nio-8080"]
04-May-2026 23:41:54.038 INFOS [main] org.apache.catalina.startup.Catalina.load L'initialisation du serveur a pris [433] millisecondes
04-May-2026 23:41:54.097 INFOS [main] org.apache.catalina.core.StandardService.startInternal Démarrage du service [Catalina]
04-May-2026 23:41:54.097 INFOS [main] org.apache.catalina.core.StandardEngine.startInternal Démarrage du moteur de Servlets : [Apache Tomcat/10.1.31]
04-May-2026 23:41:54.116 INFOS [main] org.apache.catalina.startup.HostConfig.deployWAR Déploiement de l'archive [C:\Users\Ahmed Aziz\.gemini\antigravity\scratch\covoiturage\.tools\apache-tomcat-10.1.31\webapps\ROOT.war] de l'application web
04-May-2026 23:41:55.252 INFOS [main] org.apache.catalina.startup.HostConfig.deployWAR Le déploiement de l'archive de l'application web [C:\Users\Ahmed Aziz\.gemini\antigravity\scratch\covoiturage\.tools\apache-tomcat-10.1.31\webapps\ROOT.war] s'est terminé en [1 134] ms
04-May-2026 23:41:55.252 INFOS [main] org.apache.catalina.startup.HostConfig.deployDirectory Déploiement du répertoire d'application web [C:\Users\Ahmed Aziz\.gemini\antigravity\scratch\covoiturage\.tools\apache-tomcat-10.1.31\webapps\docs]
04-May-2026 23:41:55.307 INFOS [main] org.apache.catalina.startup.HostConfig.deployDirectory Le déploiement du répertoire [C:\Users\Ahmed Aziz\.gemini\antigravity\scratch\covoiturage\.tools\apache-tomcat-10.1.31\webapps\docs] de l'application web s'est terminé en [55] ms
04-May-2026 23:41:55.308 INFOS [main] org.apache.catalina.startup.HostConfig.deployDirectory Déploiement du répertoire d'application web [C:\Users\Ahmed Aziz\.gemini\antigravity\scratch\covoiturage\.tools\apache-tomcat-10.1.31\webapps\examples]
04-May-2026 23:41:55.658 INFOS [main] org.apache.catalina.startup.HostConfig.deployDirectory Le déploiement du répertoire [C:\Users\Ahmed Aziz\.gemini\antigravity\scratch\covoiturage\.tools\apache-tomcat-10.1.31\webapps\examples] de l'application web s'est terminé en [351] ms
04-May-2026 23:41:55.659 INFOS [main] org.apache.catalina.startup.HostConfig.deployDirectory Déploiement du répertoire d'application web [C:\Users\Ahmed Aziz\.gemini\antigravity\scratch\covoiturage\.tools\apache-tomcat-10.1.31\webapps\host-manager]
04-May-2026 23:41:55.701 INFOS [main] org.apache.catalina.startup.HostConfig.deployDirectory Le déploiement du répertoire [C:\Users\Ahmed Aziz\.gemini\antigravity\scratch\covoiturage\.tools\apache-tomcat-10.1.31\webapps\host-manager] de l'application web s'est terminé en [42] ms
04-May-2026 23:41:55.701 INFOS [main] org.apache.catalina.startup.HostConfig.deployDirectory Déploiement du répertoire d'application web [C:\Users\Ahmed Aziz\.gemini\antigravity\scratch\covoiturage\.tools\apache-tomcat-10.1.31\webapps\manager]
04-May-2026 23:41:55.741 INFOS [main] org.apache.catalina.startup.HostConfig.deployDirectory Le déploiement du répertoire [C:\Users\Ahmed Aziz\.gemini\antigravity\scratch\covoiturage\.tools\apache-tomcat-10.1.31\webapps\manager] de l'application web s'est terminé en [40] ms
04-May-2026 23:41:55.746 INFOS [main] org.apache.coyote.AbstractProtocol.start Démarrage du gestionnaire de protocole ["http-nio-8080"]
04-May-2026 23:41:55.766 INFOS [main] org.apache.catalina.startup.Catalina.start Le démarrage du serveur a pris [1726] millisecondes
04-May-2026 23:44:15.356 INFOS [Thread-2] org.apache.coyote.AbstractProtocol.pause Le gestionnaire de protocole ["http-nio-8080"] est mis en pause
04-May-2026 23:44:15.366 INFOS [Thread-2] org.apache.catalina.core.StandardService.stopInternal Arrêt du service [Catalina]
04-May-2026 23:44:15.373 AVERTISSEMENT [Thread-2] org.apache.catalina.loader.WebappClassLoaderBase.clearReferencesJdbc L'application web [ROOT] a enregistré un pilote JDBC [org.h2.Driver], mais ne l'a pas désenregistré avant l'arrêt de l'application.  Pour éviter une fuite de mémoire, le pilote JDBC a été désenregistré de force.
04-May-2026 23:44:15.389 INFOS [Thread-2] org.apache.coyote.AbstractProtocol.stop Arrêt du gestionnaire de protocole ["http-nio-8080"]
04-May-2026 23:44:15.402 INFOS [Thread-2] org.apache.coyote.AbstractProtocol.destroy Destruction du gestionnaire de protocole ["http-nio-8080"]
04-May-2026 23:44:23.483 INFOS [main] org.apache.catalina.startup.VersionLoggerListener.log Nom version serveur :              Apache Tomcat/10.1.31
04-May-2026 23:44:23.488 INFOS [main] org.apache.catalina.startup.VersionLoggerListener.log Serveur compilé :                  Oct 3 2024 19:02:38 UTC
04-May-2026 23:44:23.488 INFOS [main] org.apache.catalina.startup.VersionLoggerListener.log Version du serveur :               10.1.31.0
04-May-2026 23:44:23.489 INFOS [main] org.apache.catalina.startup.VersionLoggerListener.log Nom de l'OS :                      Windows 11
04-May-2026 23:44:23.489 INFOS [main] org.apache.catalina.startup.VersionLoggerListener.log Version OS :                       10.0
04-May-2026 23:44:23.490 INFOS [main] org.apache.catalina.startup.VersionLoggerListener.log Architecture :                     amd64
04-May-2026 23:44:23.490 INFOS [main] org.apache.catalina.startup.VersionLoggerListener.log Java Home :                        C:\Program Files\Eclipse Adoptium\jdk-21.0.10.7-hotspot
04-May-2026 23:44:23.491 INFOS [main] org.apache.catalina.startup.VersionLoggerListener.log Version JVM :                      21.0.10+7-LTS
04-May-2026 23:44:23.491 INFOS [main] org.apache.catalina.startup.VersionLoggerListener.log Fournisseur de la JVM :            Eclipse Adoptium
04-May-2026 23:44:23.492 INFOS [main] org.apache.catalina.startup.VersionLoggerListener.log CATALINA_BASE :                    C:\Users\Ahmed Aziz\.gemini\antigravity\scratch\covoiturage\.tools\apache-tomcat-10.1.31
04-May-2026 23:44:23.492 INFOS [main] org.apache.catalina.startup.VersionLoggerListener.log CATALINA_HOME :                    C:\Users\Ahmed Aziz\.gemini\antigravity\scratch\covoiturage\.tools\apache-tomcat-10.1.31
04-May-2026 23:44:23.502 INFOS [main] org.apache.catalina.startup.VersionLoggerListener.log Argument de la ligne de commande : -Djava.util.logging.config.file=c:\Users\Ahmed Aziz\.gemini\antigravity\scratch\covoiturage\.tools\apache-tomcat-10.1.31\conf\logging.properties
04-May-2026 23:44:23.503 INFOS [main] org.apache.catalina.startup.VersionLoggerListener.log Argument de la ligne de commande : -Djava.util.logging.manager=org.apache.juli.ClassLoaderLogManager
04-May-2026 23:44:23.503 INFOS [main] org.apache.catalina.startup.VersionLoggerListener.log Argument de la ligne de commande : -Djdk.tls.ephemeralDHKeySize=2048
04-May-2026 23:44:23.503 INFOS [main] org.apache.catalina.startup.VersionLoggerListener.log Argument de la ligne de commande : -Djava.protocol.handler.pkgs=org.apache.catalina.webresources
04-May-2026 23:44:23.503 INFOS [main] org.apache.catalina.startup.VersionLoggerListener.log Argument de la ligne de commande : --add-opens=java.base/java.lang=ALL-UNNAMED
04-May-2026 23:44:23.503 INFOS [main] org.apache.catalina.startup.VersionLoggerListener.log Argument de la ligne de commande : --add-opens=java.base/java.io=ALL-UNNAMED
04-May-2026 23:44:23.504 INFOS [main] org.apache.catalina.startup.VersionLoggerListener.log Argument de la ligne de commande : --add-opens=java.base/java.util=ALL-UNNAMED
04-May-2026 23:44:23.504 INFOS [main] org.apache.catalina.startup.VersionLoggerListener.log Argument de la ligne de commande : --add-opens=java.base/java.util.concurrent=ALL-UNNAMED
04-May-2026 23:44:23.504 INFOS [main] org.apache.catalina.startup.VersionLoggerListener.log Argument de la ligne de commande : --add-opens=java.rmi/sun.rmi.transport=ALL-UNNAMED
04-May-2026 23:44:23.505 INFOS [main] org.apache.catalina.startup.VersionLoggerListener.log Argument de la ligne de commande : -Dcatalina.base=c:\Users\Ahmed Aziz\.gemini\antigravity\scratch\covoiturage\.tools\apache-tomcat-10.1.31
04-May-2026 23:44:23.505 INFOS [main] org.apache.catalina.startup.VersionLoggerListener.log Argument de la ligne de commande : -Dcatalina.home=c:\Users\Ahmed Aziz\.gemini\antigravity\scratch\covoiturage\.tools\apache-tomcat-10.1.31
04-May-2026 23:44:23.505 INFOS [main] org.apache.catalina.startup.VersionLoggerListener.log Argument de la ligne de commande : -Djava.io.tmpdir=c:\Users\Ahmed Aziz\.gemini\antigravity\scratch\covoiturage\.tools\apache-tomcat-10.1.31\temp
04-May-2026 23:44:23.507 INFOS [main] org.apache.catalina.core.AprLifecycleListener.lifecycleEvent Chargement de la librairie Apache Tomcat Native [2.0.8] en utilisant APR version [1.7.4]
04-May-2026 23:44:23.512 INFOS [main] org.apache.catalina.core.AprLifecycleListener.initializeSSL OpenSSL a été initialisé avec succès [OpenSSL 3.0.14 4 Jun 2024]
04-May-2026 23:44:23.727 INFOS [main] org.apache.coyote.AbstractProtocol.init Initialisation du gestionnaire de protocole ["http-nio-8080"]
04-May-2026 23:44:23.756 INFOS [main] org.apache.catalina.startup.Catalina.load L'initialisation du serveur a pris [439] millisecondes
04-May-2026 23:44:23.804 INFOS [main] org.apache.catalina.core.StandardService.startInternal Démarrage du service [Catalina]
04-May-2026 23:44:23.804 INFOS [main] org.apache.catalina.core.StandardEngine.startInternal Démarrage du moteur de Servlets : [Apache Tomcat/10.1.31]
04-May-2026 23:44:23.822 INFOS [main] org.apache.catalina.startup.HostConfig.deployWAR Déploiement de l'archive [C:\Users\Ahmed Aziz\.gemini\antigravity\scratch\covoiturage\.tools\apache-tomcat-10.1.31\webapps\ROOT.war] de l'application web
04-May-2026 23:44:25.094 INFOS [main] org.apache.catalina.startup.HostConfig.deployWAR Le déploiement de l'archive de l'application web [C:\Users\Ahmed Aziz\.gemini\antigravity\scratch\covoiturage\.tools\apache-tomcat-10.1.31\webapps\ROOT.war] s'est terminé en [1 267] ms
04-May-2026 23:44:25.096 INFOS [main] org.apache.catalina.startup.HostConfig.deployDirectory Déploiement du répertoire d'application web [C:\Users\Ahmed Aziz\.gemini\antigravity\scratch\covoiturage\.tools\apache-tomcat-10.1.31\webapps\docs]
04-May-2026 23:44:25.285 INFOS [main] org.apache.catalina.startup.HostConfig.deployDirectory Le déploiement du répertoire [C:\Users\Ahmed Aziz\.gemini\antigravity\scratch\covoiturage\.tools\apache-tomcat-10.1.31\webapps\docs] de l'application web s'est terminé en [188] ms
04-May-2026 23:44:25.286 INFOS [main] org.apache.catalina.startup.HostConfig.deployDirectory Déploiement du répertoire d'application web [C:\Users\Ahmed Aziz\.gemini\antigravity\scratch\covoiturage\.tools\apache-tomcat-10.1.31\webapps\examples]
04-May-2026 23:44:26.657 INFOS [main] org.apache.catalina.startup.HostConfig.deployDirectory Le déploiement du répertoire [C:\Users\Ahmed Aziz\.gemini\antigravity\scratch\covoiturage\.tools\apache-tomcat-10.1.31\webapps\examples] de l'application web s'est terminé en [1 371] ms
04-May-2026 23:44:26.660 INFOS [main] org.apache.catalina.startup.HostConfig.deployDirectory Déploiement du répertoire d'application web [C:\Users\Ahmed Aziz\.gemini\antigravity\scratch\covoiturage\.tools\apache-tomcat-10.1.31\webapps\host-manager]
04-May-2026 23:44:26.869 INFOS [main] org.apache.catalina.startup.HostConfig.deployDirectory Le déploiement du répertoire [C:\Users\Ahmed Aziz\.gemini\antigravity\scratch\covoiturage\.tools\apache-tomcat-10.1.31\webapps\host-manager] de l'application web s'est terminé en [210] ms
04-May-2026 23:44:26.870 INFOS [main] org.apache.catalina.startup.HostConfig.deployDirectory Déploiement du répertoire d'application web [C:\Users\Ahmed Aziz\.gemini\antigravity\scratch\covoiturage\.tools\apache-tomcat-10.1.31\webapps\manager]
04-May-2026 23:44:27.096 INFOS [main] org.apache.catalina.startup.HostConfig.deployDirectory Le déploiement du répertoire [C:\Users\Ahmed Aziz\.gemini\antigravity\scratch\covoiturage\.tools\apache-tomcat-10.1.31\webapps\manager] de l'application web s'est terminé en [226] ms
04-May-2026 23:44:27.107 INFOS [main] org.apache.coyote.AbstractProtocol.start Démarrage du gestionnaire de protocole ["http-nio-8080"]
04-May-2026 23:44:27.183 INFOS [main] org.apache.catalina.startup.Catalina.start Le démarrage du serveur a pris [3425] millisecondes
04-May-2026 23:47:12.158 INFOS [Thread-2] org.apache.coyote.AbstractProtocol.pause Le gestionnaire de protocole ["http-nio-8080"] est mis en pause
04-May-2026 23:47:12.175 INFOS [Thread-2] org.apache.catalina.core.StandardService.stopInternal Arrêt du service [Catalina]
04-May-2026 23:47:12.181 AVERTISSEMENT [Thread-2] org.apache.catalina.loader.WebappClassLoaderBase.clearReferencesJdbc L'application web [ROOT] a enregistré un pilote JDBC [org.h2.Driver], mais ne l'a pas désenregistré avant l'arrêt de l'application.  Pour éviter une fuite de mémoire, le pilote JDBC a été désenregistré de force.
04-May-2026 23:47:12.195 INFOS [Thread-2] org.apache.coyote.AbstractProtocol.stop Arrêt du gestionnaire de protocole ["http-nio-8080"]
04-May-2026 23:47:12.202 INFOS [Thread-2] org.apache.coyote.AbstractProtocol.destroy Destruction du gestionnaire de protocole ["http-nio-8080"]
